MeshVersionFormatted 1
Dimension 3
Vertices
5431
16.094583034515381 7.3788207769393921 -0.39546052692458034 0
16.76053786277771 7.4778334498405457 -0.0017276518046855927 0
15.877646446228027 9.3733569383621216 -0.5010211355984211 0
16.610478639602661 9.3677761554718018 -0.069095423445105553 0
16.644849538803101 7.3876197934150696 -1.4361694827675819 0
17.347420454025269 7.4882369637489319 -1.1076606437563896 0
16.420894980430603 9.3788138628005981 -1.5273281112313271 0
17.193177461624146 9.3749676942825317 -1.1662154085934162 0
17.563984870910645 7.3662954568862915 -9.4589592218399048 0
17.317687034606934 9.3609533309936523 -9.4199841022491455 0
17.257812261581421 7.3513913750648499 -10.596086978912354 0
17.016884803771973 9.3500066995620728 -10.536696910858154 0
18.336911201477051 7.4736042618751526 -9.6306990385055542 0
18.171027660369873 9.357427716255188 -9.6094045639038086 0
18.013035535812378 7.4592263698577881 -10.848708987236023 0
17.8508141040802 9.3477933406829834 -10.812206745147705 0
16.473205924034119 9.1310251951217651 -9.2289854288101196 0
16.793813228607178 7.2226992249488831 -9.2860245704650879 0
16.192679405212402 9.1189395189285278 -10.261983275413513 0
16.506551742553711 7.2073802947998047 -10.345273613929749 0
15.722921013832092 8.7348505854606628 -9.0555129051208496 0
15.971477270126343 7.0525439977645874 -9.0993191003799438 0
15.461949825286865 8.7219999432563782 -10.013441443443298 0
15.705565452575684 7.0369988083839417 -10.076878070831299 0
17.414468050003052 9.3346074819564819 -11.973168730735779 0
16.86990761756897 9.3208726644515991 -13.081064939498901 0
16.608614683151245 9.3352856636047363 -11.61604368686676 0
16.09892201423645 9.3193162679672241 -12.648039221763611 0
17.572977066040039 7.4414129853248596 -12.024648666381836 0
17.023429393768311 7.4216111898422241 -13.146363258361816 0
16.842881202697754 7.3329061269760132 -11.695929050445557 0
16.325152039527893 7.3116592168807983 -12.748451948165894 0
14.670760273933411 8.686291515827179 -11.837123513221741 0
15.109641075134277 8.7051663994789124 -10.943086266517639 0
15.339338541030884 9.0851688385009766 -12.220889091491699 0
15.813023328781128 9.102948784828186 -11.262240767478943 0
14.902115821838379 6.994366466999054 -11.942789793014526 0
15.347562789916992 7.0174562931060791 -11.026779890060425 0
15.634468793869019 7.1660227179527283 -12.357922077178955 0
16.118449926376343 7.1883291602134705 -11.371922969818115 0
16.997455358505249 5.1400277018547058 -11.731733679771423 0
16.475907683372498 5.1114864945411682 -12.796150803565979 0
17.0568528175354 3.0154227763414383 -11.7195725440979 0
16.536733984947205 2.9852212965488434 -12.785849571228027 0
17.711650371551514 5.1974095106124878 -12.051053404808044 0
17.158773899078369 5.1689440608024597 -13.182688236236572 0
17.791579723358154 3.0302184075117111 -12.0396888256073 0
17.237285614013672 3.0003560781478882 -13.173815131187439 0
17.723495483398438 5.1823858022689819 -9.4720884561538696 0
17.415245771408081 5.1636582016944885 -10.620452761650085 0
17.779329061508179 3.059008777141571 -9.4593607187271118 0
17.472787141799927 3.039935827255249 -10.607616305351257 0
18.479645729064941 5.2401425242424011 -9.6364071369171143 0
18.153793811798096 5.22133469581604 -10.86468243598938 0
18.559823274612427 3.0733068585395813 -9.6227791309356689 0
18.233728408813477 3.0546617805957794 -10.851413726806641 0
15.762866139411926 5.0531627237796783 -12.397924304008484 0
16.248632669448853 5.0821349620819092 -11.401371240615845 0
15.799185156822205 2.9802923947572708 -12.382206797599792 0
16.281126618385315 3.011458083987236 -11.385193824768066 0
14.993732452392578 4.9992430806159973 -11.969898700714111 0
15.438646554946899 5.0288160145282745 -11.045825958251953 0
15.01311731338501 2.9805671125650406 -11.952961921691895 0
15.453120112419128 3.0125331282615662 -11.02959406375885 0
16.638187170028687 5.1059690117835999 -10.365523338317871 0
16.926707744598389 5.1250746846199036 -9.2975119352340698 0
16.667517900466919 3.036789208650589 -10.35043478012085 0
16.953874349594116 3.056870311498642 -9.2840890884399414 0
15.796854734420776 5.0529623627662659 -10.089529514312744 0
16.063419580459595 5.0723323225975037 -9.1060440540313721 0
15.808377861976624 3.038500189781189 -10.075295329093933 0
16.073976755142212 3.0592929422855377 -9.0939208269119263 0
16.529520273208618 -0.96835631670546718 -12.722857475280762 0
17.037340879440308 -0.94709677683567861 -11.657534718513489 0
16.55252480506897 0.97799317000317387 -12.755153298377991 0
17.068418502807617 1.0055505068376078 -11.690282702445984 0
17.282441139221191 -0.99419420623598853 -13.124988079071045 0
17.825857162475586 -0.97427339640125865 -11.987515091896057 0
17.287075996398926 0.96669252550782403 -13.151547312736511 0
17.843297719955444 0.9931375852538622 -12.018359661102295 0
17.441698312759399 -0.92783284373581409 -10.551484107971191 0
17.738777875900269 -0.91304872510954738 -9.4129685163497925 0
17.47996187210083 1.0288622509688139 -10.581681728363037 0
17.782710790634155 1.0467586112208664 -9.4380474090576172 0
18.25631856918335 -0.95500331214861944 -10.801836729049683 0
18.573404550552368 -0.94063179660588503 -9.5814292430877686 0
18.284667015075684 1.0160504222731106 -10.8320072889328 0
18.609333992004395 1.0332001699134707 -9.606661319732666 0
16.242660760879517 -0.92032094858586788 -11.322445392608643 0
15.771785140037537 -0.94201228126621572 -12.315718173980713 0
16.273141384124756 1.0269184205681086 -11.354152798652649 0
15.796891093254089 0.99831452861690195 -12.348664999008179 0
15.426882863044739 -0.90028990712016821 -10.976322174072266 0
14.995433926582336 -0.92206500796601176 -11.89512836933136 0
15.443190336227417 1.0472800293937325 -11.002818465232849 0
15.008931398391724 1.0181992766447365 -11.923200607299805 0
16.897203922271729 -0.88562200684100389 -9.2393602132797241 0
16.619019031524658 -0.9009303255006671 -10.295399069786072 0
16.937246799468994 1.0699265925213695 -9.2626681327819824 0
16.654571533203125 1.050980900414288 -10.323757886886597 0
16.036338329315186 -0.86455845087766647 -9.0575697422027588 0
15.775036692619324 -0.88063720799982548 -10.029698014259338 0
16.058769345283508 1.0916362628340721 -9.07657790184021 0
15.794542193412781 1.0718200709670782 -10.053057312965393 0
12.027202367782593 4.9639682769775391 -18.572464466094971 0
11.61650276184082 4.8834085762500763 -17.929827213287354 0
13.052511811256409 4.988535076379776 -17.853163957595825 0
12.590037822723389 4.9156489968299866 -17.2489914894104 0
12.816371917724609 9.2691676616668701 -17.535413026809692 0
12.938242316246033 7.3328837752342224 -17.691371440887451 0
11.7970871925354 9.2615745067596436 -18.179112911224365 0
11.91307270526886 7.3237919807434082 -18.357386827468872 0
12.306425809860229 9.2423357963562012 -16.833380937576294 0
12.4733065366745 7.1958109140396118 -17.06464958190918 0
11.353398323059082 9.226474404335022 -17.438367605209351 0
11.506991624832153 7.1760584115982056 -17.699535131454468 0
14.02252984046936 5.0234329402446747 -17.053359270095825 0
14.926551938056946 5.0615466833114624 -16.184125423431396 0
14.09885561466217 2.8111342936754227 -17.110743045806885 0
15.003618478775024 2.8711739182472229 -16.204643368721008 0
13.509684681892395 4.9558712244033813 -16.486704230308533 0
14.366513729095459 4.9984382688999176 -15.654710650444031 0
13.568172454833984 2.7935899794101715 -16.543609023094177 0
14.428060054779053 2.852576807141304 -15.677616357803345 0
17.471763134002686 5.2574843764305115 -1.0664365477859974 0
16.883682250976562 5.2457428574562073 0.043727818876504898 0
16.783263683319092 5.2105546593666077 -1.3866592794656754 0
16.230077385902405 5.2006493210792542 -0.34000722039490938 0
17.50992226600647 9.3690898418426514 -8.2783575654029846 0
18.373970031738281 9.3653275966644287 -8.380277156829834 0
17.758574485778809 7.3776214122772217 -8.2970691323280334 0
18.542080163955688 7.4844697117805481 -8.3870306015014648 0
17.593897581100464 9.3752038478851318 -7.1256363391876221 0
18.461856842041016 9.3722609281539917 -7.1425628066062927 0
17.841628789901733 7.3857670426368713 -7.1242520213127136 0
18.62998366355896 7.4921881556510925 -7.1357678174972534 0
18.772353887557983 5.2626225352287292 -7.1236978769302368 0
18.848032236099243 3.0942153036594391 -7.1105616688728333 0
18.685992479324341 5.2536654472351074 -8.3835000991821289 0
18.765660762786865 3.0861990451812744 -8.3705485463142395 0
17.999967336654663 5.2065760493278503 -7.1162796020507812 0
18.051442384719849 3.0825072824954987 -7.1047258973121643 0
17.91858434677124 5.1964931488037109 -8.2994514107704163 0
17.972630500793457 3.0729865729808807 -8.2873846292495728 0
14.490540623664856 0.98489487517508678 -12.811831116676331 0
13.884512901306152 0.94809839859954081 -13.660656690597534 0
14.479706525802612 -0.94426341008511372 -12.783683657646179 0
15.229081511497498 0.96565650552656734 -13.304366230964661 0
14.573885798454285 0.92945200504618697 -14.218156933784485 0
15.209648132324219 -0.96400222033116734 -13.272238731384277 0
13.198647379875183 0.90958503226283938 -14.462310791015625 0
13.837696075439453 0.89052958972752094 -15.087699890136719 0
13.776766657829285 9.2778931856155396 -16.80361270904541 0
13.904535531997681 7.3451855182647705 -16.937102079391479 0
13.205005049705505 9.257979154586792 -16.144295930862427 0
13.384742856025696 7.2168917059898376 -16.345363020896912 0
14.670720338821411 9.2880263328552246 -15.988033175468445 0
14.804020166397095 7.3614026308059692 -16.100407242774963 0
14.041474103927612 9.2736861705780029 -15.37590217590332 0
14.23371696472168 7.2399057745933533 -15.548190951347351 0
11.589989542961121 4.7886425256729126 -15.839672088623047 0
11.614801526069641 2.7507651746273041 -15.882328867912292 0
12.106814742088318 4.8479992151260376 -16.583565950393677 0
10.730316400527954 4.7492300868034363 -16.402309417724609 0
11.187385559082031 4.8111591935157776 -17.208942413330078 0
11.357395529747009 8.5732058882713318 -15.504161596298218 0
11.518629670143127 6.8436439037322998 -15.727372169494629 0
11.80211329460144 8.9867764115333557 -16.137344837188721 0
12.009844779968262 7.0287908315658569 -16.427405953407288 0
10.528727173805237 8.5468111038208008 -16.029800176620483 0
10.670939922332764 6.8114619851112366 -16.272734880447388 0
10.915102958679199 8.9643536806106567 -16.701846718788147 0
11.10109543800354 7.0010611414909363 -17.021596908569336 0
12.432878375053406 2.7973077148199081 -15.217614054679871 0
12.402078986167908 4.8329890370368958 -15.194535374641418 0
13.014989852905273 2.7928787171840668 -15.913341283798218 0
12.975210905075073 4.8910760283470154 -15.874889016151428 0
13.188803553581238 2.8479299396276474 -14.481198906898499 0
13.156319379806519 4.8788853287696838 -14.475248694419861 0
13.826132655143738 2.8472968190908432 -15.107250571250916 0
13.783285140991211 4.9359602630138397 -15.09385883808136 0
12.321716666221619 6.8757224082946777 -15.103720545768738 0
12.143278479576111 8.5982376933097839 -14.903658390045166 0
12.868436098098755 7.0567823648452759 -15.751222610473633 0
12.640279293060303 9.0080786943435669 -15.493073225021362 0
13.070364713668823 6.9074743390083313 -14.405503630638123 0
12.876376867294312 8.6217039227485657 -14.229636907577515 0
13.668529272079468 7.0852181911468506 -14.999143123626709 0
13.421062231063843 9.0284157991409302 -14.772954106330872 0
17.203267097473145 9.3827129602432251 -3.701635479927063 0
16.86370587348938 9.3817107677459717 -2.5980691015720367 0
18.03553295135498 9.3810437917709351 -3.4860561192035675 0
17.669709444046021 9.379114031791687 -2.3091330379247665 0
17.439253091812134 7.3947194814682007 -3.64406818151474 0
17.09411096572876 7.3926727771759033 -2.5229267925024033 0
18.194839715957642 7.4983595609664917 -3.4472740292549133 0
17.826987743377686 7.4948128461837769 -2.2601424157619476 0
15.969293713569641 8.7474624514579773 -7.082059919834137 0
15.891745328903198 8.7430399656295776 -8.0760794878005981 0
16.221520900726318 7.0724852681159973 -7.0858835577964783 0
16.143228530883789 7.0641759037971497 -8.1001219749450684 0
16.73453164100647 9.1450042724609375 -7.1045328974723816 0
16.653735041618347 9.1394416093826294 -8.173200249671936 0
17.058212041854858 7.2430027723312378 -7.1080036759376526 0
16.97771430015564 7.2344216704368591 -8.2035781145095825 0
17.19054388999939 5.1512188911437988 -7.1023218035697937 0
17.11105489730835 5.1400138735771179 -8.2064811587333679 0
16.315559267997742 5.0996379852294922 -7.0814598202705383 0
16.236445665359497 5.0877630114555359 -8.1013220548629761 0
17.214356660842896 3.0829202234745026 -7.092229962348938 0
17.136709213256836 3.0721363127231598 -8.1948079466819763 0
16.326473355293274 3.0872471630573273 -7.0730789303779602 0
16.247664451599121 3.0755084753036499 -8.0912373661994934 0
14.808302640914917 9.2891603708267212 -14.534244537353516 0
15.49652361869812 9.3041783571243286 -13.623420357704163 0
15.491062045097351 9.2988889217376709 -15.09496533870697 0
16.226650834083557 9.30945885181427 -14.125059843063354 0
15.012408494949341 7.2642520666122437 -14.679927825927734 0
15.712341547012329 7.2885374426841736 -13.745287537574768 0
15.630033850669861 7.3807024955749512 -15.188748717308044 0
16.373017072677612 7.4011707901954651 -14.203674912452698 0
15.893544316291809 7.0841040015220642 -4.0421784222126007 0
15.65130889415741 8.7515345215797424 -4.1021302938461304 0
16.691563367843628 7.2542580366134644 -3.8379380404949188 0
16.38154137134552 9.1514046192169189 -3.9143474400043488 0
15.596595406532288 7.0839809775352478 -3.0598199367523193 0
15.361369729042053 8.7510990500450134 -3.1397162675857544 0
16.369447112083435 7.2534489035606384 -2.7831102013587952 0
16.067782998085022 9.1509993076324463 -2.8845680058002472 0
15.954602837562561 8.7495412230491638 -6.0822545886039734 0
15.848418474197388 8.7508388161659241 -5.0856975317001343 0
16.71510124206543 9.1481643915176392 -6.0325619578361511 0
16.596999287605286 9.1502761840820312 -4.9663960933685303 0
16.205661654472351 7.078220009803772 -6.0650368332862854 0
16.096309781074524 7.0820708870887756 -5.0468244552612305 0
17.036289691925049 7.2489087581634521 -6.0091933608055115 0
16.913763761520386 7.2526455521583557 -4.9162479043006897 0
17.814499855041504 7.3911043405532837 -5.9523131847381592 0
17.679593563079834 7.3941028118133545 -4.7898871302604675 0
17.569434404373169 9.3790313005447388 -5.9729597568511963 0
17.438552856445312 9.3816545009613037 -4.8291049599647522 0
18.600115060806274 7.4968589544296265 -5.8903365731239319 0
18.453027725219727 7.4989663362503052 -4.6593772768974304 0
18.433636903762817 9.3769410848617554 -5.9087907075881958 0
18.290395259857178 9.3801401853561401 -4.6879712641239166 0
15.225656747817993 2.9426059573888779 -13.33755087852478 0
14.488662242889404 2.9420821964740753 -12.841768622398376 0
14.565450191497803 2.8980424404144287 -14.247115254402161 0
13.877663016319275 2.8973280638456345 -13.68718409538269 0
15.185622453689575 5.0188369750976562 -13.349491715431213 0
14.463008522987366 4.9640518426895142 -12.855778217315674 0
14.522889256477356 4.979360967874527 -14.250014185905457 0
13.847004175186157 4.9234724938869476 -13.693522691726685 0
16.81438946723938 5.16661137342453 -3.808373749256134 0
16.830276489257812 3.0954942405223846 -3.8048723638057709 0
15.982403993606567 5.1174525022506714 -4.0197417140007019 0
15.988860487937927 3.100976288318634 -4.0165864527225494 0
16.488832592964172 5.1662588119506836 -2.7467681467533112 0
16.50346040725708 3.0950817465782166 -2.7458489537239075 0
15.683116674423218 5.1181542277336121 -3.0322830677032471 0
15.689795970916748 3.1010302305221558 -3.030516117811203 0
17.058529615402222 3.0937630534172058 -4.8881790637969971 0
17.040286302566528 5.1641117334365845 -4.8941671252250671 0
16.194465756416321 3.0990655720233917 -5.0256300568580627 0
16.187481880187988 5.1140643358230591 -5.0302249193191528 0
17.187356472015381 3.0898131430149078 -5.9867939949035645 0
17.166182041168213 5.1590762734413147 -5.9950938820838928 0
16.307669401168823 3.0947985053062439 -6.0479129552841187 0
16.298855185508728 5.108234167098999 -6.0545492768287659 0
14.401987552642822 7.1136646866798401 -14.178554654121399 0
13.756861090660095 6.9385820627212524 -13.640821099281311 0
14.136727571487427 9.047972559928894 -13.983376264572144 0
13.548539519309998 8.6441581249237061 -13.488768458366394 0
15.06016206741333 7.1409598588943481 -13.295940279960632 0
14.370951414108276 6.9679496288299561 -12.817324161529541 0
14.778635621070862 9.0669224262237549 -13.130428552627563 0
14.149495840072632 8.6659454107284546 -12.688506364822388 0
14.810367584228516 5.108087956905365 -1.1573024652898312 0
15.290783524513245 5.1152923107147217 -2.0752237290143967 0
15.547284841537476 5.1538748741149902 -0.73510290030390024 0
16.065157055854797 5.1622509956359863 -1.7189458012580872 0
16.58173143863678 2.9645652174949646 -14.246201276779175 0
16.504207849502563 5.1361957788467407 -14.250832080841064 0
15.919812202453613 2.9485199004411697 -13.801306843757629 0
15.858032464981079 5.0779809951782227 -13.80707836151123 0
15.834335207939148 2.9218073338270187 -15.254034280776978 0
15.756788849830627 5.0998512804508209 -15.250506401062012 0
15.214321732521057 2.904423251748085 -14.764423012733459 0
15.152046918869019 5.039883941411972 -14.760509967803955 0
18.012436628341675 1.0672791665419936 -5.9165529608726501 0
15.656671285629272 9.1490484476089478 -1.8852813392877579 0
15.948614597320557 7.249784529209137 -1.7608466297388077 0
14.978820562362671 8.7493504881858826 -2.2042484134435654 0
15.206407070159912 7.0812143087387085 -2.1060128659009933 0
15.150612711906433 9.1449787616729736 -0.92719022370874882 0
15.432791829109192 7.2426764965057373 -0.78159936470910907 0
14.504806876182556 8.7460488080978394 -1.3064146563410759 0
14.726401090621948 7.0754885077476501 -1.1907014846801758 0
17.271832466125488 3.0914789438247681 -2.4739182442426682 0
17.23605489730835 5.2160282731056213 -2.480325847864151 0
17.953346252441406 5.2648561000823975 -2.2239532619714737 0
17.624811172485352 3.0925260186195374 -3.6005696058273315 0
18.38397741317749 3.099081426858902 -3.4018755257129669 0
17.585456609725952 5.2177788019180298 -3.6092038750648499 0
18.325246334075928 5.2684199810028076 -3.4162050485610962 0
15.884549975395203 0.90790541190654039 -15.239166617393494 0
16.630061626434326 0.93836495839059353 -14.225750684738159 0
16.638883948326111 -1.0112948957830667 -14.207342982292175 0
15.238186240196228 0.91247606766410172 -14.74027407169342 0
15.93965756893158 0.94694296981469961 -13.772035956382751 0
15.925283074378967 -0.98908463154657511 -13.742837429046631 0
18.017560720443726 3.0883092880249023 -5.9233635663986206 0
17.969549894332886 5.2131368517875671 -5.9345899224281311 0
18.809695959091187 3.0982638597488403 -5.8561955690383911 0
18.73925256729126 5.2676442265510559 -5.8706854581832886 0
17.874125242233276 3.0914128422737122 -4.7529313564300537 0
17.830389022827148 5.2167205214500427 -4.7632757425308228 0
18.65350604057312 3.0994455516338348 -4.6181670725345612 0
18.588144302368164 5.2692896127700806 -4.6335476338863373 0
17.162223339080811 1.0942881172522902 -5.9821314215660095 0
16.285413980484009 1.1196353528648615 -6.0446285009384155 0
18.891335248947144 1.0480478522367775 -7.0994098782539368 0
18.049237251281738 1.0650437930598855 -7.0932534337043762 0
18.812651634216309 1.0434724204242229 -8.3578148484230042 0
17.973047733306885 1.0586535902693868 -8.2711612582206726 0
17.117360591888428 1.0832863915711641 -8.1788078546524048 0
16.231916427612305 1.1063256794586778 -8.0784962177276611 0
17.19228458404541 1.0911252927035093 -7.0816815495491028 0
16.308276057243347 1.1155465580523014 -7.0647865533828735 0
17.42390251159668 7.5692928433418274 0.3960243851179257 0
15.730528235435486 11.057056307792664 -0.57151436619460583 0
17.285769939422607 9.5193618535995483 0.3351294556632638 0
16.768818855285645 10.694648265838623 0.037265724502503872 0
18.050205707550049 7.5814175009727478 -0.77952679095324129 0
16.267393112182617 11.057625889778137 -1.5892837420105934 0
17.906570196151733 9.5284214019775391 -0.83129250165075064 0
17.360865592956543 10.698313474655151 -1.080092373304069 0
17.143718242645264 11.044750571250916 -9.3899900913238525 0
16.84790313243866 11.040793657302856 -10.495020031929016 0
19.105885982513428 7.5743848085403442 -9.8004671335220337 0
18.353314161300659 10.673959016799927 -9.6550741195678711 0
18.95972728729248 9.5133358240127563 -9.7833125591278076 0
18.765923976898193 7.5600027441978455 -11.103186011314392 0
18.031867504119873 10.672550797462463 -10.878495573997498 0
18.622791528701782 9.5056426525115967 -11.068980932235718 0
15.889223337173462 10.68137538433075 -9.1091222763061523 0
15.62295937538147 10.669654250144958 -10.09321129322052 0
15.128610253334045 9.8231228590011597 -8.9296896457672119 0
14.986522912979126 8.5882359147071838 -8.8853672742843628 0
15.087698817253113 6.9316871762275696 -8.8975718021392822 0
14.883671402931213 9.8099596500396729 -9.8358482122421265 0
14.745855212211609 8.5749217867851257 -9.7695717811584473 0
14.845086097717285 6.9159945249557495 -9.7874431610107422 0
17.587568044662476 10.659528136253357 -12.058021783828735 0
18.16005277633667 9.4939736127853394 -12.307946443557739 0
17.034282684326172 10.64582884311676 -13.181608438491821 0
17.583922386169434 9.4825044870376587 -13.487955331802368 0
16.443941354751587 11.024128556251526 -11.561510562896729 0
15.939211130142212 11.008416891098022 -12.577566385269165 0
18.302941083908081 7.5427239537239075 -12.358575820922852 0
17.723847389221191 7.5242426991462708 -13.552828669548035 0
14.132866144180298 9.7745754718780518 -11.555747747421265 0
14.018134474754333 8.5373333096504211 -11.461637377738953 0
14.550473690032959 9.7925068140029907 -10.713431596755981 0
14.421148180961609 8.5572432279586792 -10.630444645881653 0
14.808307409286499 10.635767340660095 -11.950802803039551 0
15.261924982070923 10.651718139648438 -11.043472766876221 0
14.118348598480225 6.8716686964035034 -11.498029470443726 0
14.519482970237732 6.8958739638328552 -10.655998945236206 0
18.402286052703857 5.249064028263092 -12.3653883934021 0
17.822669744491577 5.2201807498931885 -13.566252946853638 0
18.493255615234375 3.0584320574998856 -12.350154995918274 0
17.909470558166504 3.0267520993947983 -13.554168820381165 0
19.203625679016113 5.2936016917228699 -9.7928627729415894 0
18.863495349884033 5.2738786935806274 -11.102440357208252 0
19.300442457199097 3.1041186451911926 -9.7760574817657471 0
18.956045389175415 3.0844869017601013 -11.084175109863281 0
14.165934562683105 4.9564383029937744 -11.510253429412842 0
14.56540834903717 4.9867325723171234 -10.663044929504395 0
14.176137089729309 2.9808929711580276 -11.497163414955139 0
14.571712017059326 3.0134862959384918 -10.651596903800964 0
14.890883803367615 5.0109955072402954 -9.7909679412841797 0
15.132877230644226 5.0301833748817444 -8.8971562385559082 0
14.89629065990448 3.039483368396759 -9.7813578844070435 0
15.139713406562805 3.0600328147411346 -8.8879638910293579 0
18.040021419525146 -1.0158562678843737 -13.528722405433655 0
18.620851039886475 -0.9992723801988177 -12.317099571228027 0
18.008848428726196 0.9699543546885252 -13.547741055488586 0
18.612498998641968 0.99620240536751226 -12.347084403038025 0
19.073680877685547 -0.97974349959986284 -11.048895835876465 0
19.412440061569214 -0.96562387037556618 -9.7474764585494995 0
19.083841562271118 1.0195801664958708 -11.080363035202026 0
19.434019565582275 1.036764204618521 -9.7729305028915405 0
14.580936312675476 -0.89132319763302803 -10.616254568099976 0
14.191110014915466 -0.91272191284224391 -11.457797527313232 0
14.572406530380249 1.059782262891531 -10.634516954421997 0
14.182841539382935 1.0308593255467713 -11.477517127990723 0
14.902377247810364 -0.8713329154998064 -9.7518088817596436 0
15.142697334289551 1.1041812431067228 -8.8774216175079346 0
14.895443201065063 1.0842043440788984 -9.7676656246185303 0
13.506340503692627 5.0646341145038605 -18.415729284286499 0
12.913676500320435 10.618077397346497 -17.686833143234253 0
13.285407662391663 9.452561616897583 -18.191938877105713 0
13.401893377304077 7.4599913358688354 -18.314496994018555 0
11.877284049987793 10.611951589584351 -18.332647800445557 0
12.20519745349884 9.4526838064193726 -18.869200468063354 0
12.316222071647644 7.4625640511512756 -19.000491142272949 0
12.186689615249634 10.959724903106689 -16.682182431221008 0
11.242715120315552 10.94449770450592 -17.267189979553223 0
14.525527596473694 5.0883444547653198 -17.596349477767944 0
15.474717855453491 5.1191682815551758 -16.701208472251892 0
14.619937062263489 2.8516601175069809 -17.632222414016724 0
15.564582705497742 2.9036462903022766 -16.709483504295349 0
18.14092230796814 5.2989228367805481 -0.75579641980584711 0
17.517036914825439 5.2852828502655029 0.42046861874405295 0
17.334754467010498 11.049112200737 -8.2621206641197205 0
19.171154975891113 9.5207253694534302 -8.4716230034828186 0
18.557598352432251 10.679029703140259 -8.4069672226905823 0
19.321285009384155 7.5853459239006042 -8.4727060198783875 0
17.420679569244385 11.055761814117432 -7.1234006285667419 0
19.265246868133545 9.5290309190750122 -7.1555930376052856 0
18.64892315864563 10.689139485359192 -7.1508527994155884 0
19.419031620025635 7.5929805040359497 -7.1428599953651428 0
19.519474744796753 5.3151785135269165 -7.1253721714019775 0
19.611563444137573 3.1223458349704742 -7.1100820899009705 0
19.422213315963745 5.307277500629425 -8.4600127935409546 0
19.522850036621094 3.1164793074131012 -8.445464015007019 0
13.722327589988708 0.99765096721239388 -12.293890237808228 0
13.169171094894409 0.96055389553657733 -13.067975044250488 0
13.729097604751587 -0.93410454574041069 -12.27400279045105 0
12.535707354545593 0.92176024671061896 -13.793326377868652 0
13.89132285118103 10.62685239315033 -16.951123237609863 0
14.303673386573792 9.455278754234314 -17.422630786895752 0
14.424694538116455 7.4632132649421692 -17.532457828521729 0
13.076404929161072 10.976703405380249 -16.010834932327271 0
14.801938652992249 10.635492324829102 -16.128572463989258 0
15.251659393310547 9.4607819318771362 -16.564464926719666 0
15.374608993530273 7.472905158996582 -16.659532904624939 0
13.905184388160706 10.990633845329285 -15.258486747741699 0
11.042250514030457 4.7404243350028992 -15.027121424674988 0
11.071580052375793 2.7535791546106339 -15.057545900344849 0
10.246629595756531 4.7000861167907715 -15.522767782211304 0
11.000627160072327 9.666469931602478 -15.00958240032196 0
10.923701047897339 8.4168927669525146 -14.870996832847595 0
10.993817329406738 6.7119108438491821 -14.960689663887024 0
11.442263126373291 10.551611304283142 -15.64828884601593 0
10.214486360549927 9.6413037776947021 -15.50063419342041 0
10.150038123130798 8.3886452317237854 -15.355865240097046 0
10.210733413696289 6.678020179271698 -15.451949834823608 0
10.596644043922424 10.530600070953369 -16.17547869682312 0
11.823980569839478 2.7978160083293915 -14.467952013015747 0
11.791430592536926 4.7854346036911011 -14.45125412940979 0
12.516482591629028 2.8466058969497681 -13.803416013717651 0
12.484431266784668 4.8321297764778137 -13.798598885536194 0
11.738504409790039 6.7460600733757019 -14.397730350494385 0
11.747042059898376 9.690409779548645 -14.448635697364807 0
11.661066889762878 8.4436073899269104 -14.31829559803009 0
12.240195631980896 10.573013782501221 -15.04292356967926 0
12.431877613067627 6.7798247337341309 -13.760990738868713 0
12.440875172615051 9.7127000093460083 -13.813929677009583 0
12.348725080490112 8.4682754874229431 -13.693109393119812 0
12.982936382293701 10.591855883598328 -14.363121867179871 0
17.038120985031128 11.059335350990295 -3.7402636706829071 0
16.703322172164917 11.058395385742188 -2.6492436528205872 0
18.218867063522339 10.701137542724609 -3.4370754659175873 0
18.809691190719604 9.5383343696594238 -3.2856726050376892 0
17.845547914505005 10.700016736984253 -2.2417409420013428 0
18.417866230010986 9.5346299409866333 -2.041130393743515 0
18.954873085021973 7.5954920053482056 -3.2500779032707214 0
18.565204381942749 7.5898798704147339 -1.9974573403596878 0
15.219031929969788 8.5979645848274231 -7.05735844373703 0
15.371711492538452 9.8287546634674072 -7.0625154376029968 0
15.143791675567627 8.5956435799598694 -7.9799409508705139 0
15.290852546691895 9.8289676904678345 -8.0029089450836182 0
15.322099208831787 6.9505308866500854 -7.0588043332099915 0
15.245563268661499 6.9429594278335571 -7.9870269298553467 0
16.147671103477478 10.687400937080383 -7.0873757600784302 0
16.064226627349854 10.686510682106018 -8.1039401888847351 0
15.374386072158813 5.0568735003471375 -7.0540108680725098 0
15.293390512466431 5.0452345013618469 -7.9839802980422974 0
15.388714909553528 3.0883932113647461 -7.0473617911338806 0
15.305445790290833 3.0761668682098389 -7.9758785963058472 0
14.665645003318787 10.999054312705994 -14.432722210884094 0
15.345494031906128 11.003453016281128 -13.537248015403748 0
15.63869571685791 10.64279043674469 -15.225934624671936 0
16.124865770339966 9.468575119972229 -15.625952482223511 0
16.384935259819031 10.644178152084351 -14.241880655288696 0
16.904853820800781 9.4752591848373413 -14.599452018737793 0
16.249585509300232 7.4880767464637756 -15.708803415298462 0
17.03697943687439 7.5058774352073669 -14.674216270446777 0
15.033747553825378 6.9615378975868225 -4.258753627538681 0
15.08224630355835 9.8237842321395874 -4.2430177927017212 0
14.936871886253357 8.5970764756202698 -4.2824653685092926 0
15.819641590118408 10.683205723762512 -4.0527621805667877 0
14.764379262924194 6.9617048501968384 -3.3569176495075226 0
14.811050534248352 9.8217390775680542 -3.3323222100734711 0
14.672042369842529 8.5957037806510925 -3.3879703283309937 0
15.52260160446167 10.68110978603363 -3.0722126960754395 0
15.362517118453979 9.826939582824707 -6.1169961094856262 0
15.209450483322144 8.5979328155517578 -6.1274930238723755 0
15.264074444770813 9.8256158828735352 -5.1739737987518311 0
15.115276694297791 8.5976338982582092 -5.1981764435768127 0
16.133201956748962 10.6854088306427 -6.0679116249084473 0
16.022082686424255 10.684519648551941 -5.0539072155952454 0
15.312631607055664 6.9557017087936401 -6.1212596893310547 0
15.21678638458252 6.9593915939331055 -5.1826073527336121 0
17.397564649581909 11.05518639087677 -5.9842864871025085 0
17.269322872161865 11.05692458152771 -4.8543248176574707 0
19.391873359680176 7.5971351861953735 -5.8232269287109375 0
19.231096506118774 7.5979965329170227 -4.5257622003555298 0
19.236301183700562 9.5347204208374023 -5.846410870552063 0
18.620877504348755 10.692904353141785 -5.897600531578064 0
19.082661151885986 9.5382376909255981 -4.5552785098552704 0
18.47733998298645 10.69752037525177 -4.6576307713985443 0
13.709087371826172 2.9412851333618164 -12.31371283531189 0
13.152521729469299 2.8957545161247253 -13.085173845291138 0
13.68997061252594 4.9198804795742035 -12.324154853820801 0
13.12437379360199 4.8778302073478699 -13.088674068450928 0
15.087216734886169 5.0750113129615784 -4.2431464195251465 0
15.100986957550049 3.1022616624832153 -4.2343382835388184 0
14.81683361530304 5.0763257145881653 -3.3380614221096039 0
14.83228075504303 3.1025673151016235 -3.3274516761302948 0
15.281782031059265 3.1006876528263092 -5.1645097732543945 0
15.270495653152466 5.0715188384056091 -5.1710721254348755 0
15.37869131565094 3.0964407324790955 -6.1072882413864136 0
15.366838693618774 5.0655648708343506 -6.113563060760498 0
13.069284200668335 6.8126139044761658 -13.059308052062988 0
13.664395093917847 10.606144189834595 -13.617836833000183 0
12.979852914810181 8.491970419883728 -13.002704381942749 0
13.076154112815857 9.7336809635162354 -13.115066289901733 0
13.63695752620697 6.8436492085456848 -12.303165435791016 0
14.274070501327515 10.621026515960693 -12.811473369598389 0
13.539436101913452 8.5154467821121216 -12.255756139755249 0
13.641424655914307 9.7549549341201782 -12.359195232391357 0
14.018018484115601 5.0681806206703186 -1.6087142452597618 0
14.473219871520996 3.1014536619186401 -2.4501762688159943 0
14.45810866355896 5.0745410323143005 -2.4574337750673294 0
17.222469568252563 2.990653321146965 -14.686125874519348 0
17.135646104812622 5.1880165338516235 -14.693776607513428 0
16.437638640403748 2.9498108476400375 -15.734741806983948 0
16.348190784454346 5.153418242931366 -15.736181378364563 0
15.134707927703857 10.677369832992554 -2.1189541071653366 0
14.453028917312622 9.8179501295089722 -2.4451234340667725 0
14.320783257484436 8.5929787755012512 -2.5141818821430206 0
14.409138560295105 6.9593216180801392 -2.4760076850652695 0
14.651976704597473 10.675131320953369 -1.2053096294403076 0
14.001076817512512 9.815028190612793 -1.5946713089942932 0
13.876495957374573 8.5897132754325867 -1.6754100918769836 0
13.967265367507935 6.9538588523864746 -1.6283762380480766 0
18.65334153175354 5.3085869550704956 -1.9753290563821793 0
19.118855953216553 3.1176826059818268 -3.2070146501064301 0
19.046382665634155 5.3148092031478882 -3.2278911769390106 0
16.520476937294006 0.92130155907943845 -15.731821537017822 0
17.305965900421143 0.94512974144890904 -14.677884221076965 0
17.359271287918091 -1.0244694459252059 -14.676982164382935 0
19.572142362594604 3.1237894594669342 -5.7842998504638672 0
19.490434885025024 5.318512499332428 -5.8022400140762329 0
19.407823801040649 3.1210720539093018 -4.4822627305984497 0
19.327574968338013 5.3181144595146179 -4.5032473802566528 0
15.378708720207214 1.1365635022521019 -6.1055004596710205 0
19.732100009918213 1.0471971093211323 -7.1004912853240967 0
19.653503179550171 1.0450126982759684 -8.4412859082221985 0
15.313077449798584 1.1198924798518419 -7.9686022996902466 0
15.394752621650696 1.1309159137308598 -7.043010413646698 0
15.78327214717865 7.3726262748241425 0.10379691491834819 0
16.17900362610817 6.2880624383687973 -0.35823060350958258 0
16.382068455219269 7.3837472647428513 -0.90924483246635646 0
15.98980188369751 8.4236702919006348 -0.44521727587562054 0
16.424085915088654 7.4328217059373856 -0.20139479066710919 0
15.766121059656143 7.3155369460582733 -0.58762775384820998 0
16.428682446479797 7.470732793211937 0.52873242646455765 0
16.833627879619598 6.360237717628479 0.027740864083170891 0
17.066979289054871 7.4835887551307678 -0.5479895556345582 0
16.680719137191772 8.5098922103643417 -0.036674242932349443 0
17.096342265605927 7.5209568738937378 0.19894427750841714 0
15.569904714822769 9.36905637383461 -0.0082502607256174088 0
16.161629170179367 9.3764711022377014 -1.0077779581770301 0
15.782945603132248 10.245334386825562 -0.54805815080180764 0
16.249431192874908 9.4006321132183075 -0.28238695533946157 0
15.507311314344406 9.2875920236110687 -0.71821615984663367 0
16.280815750360489 9.362375408411026 0.45754552632570267 0
16.914757609367371 9.3718495070934296 -0.61106087127700448 0
16.617338001728058 10.084892451763153 -0.058084374060854316 0
16.957140862941742 9.3742118179798126 0.13727090018801391 0
16.731334030628204 6.2980428040027618 -1.4035021420568228 0
16.882379353046417 7.390555813908577 -1.9746062215417624 0
16.53697994351387 8.430729016661644 -1.4792489297688007 0
16.992164015769958 7.4424509108066559 -1.2738375514745712 0
16.299119055271149 7.3234841525554657 -1.597543491050601 0
17.421723425388336 6.3719322085380554 -1.0815682923421264 0
17.601032793521881 7.4919282644987106 -1.6789689268916845 0
17.265642404556274 8.5185362547636032 -1.1380856623873115 0
17.702730476856232 7.5321638584136963 -0.94157748259021901 0
16.655051380395889 9.3805166184902191 -2.057986767962575 0
16.322423189878464 10.248803198337555 -1.5681065432727337 0
16.812437683343887 9.4069456458091736 -1.3442061236128211 0
16.031366974115372 9.2922791838645935 -1.709660230204463 0
17.445055603981018 9.3773245811462402 -1.7328193569555879 0
17.201195299625397 10.090552896261215 -1.1581757047679275 0
17.559194803237915 9.3823147118091583 -0.99477214249782264 0
17.181843876838684 7.299015149474144 -9.3733849823474884 0
17.675273180007935 7.3723644912242889 -8.8802237957715988 0
17.94681453704834 7.4245039075613022 -9.5442347526550293 0
17.42480081319809 7.3593318909406662 -10.031504064798355 0
17.445226430892944 8.4116018116474152 -9.4413618743419647 0
17.661046504974365 6.2736761569976807 -9.4700950980186462 0
16.887186616659164 9.274372786283493 -9.3230973184108734 0
17.427270948886871 9.3651612401008606 -8.8513652831315994 0
17.750402331352234 9.3891704380512238 -9.5164763331413269 0
17.18096137046814 9.356042891740799 -9.9823744893074036 0
17.208229899406433 10.232589691877365 -9.4008516073226929 0
16.884898126125336 7.2838894873857498 -10.471614986658096 0
17.631717085838318 7.4098492413759232 -10.721011132001877 0
17.063634097576141 7.3425555676221848 -11.151348471641541 0
17.141511380672455 8.3990375250577927 -10.568650364875793 0
17.35323965549469 6.2564657628536224 -10.614767521619797 0
16.596551418304443 9.2628213763237 -10.397094458341599 0
17.439649164676666 9.378871887922287 -10.676498413085938 0
16.825941264629364 9.3430269062519073 -11.081677824258804 0
16.910244673490524 10.224018782377243 -10.50917175412178 0
18.45421439409256 7.4794051945209503 -9.0108042657375336 0
18.726019978523254 7.5210725516080856 -9.7166703939437866 0
18.189931333065033 7.4669252187013626 -10.24417918920517 0
18.249300837516785 8.502713605761528 -9.6204404532909393 0
18.418734312057495 6.3570853471755981 -9.6370610296726227 0
18.28676164150238 9.36129030585289 -8.9968595504760742 0
18.575492739677429 9.3655434250831604 -9.6984546780586243 0
18.02597588300705 9.353131502866745 -10.215368270874023 0
18.179796993732452 10.070318788290024 -9.6151096820831299 0
18.393770277500153 7.5068388432264328 -10.976870596408844 0
17.807094037532806 7.4506686478853226 -11.442721217870712 0
17.927090644836426 8.4912145137786865 -10.830438703298569 0
18.093614637851715 6.3399070501327515 -10.861847072839737 0
18.246491074562073 9.3567304611206055 -10.943231165409088 0
17.646619200706482 9.3415673077106476 -11.398585170507431 0
17.860356271266937 10.063419789075851 -10.819672554731369 0
16.575904786586761 9.135556697845459 -8.703295886516571 0
16.08277428150177 8.9461159855127335 -9.1392550766468048 0
16.345507711172104 9.125576376914978 -9.7489781379699707 0
16.661875218153 8.2208926528692245 -9.2643369734287262 0
16.218692809343338 9.9516637921333313 -9.1779278814792633 0
16.89873081445694 7.2289748787879944 -8.7470757067203522 0
16.392741501331329 7.1397435516119003 -9.1952214539051056 0
16.663055539131165 7.2155244499444962 -9.8191740810871124 0
16.878823041915894 6.1771811544895172 -9.296324223279953 0
15.81217634677887 8.9335895627737045 -10.133415043354034 0
16.015068709850311 9.1113263964653015 -10.766803324222565 0
16.377190351486206 8.2075951397418976 -10.312993288040161 0
15.944206535816193 9.940072774887085 -10.189602851867676 0
16.115773916244507 7.1242785006761551 -10.21453669667244 0
16.324837863445282 7.1983030885457993 -10.863223224878311 0
16.590353906154633 6.1597024351358414 -10.361793786287308 0
15.818725794553757 8.7394648343324661 -8.568115621805191 0
15.36653944849968 8.585975170135498 -8.9726024568080902 0
15.604079514741898 8.7290710210800171 -9.5375339686870575 0
15.871354311704636 7.9545604735612869 -9.0830526649951935 0
15.4880490899086 9.3666321188211441 -9.0074688792228699 0
16.069055378437042 7.0588173717260361 -8.6020820438861847 0
15.534852415323257 6.9776690453290939 -8.9996562898159027 0
15.85035902261734 7.0452923029661179 -9.5911466181278229 0
16.0324467420578 6.0760512501001358 -9.1063152253627777 0
15.115382045507431 8.5728756785392761 -9.8946358859539032 0
15.296985745429993 8.713933140039444 -10.482277989387512 0
15.607219576835632 7.9408252537250519 -10.052796334028244 0
15.23301437497139 9.353914275765419 -9.9455474019050598 0
15.280483722686768 6.9620634168386459 -9.9339596033096313 0
15.537749171257019 7.0277059823274612 -10.555695235729218 0
15.765829741954803 6.0584135353565216 -10.088263511657715 0
17.423024654388428 10.050493061542511 -11.981831818819046 0
17.79674905538559 9.344310462474823 -12.143900185823441 0
17.488813698291779 8.4766534417867661 -11.998588889837265 0
17.017119884490967 9.3649155795574188 -11.796850442886353 0
17.155263304710388 9.3275104165077209 -12.534485846757889 0
16.877503454685211 10.037087202072144 -13.090395331382751 0
17.235945045948029 9.3317091464996338 -13.28857696056366 0
16.941785991191864 8.4610818028450012 -13.11319500207901 0
16.489627480506897 9.3500550389289856 -12.867019087076187 0
16.559877842664719 9.3148151636123657 -13.611668705940247 0
16.504931688308716 10.209024697542191 -11.579743295907974 0
16.729695975780487 8.3831624686717987 -11.658682137727737 0
16.202674984931946 9.2474019825458527 -11.436067461967468 0
16.365932464599609 9.3272323310375214 -12.138571739196777 0
15.998698234558105 10.193567425012589 -12.602140814065933 0
16.215775579214096 8.3654260039329529 -12.701422601938248 0
15.711067080497742 9.2304297387599945 -12.430528253316879 0
15.808735132217407 9.3116080760955811 -13.14335310459137 0
17.941806495189667 7.4893442690372467 -12.192471623420715 0
17.652181506156921 6.3184702843427658 -12.044439643621445 0
17.204114675521851 7.3916827291250229 -11.858127593994141 0
17.311487793922424 7.4316602200269699 -12.593019843101501 0
17.377002835273743 7.4702764600515366 -13.350357979536057 0
17.100528478622437 6.2937891632318497 -13.172288179397583 0
16.670391112565994 7.3711158037185669 -12.94450706243515 0
16.710154831409454 7.4114025086164474 -13.683605939149857 0
16.936143338680267 6.2350250631570816 -11.722155779600143 0
16.483063876628876 7.2651119977235794 -11.534908890724182 0
16.596428781747818 7.3225662708282471 -12.228679835796356 0
16.41565990447998 6.2097635120153427 -12.78230282664299 0
15.981811493635178 7.2432814985513687 -12.554242193698883 0
16.030104964971542 7.3002834469079971 -13.254302233457565 0
14.456842392683029 9.3186073452234268 -11.728780001401901 0
14.355147361755371 8.5363373458385468 -11.654220819473267 0
14.808043509721756 7.903065413236618 -11.901539653539658 0
14.990361303091049 8.8987254649400711 -12.022096067667007 0
14.900653392076492 8.6958893239498138 -11.394992649555206 0
14.420271247625351 8.6763259023427963 -12.268590778112411 0
14.887732267379761 9.3369790762662888 -10.855103939771652 0
14.776580542325974 8.5556633919477463 -10.790724575519562 0
15.251238465309143 7.9232612997293472 -10.994578331708908 0
15.446423947811127 8.9171342104673386 -11.097076177597046 0
15.107391238212585 9.9067094027996063 -12.104810237884521 0
15.51231062412262 8.1714913696050644 -12.303704619407654 0
15.587470769882202 9.0941238701343536 -11.747275918722153 0
15.069451779127121 9.0760971903800964 -12.682225048542023 0
15.572306156158447 9.9236920177936554 -11.168267577886581 0
15.992322564125061 8.1907429844141006 -11.328942507505417 0
14.514669418334961 6.9187135547399521 -11.722721219062805 0
14.96125340461731 6.009867936372757 -11.964400589466095 0
15.276708662509918 7.0822589993476868 -12.155451357364655 0
15.135515332221985 7.0063197761774063 -11.489391565322876 0
14.647286951541901 6.9815814048051834 -12.385819137096405 0
14.938605397939682 6.9422628730535507 -10.843497514724731 0
15.407177627086639 6.0364187434315681 -11.042819559574127 0
15.742222011089325 7.1049723476171494 -11.203652799129486 0
15.714943736791611 6.1121255978941917 -12.387881845235825 0
15.888092160224915 7.1775414049625397 -11.870460152626038 0
15.358264029026031 7.1538149267435074 -12.833388775587082 0
16.200766324996948 6.1380216926336288 -11.394844949245453 0
16.628908157348633 5.1107029169797897 -11.568778783082962 0
17.357345640659332 5.1692247539758682 -11.891927897930145 0
17.034973204135895 4.06209871545434 -11.729320138692856 0
16.749245434999466 5.1263748407363892 -12.270305514335632 0
17.219725966453552 5.1524528861045837 -11.181445896625519 0
16.124687194824219 5.0819750353693962 -12.599638700485229 0
16.819584339857101 5.1407814025878906 -12.989740639925003 0
16.51367312669754 4.03168635815382 -12.795498758554459 0
16.178488045930862 5.0953570753335953 -13.308623701334 0
16.674681693315506 3.0124106854200363 -11.554573059082031 0
17.428774118423462 3.0211426019668579 -11.881006419658661 0
17.066774487495422 1.9974300012308959 -11.705542773008347 0
16.809442728757858 3.0010607950389385 -12.258863687515259 0
17.278216779232025 3.028362650424242 -11.168861597776413 0
16.173189461231232 2.9817238710820675 -12.586645096540451 0
16.891029208898544 2.9912701919674873 -12.981134742498398 0
16.548535972833633 1.9685155028055306 -12.771101623773575 0
16.239824503660202 2.9677568189799786 -13.300130516290665 0
18.060065269470215 5.2241624444723129 -12.208932727575302 0
17.756433248519897 4.0955518297851086 -12.048224836587906 0
17.448625564575195 5.1837228089570999 -12.624410837888718 0
17.946991920471191 5.2099611461162567 -11.464011937379837 0
17.493220865726471 5.1955514997243881 -13.37489265203476 0
17.202811121940613 4.065118744969368 -13.181788772344589 0
16.843499839305878 5.1530946046113968 -13.725092887878418 0
18.146122574806213 3.0426487177610397 -12.195958703756332 0
17.819673359394073 1.9974125554490456 -12.028661668300629 0
17.528050780296326 3.0159512124955654 -12.614255458116531 0
18.027072310447693 3.0431308634579182 -11.451584994792938 0
17.576450347900391 3.0122572742402554 -13.364592552185059 0
17.264579772949219 1.9693245188300352 -13.16249281167984 0
16.921205431222916 2.9832788109779358 -13.717939764261246 0
17.331623196601868 5.1532894223928452 -9.3864433765411377 0
18.105208396911621 5.2115935832262039 -9.5551690757274628 0
17.760025203227997 4.1062286049127579 -9.4676175713539124 0
17.583380401134491 5.173637792468071 -10.050188779830933 0
17.835320353507996 5.1899787485599518 -8.8879199475049973 0
17.033000588417053 5.1343946754932404 -10.494919866323471 0
17.787863314151764 5.1929185539484024 -10.74331071972847 0
17.452278852462769 4.0868533402681351 -10.616837441921234 0
17.372637629508972 3.0568760111927986 -9.3733296692371368 0
18.174780368804932 3.0641814470291138 -9.5424284636974335 0
17.785519957542419 2.0395706641720608 -9.4489574730396271 0
17.64000940322876 3.0501489788293839 -10.037296175956726 0
17.890338599681854 3.0665947869420052 -8.8754951357841492 0
17.076134085655212 3.0373126938939095 -10.480922192335129 0
17.858358204364777 3.0454537943005562 -10.73096439242363 0
17.480703771114349 2.0211805137805641 -10.595120638608932 0
18.846040487289429 5.2676170766353607 -9.7156794369220734 0
18.524917900562286 4.139856219291687 -9.6309192180633545 0
18.331522822380066 5.2314289063215256 -10.254876852035522 0
18.597892343997955 5.247534915804863 -9.0117794871330261 0
18.512512683868408 5.2484677135944366 -10.984436213970184 0
18.198767066001892 4.1205670312047005 -10.860207259654999 0
18.934897422790527 3.0865606963634491 -9.7005947828292847 0
18.587061941623688 2.0384397420566529 -9.614016592502594 0
18.411371052265167 3.0647431239485741 -10.241152584552765 0
18.678211152553558 3.0804323703050613 -8.9985066801309586 0
18.599442541599274 3.0676445588469505 -10.969104051589966 0
18.261440753936768 2.0207719192112563 -10.841085761785507 0
15.38702204823494 5.0254514440894127 -12.188760131597519 0
15.787768959999084 4.0041972659528255 -12.394036829471588 0
16.017459481954575 5.0683072581887245 -11.904916435480118 0
15.485403507947922 5.0366798117756844 -12.879685759544373 0
15.853066325187683 5.0547104552388191 -11.227667987346649 0
16.272076815366745 4.0351275615394115 -11.39649111032486 0
16.455752849578857 5.0946781188249588 -10.888002336025238 0
15.413051098585129 2.9801618233323097 -12.171367973089218 0
15.800948083400726 1.9791106392822257 -12.365920692682266 0
16.051811814308167 2.9966461509466171 -11.88868173956871 0
15.523661762475967 2.9623084515333176 -12.86531463265419 0
15.874501466751099 3.0117654167115688 -11.210509330034256 0
16.28005662560463 2.0093229101039469 -11.370180636644363 0
16.486553877592087 3.0248113758862019 -10.87226939201355 0
14.585776805877686 4.9758134335279465 -11.743132352828979 0
15.008153557777405 3.9827300794422626 -11.964385390281677 0
15.226667821407318 5.0147238299250603 -11.512103199958801 0
14.739344626665115 4.9823577553033829 -12.418145895004272 0
15.008413761854172 5.0057304501533508 -10.85717499256134 0
15.45096293091774 4.014302633702755 -11.040012866258621 0
15.62894880771637 5.0415515527129173 -10.571492791175842 0
14.600455433130264 2.9809851869940758 -11.727917462587357 0
15.012188374996185 1.9924811787204817 -11.938332319259644 0
15.24329087138176 2.9973508305847645 -11.495216637849808 0
14.761830687522888 2.9621536694467068 -12.402066916227341 0
15.018388360738754 3.0132703706622124 -10.843079447746277 0
15.449176460504532 2.023521069670096 -11.016539335250854 0
15.641763091087341 3.0262156873941422 -10.556238770484924 0
16.227305293083191 5.078713983297348 -10.230860710144043 0
16.660444259643555 4.0602934584021568 -10.360418319702148 0
16.795363008975983 5.1160778105258942 -9.8350034654140472 0
16.505167186260223 5.0980021357536316 -9.2043576538562775 0
16.948160469532013 4.0803232565522194 -9.2924720942974091 0
17.032009124755859 5.1330299377441406 -8.7542655616998672 0
16.245434015989304 3.0374801233410835 -10.215457886457443 0
16.664022266864777 2.0341278326231986 -10.337554156780243 0
16.823473215103149 3.0474545359611511 -9.8207035064697266 0
16.5215003490448 3.0580048859119415 -9.1911243498325348 0
16.948639690876007 2.0537325299810618 -9.2737065553665161 0
17.058395087718964 3.065082311630249 -8.741740807890892 0
15.350244551897049 5.0299706906080246 -9.9425563812255859 0
15.807938188314438 4.0399047583341599 -10.084074109792709 0
15.941849827766418 5.063179075717926 -9.6007689833641052 0
15.604858428239822 5.0493108630180359 -9.0033754706382751 0
16.07404613494873 4.060406468808651 -9.1010608375072479 0
16.161604642868042 5.0805007517337799 -8.6060099899768829 0
15.358084917068481 3.0393383055925369 -9.9304332733154297 0
15.802477836608887 2.0490411347709596 -10.064515590667725 0
15.952577918767929 3.0494911149144173 -9.5875829458236694 0
15.612861722707748 3.0601603090763092 -8.9927701354026794 0
16.067466229200363 2.0695250909775496 -9.085475891828537 0
16.172397792339325 3.067950464785099 -8.5949314683675766 0
16.152040868997574 -0.95483183846044994 -12.520446538925171 0
16.504182249307632 -1.9459349563767319 -12.70775780081749 0
16.905796110630035 -0.98175425847330189 -12.924016237258911 0
16.546814799308777 0.0026904971600743011 -12.738805085420609 0
16.79606294631958 -0.95764458903613559 -12.19566336274147 0
16.238873451948166 -0.97893523811762861 -13.238715887069702 0
16.641662120819092 -0.93330881806650723 -11.490970999002457 0
17.007202863693237 -1.930836002497017 -11.641498297452927 0
17.431478679180145 -0.96098493343379232 -11.822821199893951 0
17.05940169095993 0.027977258901955793 -11.674158096313477 0
17.252753019332886 -0.93704786632770265 -11.109224110841751 0
16.177947789430618 0.98761516451668285 -12.553810447454453 0
16.92183119058609 0.97062635401925945 -12.953972578048706 0
16.823183119297028 0.99222835174259671 -12.228564977645874 0
16.257623106241226 0.96288477242524095 -13.269744634628296 0
16.674205899238586 1.0157505900915567 -11.523725032806396 0
17.457531630992889 0.99758917162034777 -11.854827135801315 0
17.287566304206848 1.017811263756812 -11.141067832708359 0
17.254608988761902 -1.9722723170216341 -13.109778612852097 0
17.660251021385193 -1.0055901970281411 -13.32636085152626 0
17.295965909957886 -0.017745262590324273 -13.139528959989548 0
17.568050861358643 -0.98442477169373888 -12.5629623234272 0
16.971796125173569 -1.0032586107063253 -13.673234313726425 0
17.787216246128082 -1.9585479194593063 -11.968616932630539 0
18.221855044364929 -0.98701745042671973 -12.152110010385513 0
17.849632441997528 0.0062800752093608025 -12.005678802728653 0
18.055424809455872 -0.96428470250430109 -11.400016516447067 0
17.64912611246109 0.96639931541540136 -13.349071979522705 0
17.579199969768524 0.98020610404273611 -12.592309564352036 0
16.969753861427307 0.95270832013011386 -13.696038991212845 0
18.227644324302673 0.99255543431172555 -12.182054132223129 0
18.078682363033295 1.0051860107832908 -11.431118577718735 0
17.032149016857147 -0.91400056076236069 -10.424341648817062 0
17.407578885555267 -1.9164401409216225 -10.536178827285767 0
17.849232852458954 -0.94173211425368208 -10.677193462848663 0
17.467860400676727 0.050138608552515507 -10.567177057266235 0
17.603824138641357 -0.91973777476232499 -9.9856278598308563 0
17.319618284702301 -0.89897187158931047 -9.3269557356834412 0
17.701609134674072 -1.9050174084259197 -9.400040864944458 0
18.156200647354126 -0.92716466693673283 -9.4976944029331207 0
17.768072962760925 0.067057265667244792 -9.4261959493160248 0
17.846113204956055 -0.90786275512073189 -8.8348615914583206 0
17.070750832557678 1.039439159212634 -10.453995525836945 0
17.884001612663269 1.0206120479124365 -10.70746836066246 0
17.64515882730484 1.0385593922110274 -10.013537287712097 0
17.363286793231964 1.0578524050069973 -9.3514292240142822 0
18.197424590587616 1.0380672024330124 -9.5229742527008057 0
17.892159759998322 1.0534574849298224 -8.856744572520256 0
18.209819138050079 -1.9440961196814897 -10.782817959785461 0
18.664089798927307 -0.96766693980316631 -10.925656616687775 0
18.288071513175964 0.028218331310199574 -10.820237785577774 0
18.428868472576141 -0.94694656397041399 -10.194974660873413 0
18.521803557872772 -1.9329440456349403 -9.5653296113014221 0
18.991710662841797 -0.9534511768433731 -9.6645607054233551 0
18.610246002674103 0.044529278296977282 -9.5970274806022644 0
18.68862247467041 -0.9361883953679353 -8.9624687284231186 0
18.683949768543243 1.0155741898634005 -10.956053763628006 0
18.46147608757019 1.0254740614182083 -10.223147600889206 0
19.020758986473083 1.0326137563970406 -9.6897622048854828 0
18.726854562759399 1.0392069041263312 -8.9842999130487442 0
16.221244424581528 -1.9069924219511449 -11.30827134847641 0
15.838384956121445 -0.9090192758012563 -11.151161313056946 0
16.260602295398712 0.053839004598557949 -11.337958365678787 0
16.018816620111465 -0.93099912794241391 -11.823495864868164 0
16.442875564098358 -0.91021794662810862 -10.812951534986496 0
15.752707958221436 -1.922577347866536 -12.30169740319252 0
15.38687539100647 -0.93079191460674338 -12.107627183198929 0
15.787131130695343 0.027931182015890954 -12.331558048725128 0
15.501938313245773 -0.95310008618616848 -12.798752427101135 0
15.863408386707306 1.0378346748184413 -11.180779457092285 0
16.046629756689072 1.0131514018594316 -11.856091231107712 0
16.475947976112366 1.0395500862505287 -10.843243688344955 0
15.407752901315689 1.0089047400706477 -12.138775527477264 0
15.524262607097626 0.98246412258959026 -12.831536024808884 0
15.417699724435806 -1.8914238994475454 -10.964892566204071 0
15.007838606834412 -0.89432662143371999 -10.797996938228607 0
15.43560978770256 0.07545977970585227 -10.989167422056198 0
15.221339643001556 -0.91100254526827484 -11.439202696084976 0
15.611602306365967 -0.89010786940343678 -10.506487160921097 0
14.986555695533752 -1.9072305121226236 -11.883918672800064 0
14.596999287605286 -0.91598914586938918 -11.678444296121597 0
15.003346532583237 0.049443262396380305 -11.908491164445877 0
14.748458594083786 -0.93323329598206328 -12.343491315841675 0
15.012764096260071 1.0547605401370674 -10.82061567902565 0
15.236101388931274 1.0333030311157927 -11.466667860746384 0
15.629552513360977 1.0601218498777598 -10.531624317169189 0
14.600577354431152 1.0256876384373754 -11.702570915222168 0
14.760728448629379 1.0020396099935169 -12.371795445680618 0
16.871148824691772 -1.8805658884812146 -9.2280417680740356 0
16.469966650009155 -0.87386293266899884 -9.1497191488742828 0
16.920000076293945 0.093969434965401888 -9.2511579692363739 0
16.77061915397644 -0.89266328047960997 -9.7705984711647034 0
16.998278737068176 -0.8799053009133786 -8.7027105987071991 0
16.595260739326477 -1.8923977750819176 -10.282084435224533 0
16.200563281774521 -0.88951244042254984 -10.164052486419678 0
16.639469265937805 0.076308238785713911 -10.309541136026382 0
16.502953439950943 1.0816362022887915 -9.1712293028831482 0
16.808506369590759 1.0611325176432729 -9.7965983748435974 0
17.04034686088562 1.0773241941351444 -8.7230452597141266 0
16.229732483625412 1.0622027718927711 -10.190326064825058 0
16.023563295602798 -1.863793121650815 -9.047837495803833 0
15.596287697553635 -0.85790100740268826 -8.9627860188484192 0
16.048266559839249 0.11661292612552643 -9.0672636032104492 0
15.916758030653 -0.87206003209576011 -9.5465328395366669 0
16.132880508899689 -0.8582627538125962 -8.563385084271431 0
15.764485508203506 -1.8763876729644835 -10.018648147583008 0
15.34234082698822 -0.87450918182730675 -9.8922965228557587 0
15.785189092159271 0.098154717124998569 -10.041318714618683 0
15.605186611413956 1.0993451508693397 -8.978659987449646 0
15.937750697135925 1.0823373296298087 -9.5678107440471649 0
16.157017976045609 1.0996535022277385 -8.5799444913864136 0
15.349584490060806 1.0793236456811428 -9.9121157824993134 0
11.494821786880493 4.9606368839740753 -18.896696984767914 0
12.068940907716751 3.7892034500837326 -18.693499803543091 0
12.546127051115036 4.9743095114827156 -18.223950088024139 0
11.975647658109665 6.152154803276062 -18.463533341884613 0
11.823563277721405 4.9229128733277321 -18.260578632354736 0
12.229707956314087 5.0079931169748306 -18.86746472120285 0
11.110573083162308 4.8732959553599358 -18.235104858875275 0
11.645849615335464 3.755864791572094 -18.023143708705902 0
12.109484553337097 4.8980872854590416 -17.600454568862915 0
11.571383416652679 6.0335017815232277 -17.823124945163727 0
11.404837846755981 4.8459818586707115 -17.579513907432556 0
13.093874365091324 3.8350500166416168 -17.921653389930725 0
13.545073717832565 5.0053434073925018 -17.462251782417297 0
13.001964211463928 6.1660009250044823 -17.77673476934433 0
12.822986871004105 4.9518147334456444 -17.557484328746796 0
13.279875427484512 5.0260586589574814 -18.138441801071167 0
12.621917635202408 3.797121237963438 -17.311426877975464 0
13.05711904168129 4.9352061599493027 -16.877165526151657 0
12.542228192090988 6.0581785887479782 -17.167985320091248 0
12.35190150141716 4.8807923346757889 -16.92518538236618 0
13.057436734437943 9.2918301820755005 -17.870990693569183 0
13.304480403661728 9.2732944190502167 -17.180378973484039 0
12.565079510211945 9.2856456637382507 -17.188458800315857 0
12.313540935516357 9.2653239965438843 -17.868421971797943 0
12.872620195150375 8.3977504223585129 -17.607466638088226 0
12.814917385578156 9.993741363286972 -17.540204048156738 0
13.172383815050125 7.394849494099617 -18.005942225456238 0
13.429269820451736 7.3385389298200607 -17.324983417987823 0
12.703779637813568 7.2684267312288284 -17.375901579856873 0
12.432495713233948 7.3280311077833176 -18.035695970058441 0
12.006890207529068 9.2882931530475616 -18.532279074192047 0
11.578389525413513 9.2738581597805023 -17.813282310962677 0
11.267994076013565 9.257658064365387 -18.467083275318146 0
11.850033789873123 8.3899188637733459 -18.260441243648529 0
11.793186187744141 9.9863787889480591 -18.180736780166626 0
12.116884708404541 7.3915800601243973 -18.68343859910965 0
11.708527773618698 7.2537635266780853 -18.027648210525513 0
11.380646705627441 7.3199442774057388 -18.656586229801178 0
12.763041406869888 9.2500881552696228 -16.499125361442566 0
12.049180507659912 9.1418440490961075 -16.479802072048187 0
11.836198151111603 9.2345289289951324 -17.146611928939819 0
12.391847521066666 8.2750339806079865 -16.949582159519196 0
12.232790231704712 10.127353668212891 -16.737197250127792 0
12.936336755752563 7.206110492348671 -16.71518287062645 0
12.243201941251755 7.1157082915306091 -16.750767141580582 0
11.996556669473648 7.1858434081077576 -17.393016040325165 0
11.12975549697876 9.1223354935646057 -17.064509004354477 0
10.858916729688644 9.2179982662200928 -17.708108305931091 0
11.431579291820526 8.2580565810203552 -17.568226456642151 0
11.285944879055023 10.111794054508209 -17.331006228923798 0
11.305501699447632 7.0915373712778091 -17.366400420665741 0
11.005093365907669 7.1662817448377609 -17.983647644519806 0
14.274931877851486 5.0564597174525261 -17.326818704605103 0
13.970588088035583 6.1860356256365776 -17.003596305847168 0
13.767665952444077 4.9897436127066612 -16.773983627557755 0
14.06405445933342 3.8881937377154827 -17.088403880596161 0
14.483486980199814 5.0423264428973198 -16.627109467983246 0
15.202010840177536 5.091327041387558 -16.443620294332504 0
14.872614115476608 6.2107148170471191 -16.151897817850113 0
14.64812496304512 5.030394621193409 -15.921547621488571 0
14.96912345290184 3.9397493451833725 -16.200552970170975 0
15.351170599460602 5.0808146372437477 -15.725045084953308 0
14.359511435031891 2.8284954428672791 -17.375348269939423 0
13.835799366235733 2.7995185218751431 -16.83472415804863 0
14.129329770803452 1.7924258571583778 -17.123770773410797 0
14.560182064771652 2.8424603678286076 -16.662721306085587 0
13.62151625752449 2.7770619355142117 -17.550353467464447 0
15.285100251436234 2.8859579414129257 -16.458238363265991 0
14.718488156795502 2.8598587103188038 -15.945501655340195 0
15.032264888286591 1.8508109867107123 -16.202609866857529 0
15.428543359041214 2.8975359164178371 -15.735438078641891 0
13.458477318286896 6.0867620259523392 -16.42904931306839 0
13.246296256780624 4.9226904660463333 -16.188134789466858 0
13.544278532266617 3.8496652320027351 -16.523250043392181 0
13.946545869112015 4.9771224930882454 -16.07881635427475 0
14.312193274497986 6.1179483160376549 -15.614934384822845 0
14.079104900360107 4.966639518737793 -15.380014419555664 0
14.403021574020386 3.9028297327458858 -15.673583418130875 0
14.768657624721527 5.0194737017154694 -15.215053170919418 0
13.294920682907104 2.7918696999549866 -16.236710458993912 0
13.584481418132782 1.787499304395169 -16.551794916391373 0
14.006920695304871 2.8238936327397823 -16.116465121507645 0
13.113115459680557 2.7625091411173344 -16.958115071058273 0
14.131039708852768 2.8486241847276688 -15.398896366357803 0
14.444461405277252 1.8441844074986875 -15.672653913497925 0
14.830792933702469 2.8794748857617378 -15.226967424154282 0
17.809041559696198 5.2790665626525879 -0.90959069653763436 0
17.726113200187683 5.2617066353559494 -1.6402082974091172 0
17.129649639129639 5.2345293760299683 -1.2256780499592423 0
17.190788626670837 5.252169668674469 -0.50450288504362106 0
17.502603113651276 4.1591844037175179 -1.0594734409824014 0
17.2032231092453 5.2663577944040298 0.23331864402280189 0
16.559078842401505 5.2237395346164703 -0.14761156612075865 0
16.551196694374084 5.2380754053592682 0.57594310399144888 0
16.914766371250153 4.1483068093657494 0.049455518834292889 0
17.02245044708252 5.2138207852840424 -1.9284172467887402 0
16.42947593331337 5.1862364560365677 -1.5506564565002918 0
16.518978148698807 5.206180602312088 -0.85665493947453797 0
16.809021651744843 4.1365500912070274 -1.381260123103857 0
15.893779009580612 5.1771388798952103 -0.53524303482845426 0
15.917387902736664 5.1938776671886444 0.16188457468524575 0
16.255631536245346 4.1275506988167763 -0.33543752413243055 0
17.399485528469086 10.239211231470108 -8.2681639790534973 0
17.565508604049683 9.3725128173828125 -7.7025761753320694 0
17.638730108737946 8.4211069345474243 -8.2891698181629181 0
17.948174774646759 9.3971501588821411 -8.3306283503770828 0
17.073634892702103 9.2826769053936005 -8.2252773493528366 0
18.382542669773102 10.077077627182007 -8.3845369964838028 0
18.432414531707764 9.369123250246048 -7.7615480273962021 0
18.453332006931305 8.511788621544838 -8.38437819480896 0
18.783049583435059 9.3732950389385223 -8.427282527089119 0
17.813991963863373 7.3820832520723343 -7.711182713508606 0
17.856258273124695 6.2867209315299988 -8.3008861243724823 0
18.146615564823151 7.4355830699205399 -8.3421127945184708 0
17.371194779872894 7.3105718940496445 -8.2511430829763412 0
18.600629568099976 7.4887474775314331 -7.7613583505153656 0
18.624778866767883 6.3696642071008682 -8.387112021446228 0
18.936469554901123 7.5318633317947388 -8.4308768957853317 0
17.484162390232086 10.245139539241791 -7.1245325058698654 0
17.595176935195923 9.3773232400417328 -6.5487076640129089 0
17.722261071205139 8.4280484467744827 -7.1258351653814316 0
18.033912122249603 9.4036257565021515 -7.1348303407430649 0
17.156031370162964 9.2884963154792786 -7.1153980940580368 0
18.471394836902618 10.084815740585327 -7.1454193741083145 0
18.462272465229034 9.3748353123664856 -6.5245631486177444 0
18.541117131710052 8.5189075618982315 -7.140079990029335 0
18.873659253120422 9.3808243274688721 -7.1493212133646011 0
17.841719806194305 7.3887487500905991 -6.5375408977270126 0
17.938648343086243 6.2960470914840698 -7.1210218518972397 0
18.231617093086243 7.4434723258018494 -7.1305390149354935 0
17.452875018119812 7.3189759701490402 -7.1167818903923035 0
18.629894733428955 7.4948669224977493 -6.5116351693868637 0
18.712411046028137 6.3780955374240875 -7.1301369071006775 0
19.028523504734039 7.5394967943429947 -7.1398907154798508 0
19.149298787117004 5.2895265370607376 -7.1251535713672638 0
18.770745813846588 5.265606701374054 -6.4955962896347046 0
18.389092564582825 5.234845906496048 -7.1208061873912811 0
18.744096279144287 5.2586545199155807 -7.753496915102005 0
18.815623760223389 4.1624391302466393 -7.1169922798871994 0
19.233550548553467 3.1061649471521378 -7.1110358238220215 0
18.843643665313721 3.0966919437050819 -6.4818771928548813 0
18.454249262809753 3.0863712877035141 -7.1085086762905121 0
18.822243869304657 3.0907467380166054 -7.7406513392925262 0
18.872346878051758 2.0565514221088961 -7.1046271622180939 0
19.058401823043823 5.2810961753129959 -8.422689288854599 0
18.305786311626434 5.2253446578979492 -8.3424269109964371 0
18.731145083904266 4.1535011529922485 -8.3775329142808914 0
19.148357033729553 3.0991001203656197 -8.4089369624853134 0
18.374004244804382 3.0775649175047874 -8.3300980180501938 0
18.792007088661194 2.0500818816944957 -8.3636186420917511 0
17.998562693595886 5.2102701365947723 -6.5245805531740189 0
17.601582884788513 5.1784785240888596 -7.1101181358098984 0
17.97342187166214 5.2020014375448227 -7.7083491832017899 0
18.034570455551147 4.1308855637907982 -7.1106420308351517 0
18.04841136932373 3.0858208015561104 -6.5131724327802658 0
17.638511538505554 3.0816735178232193 -7.0992780774831772 0
18.026300013065338 3.0782640874385834 -7.696603462100029 0
18.054894268512726 2.0607803205493838 -7.0988300740718842 0
17.521352052688599 5.1678148955106735 -8.2542455196380615 0
17.954419493675232 4.1206707879900932 -8.2944044321775436 0
17.560534000396729 3.0714987814426422 -8.2423180490732193 0
17.977434277534485 2.0525957562495023 -8.2793256789445877 0
14.109818935394287 0.99235037247854052 -12.555569618940353 0
14.491080194711685 1.955575593681715 -12.827071309089661 0
14.863844275474548 0.97581880846882996 -13.061741173267365 0
14.486822932958603 0.021221415678155608 -12.797038435935974 0
14.198443561792374 0.96687712158018257 -13.241915553808212 0
13.529767453670502 0.95540327513299417 -13.368158757686615 0
13.8831407725811 1.9131827856981545 -13.674661755561829 0
14.2327661216259 0.93924579791200813 -13.94435927271843 0
13.882345765829086 -0.0079852419294184074 -13.646744042634964 0
13.550622791051865 0.92889045317861019 -14.067604959011078 0
14.107004642486572 -0.93792960886639776 -12.531238943338394 0
14.847241580486298 -0.95299219777916733 -13.030846923589706 0
14.470914959907532 -1.922018013028719 -12.772729218006134 0
14.189261108636856 -0.95496014122909401 -13.214441001415253 0
15.230302482843399 1.9430826086554589 -13.321480602025986 0
15.587327539920807 0.95562541106846766 -13.540774941444397 0
15.2221460044384 5.3083898819750175e-05 -13.28751614689827 0
14.912053883075714 0.94796226911603299 -13.766718804836273 0
14.572561830282211 1.9010208703621174 -14.233463108539581 0
14.908737361431122 0.92007582622318296 -14.483108818531036 0
14.569733768701553 -0.028442646536859684 -14.202809244394302 0
14.215469211339951 0.91026226226676954 -14.658533126115799 0
15.568478018045425 -0.97634814312550589 -13.509141445159912 0
15.193188697099686 -1.9371931549158035 -13.259008288383484 0
14.895584523677826 -0.97451670847476635 -13.735793352127075 0
12.870046079158783 0.91690849482984049 -14.132439255714417 0
13.196151793003082 1.8671150700247381 -14.473427444696426 0
13.521275848150253 0.90054151267395355 -14.781283497810364 0
13.197752952575684 -0.03666134417289868 -14.450450509786606 0
12.829071462154388 0.89062974639819004 -14.843492120504379 0
13.834573358297348 1.8535172049887478 -15.099134415388107 0
14.148694574832916 0.88118849229067564 -15.381979167461395 0
13.835933864116669 -0.056472283788025379 -15.07521516084671 0
13.441144019365311 0.87053740269038826 -15.504894286394119 0
14.04737913608551 9.2972813844680786 -17.11962902545929 0
14.232442647218704 9.2828438580036163 -16.40590164065361 0
13.494940459728241 9.2978728711605072 -16.47752171754837 0
13.836039334535599 8.4070741832256317 -16.86629980802536 0
13.778075248003006 10.002775073051453 -16.811175584793091 0
14.167061984539032 7.402553990483284 -17.236882984638214 0
14.363099098205566 7.3528109490871429 -16.528614372014999 0
13.642100661993027 7.2852505296468735 -16.638225346803665 0
13.63144114613533 9.2658860683441162 -15.769639313220978 0
12.916828602552414 9.1605888307094574 -15.813093662261963 0
13.297309398651123 8.2920381277799606 -16.246745258569717 0
13.125485122203827 10.143329381942749 -16.058748126029968 0
13.817533403635025 7.2281562387943268 -15.956071794033051 0
13.128256529569626 7.1405790001153946 -16.05190035700798 0
14.968892276287079 9.3048345744609833 -16.282017886638641 0
15.090595036745071 9.2933911681175232 -15.550792634487152 0
14.360471606254578 9.3108219504356384 -15.685123652219772 0
14.732734203338623 8.4187823832035065 -16.041752696037292 0
14.674836009740829 10.012480854988098 -15.99754199385643 0
15.092196524143219 7.415356308221817 -16.381675839424133 0
15.226573497056961 7.3707650005817413 -15.653459191322327 0
14.515915215015411 7.3049503713846207 -15.820865988731384 0
14.434096932411194 9.2814280688762665 -14.963849067687988 0
13.724685192108154 9.1788178384304047 -15.068976432085037 0
14.140379130840302 8.3099414557218552 -15.465005248785019 0
13.956557363271713 10.158222705125809 -15.300517439842224 0
14.632329881191254 7.2519883662462234 -15.122537344694138 0
13.952797591686249 7.1665634959936142 -15.27630802989006 0
12.002931773662567 4.8104662746191025 -15.527309685945511 0
11.31892317533493 4.7627903074026108 -15.43985053896904 0
11.165151387453079 4.7680522948503494 -16.131409645080566 0
11.853327453136444 4.8172793686389923 -16.222329437732697 0
11.605653405189514 3.7536453530192375 -15.866741269826889 0
11.562688708305359 5.8279207050800323 -15.795192122459412 0
12.031381368637085 2.7731332071125507 -15.5602006316185 0
11.344925463199615 2.7533978186547756 -15.47514620423317 0
11.185445785522461 2.7312461361289024 -16.183298170566559 0
11.880098849534988 2.746300958096981 -16.2763332426548 0
11.619123101234436 1.7798944376409054 -15.888522088527679 0
12.547980338335037 4.8690884560346603 -16.238998144865036 0
11.652890890836716 4.8284691721200943 -16.907308638095856 0
12.128236621618271 3.7722010314464569 -16.626818776130676 0
12.069373697042465 5.9421517252922058 -16.51898130774498 0
10.491033107042313 4.7227398604154587 -15.969457805156708 0
10.285853624343872 4.7325128465890884 -16.651726424694061 0
10.962945282459259 4.778916597366333 -16.816933870315552 0
10.74110534787178 3.7141951769590378 -16.438256949186325 0
10.708509504795074 5.7914201021194458 -16.348992884159088 0
10.710388988256454 4.7968074083328247 -17.487416446208954 0
11.204678118228912 3.7326930835843086 -17.26908403635025 0
11.154513895511627 5.9098474979400635 -17.128005504608154 0
11.756321012973785 8.5858740508556366 -15.213421881198883 0
11.147602111101151 8.4185201376676559 -15.197726994752884 0
10.947773694992065 8.5601969808340073 -15.776185154914856 0
11.569944769144058 8.7922059893608093 -15.810600817203522 0
11.452102065086365 7.7780072540044785 -15.631824553012848 0
11.213805437088013 9.2093300372362137 -15.308656483888626 0
11.926368355751038 6.8597244620323181 -15.425277680158615 0
11.259310752153397 6.7632996141910553 -15.349734932184219 0
11.099740296602249 6.8275374919176102 -16.00989443063736 0
11.769549280405045 6.9373416602611542 -16.088347226381302 0
12.227865397930145 8.9975011795759201 -15.825066983699799 0
11.364150106906891 8.9757715314626694 -16.42968025803566 0
11.922625482082367 8.0597284287214279 -16.302355319261551 0
11.643571436405182 9.8155367225408554 -15.922585636377335 0
12.445908844470978 7.0427315831184387 -16.099274188280106 0
11.561241209506989 7.0149155408143997 -16.735039621591568 0
10.345945715904236 8.3909499794244766 -15.703825235366821 0
10.100643396377563 8.5330247730016708 -16.264205813407898 0
10.713430315256119 8.7675164043903351 -16.355303019285202 0
10.612661272287369 7.7497831732034683 -16.168136835098267 0
10.401786059141159 9.1836249232292175 -15.819905698299408 0
10.443742752075195 6.7300288677215576 -15.868426561355591 0
10.232686191797256 6.7954553365707397 -16.515340566635132 0
10.890624344348907 6.9069344401359558 -16.659062445163727 0
10.455633610486984 8.9524681717157364 -16.953218728303909 0
11.02275139093399 8.0356224328279495 -16.882087141275406 0
10.774337917566299 9.7938233911991119 -16.469951838254929 0
10.629862040281296 6.9871823042631149 -17.286475002765656 0
12.131233364343643 2.7984624542295933 -14.84813717007637 0
12.818837463855743 2.8225021436810493 -14.857102394104004 0
12.727826803922653 2.7951727993786335 -15.573607236146927 0
12.420683920383453 3.801434051245451 -15.211181998252869 0
12.439748346805573 1.8208928317762911 -15.216339647769928 0
12.1003178358078 4.8074725717306137 -14.82883021235466 0
12.786763936281204 4.8558992445468903 -14.843223571777344 0
12.694461017847061 4.861138641834259 -15.544508635997772 0
12.371083319187164 5.8663070350885391 -15.160954713821411 0
12.584776401519775 2.7659781500697136 -16.292965292930603 0
13.429168552160263 2.8203203566372395 -15.517458945512772 0
13.000020682811737 3.8220478966832161 -15.901459902524948 0
13.022864490747452 1.8026814652839676 -15.914612621068954 0
13.387360990047455 4.9135154560208321 -15.492691576480865 0
12.93365216255188 5.9769814163446426 -15.827014595270157 0
12.856483966112137 2.84792285785079 -14.147781699895859 0
13.542003214359283 2.8730517104268074 -14.090895503759384 0
13.512375175952911 2.8474477306008339 -14.801683306694031 0
13.1757952272892 3.8518974296748638 -14.482760787010193 0
12.824877083301544 4.8537187278270721 -14.142723798751831 0
13.50998592376709 4.9015441313385963 -14.091663986444473 0
13.476531088352203 4.906631775200367 -14.793263673782349 0
13.123475909233093 5.9052816331386566 -14.451787889003754 0
14.205140441656113 2.8733551613986492 -14.683531045913696 0
13.809870928525925 3.8740504868328571 -15.107131123542786 0
14.162091761827469 4.9580341875553131 -14.679322481155396 0
13.738722264766693 6.0130186602473259 -15.06025555729866 0
12.033297628164291 6.796546146273613 -14.75561460852623 0
12.703455239534378 6.8916387110948563 -14.763522088527679 0
12.601012498140335 6.9677480757236481 -15.437204450368881 0
12.247831046581268 7.8050832599401474 -15.019174546003342 0
11.909593045711517 8.4446946382522583 -14.619825035333633 0
12.517039805650711 8.6102099418640137 -14.575515329837799 0
12.380661219358444 8.8155834227800369 -15.188504755496979 0
11.984276354312897 9.2338063269853592 -14.724402099847794 0
13.276338815689087 7.070944219827652 -15.384196996688843 0
12.772874534130096 8.0829808115959167 -15.64180988073349 0
13.03834742307663 9.0184149146080017 -15.142117589712143 0
12.46470233798027 9.8365862667560577 -15.296336501836777 0
12.75463205575943 6.8293634206056595 -14.087458610534668 0
13.421736270189285 6.9231489151716232 -14.030868768692017 0
13.376016736030579 6.9981088191270828 -14.710830301046371 0
12.990245223045349 7.8310771882534027 -14.332688957452774 0
12.620641231536865 8.4690753221511841 -13.969131737947464 0
13.220479995012283 8.6329448968172073 -13.867046743631363 0
13.136370897293091 8.8376533836126328 -14.491839498281479 0
12.702130049467087 9.2565222829580307 -14.066624730825424 0
14.044061005115509 7.0994948297739029 -14.596962004899979 0
13.565158486366272 8.1059026420116425 -14.905162364244461 0
13.787497639656067 9.0382215976715088 -14.386425942182541 0
13.229301273822784 9.8559895753860474 -14.594835042953491 0
17.098339974880219 10.251398861408234 -3.7268659397959709 0
16.784343034029007 9.2953445613384247 -3.810153491795063 0
17.325904190540314 8.436184287071228 -3.6716702431440353 0
17.624826192855835 9.4118369817733765 -3.5924006178975105 0
17.046547949314117 9.3824312388896942 -3.1463577821850777 0
17.333917379379272 9.3824795186519623 -4.2628889530897141 0
16.761525869369507 10.250682890415192 -2.6315369233489037 0
16.457893580198288 9.2946640253067017 -2.7440148741006851 0
16.983391225337982 8.4346503019332886 -2.5586093403398991 0
17.272038340568542 9.4104304611682892 -2.4515140391886234 0
18.04603499174118 10.094942182302475 -3.4824878573417664 0
18.110691130161285 8.5264977812767029 -3.4676836952567101 0
18.431712806224823 9.3899905383586884 -3.3835105821490288 0
17.866686165332794 9.380349338054657 -2.8939480818808079 0
18.176639437675476 9.3810299038887024 -4.0844121724367142 0
17.678856492042542 10.09359148144722 -2.3034609220921993 0
17.743841588497162 8.5237869620323181 -2.2857094742357731 0
18.05291885137558 9.3873257637023926 -2.1719853915274143 0
17.067983388900757 7.3292004466056824 -3.7405546084046364 0
17.530156373977661 6.3060178756713867 -3.6221418678760529 0
17.812497019767761 7.4510331749916077 -3.5468506813049316 0
17.279812753200531 7.3940381705760956 -3.079843383282423 0
17.572493016719818 7.3947349488735199 -4.2144623696804047 0
16.734207361936569 7.327810987830162 -2.652202557772398 0
17.18271541595459 6.3037936240434647 -2.4953795857727528 0
17.456067800521851 7.4482636153697968 -2.3930007852613926 0
18.271763265132904 6.3834075033664703 -3.4287926405668259 0
18.578294098377228 7.5440590381622314 -3.3475968837738037 0
18.025013864040375 7.4969401359558105 -2.8499783650040627 0
18.337249577045441 7.4990440011024475 -4.0508126020431519 0
17.902403950691223 6.3794248402118683 -2.2377757243812084 0
18.199242651462555 7.5395938158035278 -2.1273088715970516 0
15.605767548084259 8.5972592234611511 -7.070237398147583 0
15.732594698667526 9.3765494674444199 -7.0750327110290527 0
16.336563915014267 8.959676668047905 -7.0933253169059753 0
16.119653970003128 7.9699541926383972 -7.0851569175720215 0
15.941945880651474 8.7456733733415604 -7.5803968161344528 0
15.973581731319427 8.7486656010150909 -6.5822765827178955 0
15.529615104198456 8.5938132852315903 -8.0292722433805466 0
15.654220402240753 9.3738104104995728 -8.0483072698116302 0
16.257384568452835 8.9545179605484009 -8.1231322884559631 0
16.041917860507965 7.9640354365110397 -8.0915696918964386 0
15.77712869644165 6.9970200508832932 -7.072769820690155 0
16.650230467319489 7.1600912660360336 -7.0977575182914734 0
16.283840626478195 6.1005488187074661 -7.0845483541488647 0
16.194036960601807 7.0687038004398346 -7.5944015830755234 0
16.225466936826706 7.0756230801343918 -6.5757134556770325 0
15.699834764003754 6.9890991896390915 -8.0443123579025269 0
16.570827424526215 7.1515099406242371 -8.153521865606308 0
16.204972684383392 6.0899291634559631 -8.1029636561870575 0
16.478072792291641 9.9626305401325226 -7.0979756265878677 0
16.925195455551147 8.2374767959117889 -7.1076685786247253 0
16.706632167100906 9.1426130831241608 -7.6398840695619583 0
16.737374365329742 9.1467948257923126 -6.5683558285236359 0
16.396598070859909 9.9587332606315613 -8.1441347748041153 0
16.844489723443985 8.2306622415781021 -8.1925451755523682 0
17.143391489982605 6.2010831534862518 -7.1060506105422974 0
17.030846953392029 7.2390831261873245 -7.6567985266447067 0
17.059972107410431 7.24625363945961 -6.5583998560905457 0
17.063279211521149 6.1908341348171234 -8.2077423483133316 0
17.210566520690918 4.1072259321808815 -7.0974905043840408 0
16.763114601373672 5.1249033212661743 -7.0927994251251221 0
17.16388612985611 5.1460642665624619 -7.6554146111011505 0
17.191238939762115 5.1555366069078445 -6.5484618544578552 0
17.131909012794495 4.0958261713385582 -8.20157590508461 0
16.68398779630661 5.1132699549198151 -8.1556695848703384 0
16.326496839523315 4.0888412669301033 -7.0773819983005524 0
15.851456791162491 5.076576754450798 -7.0684734731912613 0
16.287808567285538 5.0941363424062729 -7.5928490608930588 0
16.319355547428131 5.1043199300765991 -6.5683085024356842 0
16.247419059276581 4.0766364485025406 -8.0968592613935471 0
15.771792054176331 5.06468665599823 -8.043928861618042 0
17.206675589084625 2.0777404489926994 -7.0868552774190903 0
16.77750238776207 3.085145428776741 -7.0835180729627609 0
17.188726484775543 3.0780697911977768 -7.6445508748292923 0
17.213824927806854 3.086797907948494 -6.5391945540904999 0
17.130258679389954 2.068203364033252 -8.1869582682847977 0
16.69960355758667 3.0738294497132301 -8.1445493698120117 0
16.319172024726868 2.095825613476336 -7.0687979906797409 0
15.862975537776947 3.088553674519062 -7.060998260974884 0
16.299211412668228 3.0819472745060921 -7.5836745202541351 0
16.329332083463669 3.0915002152323723 -6.5607314556837082 0
16.241168141365051 2.0851484371814877 -8.0849513560533524 0
15.782431870698929 3.0765090584754944 -8.0349783152341843 0
14.718560844659805 10.171003699302673 -14.468974977731705 0
14.46519410610199 9.1964901685714722 -14.253622233867645 0
14.913406491279602 8.3285634517669678 -14.610554337501526 0
15.15420725941658 9.3239657580852509 -14.817329972982407 0
15.162856459617615 9.2967786192893982 -14.087348371744156 0
15.401416301727295 10.182097047567368 -13.567916393280029 0
15.129741638898849 9.2136150300502777 -13.372218459844589 0
15.6078280210495 8.3471681028604507 -13.687848031520844 0
15.866365402936935 9.3367478251457214 -13.876784175634384 0
15.497969955205917 10.021863907575607 -15.105607628822327 0
15.555805504322052 8.4323427081108093 -15.140511214733124 0
15.815677911043167 9.313801497220993 -15.365167289972305 0
15.870340824127197 9.3043135106563568 -14.619928628206253 0
16.234494209289551 10.029092401266098 -14.135385394096375 0
16.294970124959946 8.4464331120252609 -14.163593262434006 0
16.573955208063126 9.3222998380661011 -14.366523683071136 0
14.70883172750473 7.1931477636098862 -14.431065946817398 0
15.095293641090393 6.150075726211071 -14.733026027679443 0
15.317786365747452 7.3268221318721771 -14.930651634931564 0
15.37279748916626 7.2765005379915237 -14.220724016427994 0
15.387947022914886 7.2190808802843094 -13.521887063980103 0
15.799323320388794 6.1811778992414474 -13.787707954645157 0
16.038860082626343 7.3492579460144043 -13.970948040485382 0
15.701207995414734 6.2383960857987404 -15.228979796171188 0
15.942762911319733 7.4323138147592545 -15.449654251337051 0
16.012736588716507 7.390932098031044 -14.705684423446655 0
16.447270154953003 6.2667367309331894 -14.235892087221146 0
16.707995772361755 7.4511019587516785 -14.439440280199051 0
16.006782948970795 7.0833413600921631 -4.5420216992497444 0
15.469083189964294 7.0082125067710876 -4.149526447057724 0
15.756759822368622 7.0843276083469391 -3.5479070320725441 0
16.302561014890671 7.1718924790620804 -3.937914103269577 0
15.796061277389526 7.9768496155738831 -4.0662854984402657 0
15.952683418989182 6.1165531426668167 -4.0274501368403435 0
15.761355072259903 8.7513056099414825 -4.591597855091095 0
15.304953634738922 8.5990978181362152 -4.1900895312428474 0
15.518055319786072 8.7514806389808655 -3.6179510354995728 0
16.001613020896912 8.9653242379426956 -4.0123091116547585 0
15.424849718809128 9.3774242252111435 -4.1582089960575104 0
16.815152525901794 7.2537384480237961 -4.374701626598835 0
16.542995244264603 7.254172220826149 -3.3070449605584145 0
16.564705103635788 8.2459453642368317 -3.8690645694732666 0
16.771622657775879 6.2149456888437271 -3.8185227885842323 0
16.501499354839325 9.1510346531867981 -4.4381021335721016 0
16.237008273601532 9.1513911485671997 -3.3961600512266159 0
16.135408192873001 9.9655275046825409 -3.9751316457986832 0
15.185709804296494 7.0082340985536575 -3.206587441265583 0
15.41312113404274 7.0829734355211258 -2.5788706950843334 0
15.992639899253845 7.1715258061885834 -2.9181494265794754 0
15.501990854740143 7.9764809906482697 -3.0915220975875854 0
15.654023855924606 6.1168037950992584 -3.0412076413631439 0
15.026961117982864 8.5982869565486908 -3.2604255080223083 0
15.181531637907028 8.7503891885280609 -2.6682180427014828 0
15.700049817562103 8.9650373905897141 -3.0172834768891335 0
15.141975224018097 9.376597598195076 -3.2160878404974937 0
16.171219915151596 7.252011775970459 -2.2673165090382099 0
16.245962500572205 8.245308443903923 -2.8239448592066765 0
16.447362065315247 6.2141794413328171 -2.7585544809699059 0
15.874219387769699 9.1502210795879364 -2.3805991522967815 0
15.828724175691605 9.9648301899433136 -2.966737873852253 0
15.71971783041954 9.3771358579397202 -6.096346914768219 0
15.593434542417526 8.5983835905790329 -6.1045359522104263 0
16.104231119155884 7.9734658747911453 -6.072543203830719 0
16.319607645273209 8.9624525457620621 -6.0588596761226654 0
15.912750571966171 8.7502215504646301 -5.5830446630716324 0
15.616343110799789 9.3774572759866714 -5.120960146188736 0
15.493060857057571 8.5989660918712616 -5.1407790631055832 0
15.996380656957626 7.9757226407527924 -5.0627857148647308 0
16.207635849714279 8.9642696529626846 -5.028910368680954 0
16.460531085729599 9.9639422595500946 -6.0486169308423996 0
16.904493689537048 8.2418837249279022 -6.0195022523403168 0
17.134053528308868 9.2919371724128723 -6.0037868469953537 0
16.668160229921341 9.1492718756198883 -5.4982193559408188 0
16.3454430103302 9.9650108516216278 -5.0050291568040848 0
16.784017533063889 8.2446947246789932 -4.9371037632226944 0
17.009605914354324 9.2942679524421692 -4.899384394288063 0
15.764441817998886 7.0024321675300598 -6.0931607633829117 0
16.267625868320465 6.1083079874515533 -6.0592130124568939 0
16.631280988454819 7.1660504639148712 -6.037007749080658 0
16.162483215332031 7.0803459733724594 -5.5550187975168228 0
15.661862283945084 7.0061532407999039 -5.1144472807645798 0
16.157059103250504 6.1136094778776169 -5.0364315807819366 0
16.515239924192429 7.1699623763561249 -4.9805032163858414 0
17.120261669158936 6.2082895785570145 -6.0012017488479614 0
17.428193926811218 7.3246437609195709 -5.9811197966337204 0
16.987456381320953 7.2510215789079666 -5.4614530801773071 0
16.995949506759644 6.2128705829381943 -4.9024088978767395 0
17.29938155412674 7.3280493766069412 -4.8530465364456177 0
17.909932553768158 6.3020958453416824 -5.9424708038568497 0
18.202657043933868 7.4484546780586243 -5.9222324639558792 0
17.696563303470612 8.4326027035713196 -5.9628863930702209 0
17.760335564613342 7.3928752243518829 -5.3694636672735214 0
17.772880434989929 6.3053522557020187 -4.7738787680864334 0
18.06170666217804 7.4510078132152557 -4.7256904542446136 0
17.563745379447937 8.4353957176208496 -4.8090471029281616 0
18.007282614707947 9.4078861474990845 -5.9409909546375275 0
17.460604429244995 10.247516930103302 -5.9807031601667404 0
17.517087280750275 9.3804382979869843 -5.3994172960519791 0
17.87007200717926 9.4108178913593292 -4.757864885032177 0
17.331313014030457 10.249842882156372 -4.8456633239984512 0
18.681312263011932 6.3828391283750534 -5.8798224776983261 0
18.999108850955963 7.5438936352729797 -5.8571574240922928 0
18.512082695960999 8.5235956311225891 -5.9005514234304428 0
18.541030704975128 7.4982101321220398 -5.2726559638977051 0
18.532120943069458 6.3844767212867737 -4.644770123064518 0
18.845507442951202 7.5454665273427963 -4.5922877937555313 0
18.367055535316467 8.5263302326202393 -4.6746755167841911 0
18.844606637954712 9.3859634101390839 -5.8770377635955811 0
18.443620800971985 10.089256823062897 -5.9096189141273499 0
18.37624591588974 9.3786765933036804 -5.2962564304471016 0
18.695824384689331 9.3893654346466064 -4.6201878786087036 0
18.301129281520844 10.09300172328949 -4.6865333914756775 0
15.211858630180359 3.9669496975839138 -13.348310202360153 0
14.905982196331024 2.9211841933429241 -13.798342198133469 0
14.863168060779572 2.9420699514448643 -13.094341069459915 0
15.577435672283173 2.9444895088672638 -13.572754114866257 0
14.480300456285477 3.9447843804955482 -12.852483958005905 0
14.193857759237289 2.920443419367075 -13.27062252163887 0
14.103511333465576 2.9420261159539223 -12.581127792596817 0
14.549807220697403 3.9232460334897041 -14.254252552986145 0
14.226965993642807 2.8974338583648205 -13.97318360209465 0
14.89420548081398 2.9000676311552525 -14.510391056537628 0
13.866233021020889 3.9007020331919193 -13.694659233093262 0
13.519021511077881 2.8970074765384197 -13.39066481590271 0
15.138029754161835 6.0821972191333771 -13.33430016040802 0
14.864469021558762 4.9997065737843513 -13.806536436080933 0
14.832100361585617 4.9907113015651703 -13.108469277620316 0
15.526593565940857 5.0480523705482483 -13.581482440233231 0
14.429115742444992 5.9788013398647308 -12.845956563949585 0
14.165352314710617 4.9443989023566246 -13.281376779079437 0
14.08131068944931 4.9400458261370659 -12.593609690666199 0
14.476386100053787 6.0487222000956535 -14.22718620300293 0
14.192169040441513 4.9506763517856598 -13.979007869958878 0
14.841927617788315 5.0092042088508606 -14.509521573781967 0
13.812904268503189 5.9434842392802238 -13.677626103162766 0
13.490152984857559 4.8988301828503609 -13.395948231220245 0
16.939830660820007 5.1656790524721146 -4.3488163948059082 0
17.205618858337402 5.191947415471077 -3.7076590955257416 0
16.664033263921738 5.1668306440114975 -3.2739780470728874 0
16.407930493354797 5.1417774707078934 -3.9121379256248474 0
16.830421507358551 4.1224094405770302 -3.8047404363751411 0
16.956771314144135 3.0948788002133369 -4.3440864905714989 0
17.232672929763794 3.0931706503033638 -3.7018794938921928 0
16.67914092540741 3.0955737605690956 -3.2717290595173836 0
16.416159719228745 3.098446287214756 -3.9097180664539337 0
16.818640112876892 2.0853838587645441 -3.8077666386961937 0
16.096850097179413 5.116061270236969 -4.5224735289812088 0
15.84440553188324 5.1181721240282059 -3.522766038775444 0
15.541077047586441 5.0948069542646408 -4.1303546875715256 0
15.991523772478104 4.1058956831693649 -4.0168536528944969 0
16.103424310684204 3.1002663299441338 -4.5187547132372856 0
15.850931853055954 3.1012220531702042 -3.520161509513855 0
15.549946874380112 3.102457121014595 -4.1249642744660378 0
15.9777010679245 2.1042524420190603 -4.0186430290341377 0
16.867901474237442 5.1909316331148148 -2.6117947548627853 0
16.289102256298065 5.164773166179657 -2.2280040606856346 0
16.095140308141708 5.142002210021019 -2.8865096941590309 0
16.504113703966141 4.1223414391279221 -2.7438375279307365 0
16.892654299736023 3.0924687832593918 -2.6084746979176998 0
16.303537040948868 3.0939047336578369 -2.2285453602671623 0
16.102943420410156 3.098281130194664 -2.8864073231816292 0
16.491458654403687 2.0837413601111621 -2.7513418421149254 0
15.49856635928154 5.1172454208135605 -2.5493999235332012 0
15.255951255559921 5.0958752632141113 -3.1831222996115685 0
15.692249000072479 4.1066803485155106 -3.0298009738326073 0
15.50547930598259 3.1002605184912682 -2.5489019006490707 0
15.265685826539993 3.1026764810085297 -3.1776920109987259 0
15.678744196891785 2.1028013406321406 -3.0340095534920692 0
17.471598982810974 3.0916891694068909 -4.8203400373458862 0
17.135431349277496 3.0920926257967949 -5.4360986948013306 0
16.633343189954758 3.0965750142931938 -4.9565689116716385 0
17.057553291320801 4.1198991686105728 -4.8899485319852829 0
17.047938406467438 2.0852896929718554 -4.8883067071437836 0
17.441245377063751 5.1901136189699173 -4.8283017426729202 0
17.115741670131683 5.1619104593992233 -5.4433012008666992 0
16.623651802539825 5.1387501955032349 -4.9613241106271744 0
16.262406796216965 3.0972757264971733 -5.5358152240514755 0
15.743433356285095 3.1006360203027725 -5.0950483828783035 0
16.19685760140419 4.1027711406350136 -5.0270194262266159 0
16.183912992477417 2.1042695427313447 -5.0259077548980713 0
16.254687517881393 5.1114569008350372 -5.5414365977048874 0
15.735266506671906 5.0912539511919022 -5.1003230810165405 0
17.607867538928986 3.088082529604435 -5.9554234445095062 0
16.754474699497223 3.0924141332507133 -6.0175866782665253 0
17.184922933578491 4.1150053068995476 -5.9904359132051468 0
17.178213119506836 2.0830555052962154 -5.9840614050626755 0
17.573954164981842 5.1857345104217529 -5.9650932848453522 0
16.742420166730881 5.1332226544618607 -6.0248323380947113 0
15.848541349172592 3.0963470935821533 -6.0778033137321472 0
16.308989673852921 4.0972978919744492 -6.0508483499288559 0
16.298581719398499 2.1018672459758818 -6.0458155274391174 0
15.839117795228958 5.0852888822555542 -6.0841558128595352 0
14.741093158721924 7.1275467127561569 -13.744640827178955 0
14.291499435901642 8.1286082118749619 -14.098993390798569 0
14.086466997861862 7.028057798743248 -13.916953265666962 0
14.073884397745132 6.9535801708698273 -13.236069828271866 0
13.671273291110992 7.8562965095043182 -13.579178333282471 0
13.41664257645607 6.8613849431276321 -13.353744059801102 0
14.467518180608749 9.0575717985630035 -13.564484119415283 0
13.930187582969666 9.8733028471469879 -13.825168877840042 0
13.829107791185379 8.8587982952594757 -13.727195411920547 0
13.858797460794449 8.6552046239376068 -13.095641762018204 0
13.359789788722992 9.2780064344406128 -13.342946201562881 0
13.272846609354019 8.4924246370792389 -13.252477437257767 0
14.94327786564827 8.1506824195384979 -13.229590326547623 0
14.72311931848526 7.0564806759357452 -13.062676280736923 0
14.280437469482422 7.8806224167346954 -12.766100823879242 0
14.00758770108223 6.8915960341691971 -12.5630863904953 0
14.558233708143234 9.8901978135108948 -12.992905914783478 0
14.449716657400131 8.8792995512485504 -12.901406049728394 0
13.946900308132172 9.29902184009552 -12.560788571834564 0
13.854045033454895 8.5152108669281006 -12.477899670600891 0
14.419617712497711 5.0867880582809448 -1.380169247277081 0
14.539182215929031 5.1027468293905258 -0.71608061762526631 0
15.187259495258331 5.1308577507734299 -0.94173873704858124 0
15.06097999215126 5.1122535914182663 -1.6108320532366633 0
14.781873285770416 6.1066234409809113 -1.1663881232962012 0
14.819943726062775 4.0976501703262329 -1.1580324489623308 0
14.880220264196396 5.0935346931219101 -2.2636974900960922 0
15.68677145242691 5.1386017799377441 -1.8932329975068569 0
15.262299329042435 6.1136607825756073 -2.0844413265585899 0
15.29997980594635 4.1042744144797325 -2.0740401037037373 0
15.254768013954163 5.1478956490755081 -0.26270997570827603 0
15.817662686109543 5.158636748790741 -1.220882402965799 0
15.507173389196396 6.2016103863716125 -0.74872237967792898 0
15.562635511159897 4.1111951172351837 -0.73452202510088682 0
16.02459505200386 6.2099405080080032 -1.7318526543676853 0
16.080212414264679 4.118864431977272 -1.7170606032013893 0
16.904037922620773 2.9765579961240292 -14.46601590514183 0
16.219296932220459 2.9441098682582378 -14.758324503898621 0
16.254129678010941 2.9550831355154514 -14.025144189596176 0
16.54772874712944 4.0289909392595291 -14.252825081348419 0
16.608435779809952 1.9364970712922513 -14.235622525215149 0
16.821818709373474 5.1631157398223877 -14.472245812416077 0
16.141702622175217 5.1183978989720345 -14.759453892707825 0
16.182912707328796 5.1076773107051849 -14.029216051101685 0
15.577657729387283 2.9274341687560081 -14.289397895336151 0
15.89576381444931 3.9950579293072224 -13.809558182954788 0
15.933376997709274 1.9339529126027628 -13.787180662155151 0
15.515549302101135 5.0594570264220238 -14.29115903377533 0
16.13726943731308 2.9347398355603218 -15.494311779737473 0
15.527223467826843 2.9115296900272369 -15.011530846357346 0
15.800067543983459 3.9870082922279835 -15.257475554943085 0
15.86176997423172 1.897641881601885 -15.245994120836258 0
16.054180413484573 5.1276777014136314 -15.493558913469315 0
15.456062287092209 5.0704247653484344 -15.006373524665833 0
15.189459294080734 3.9519190154969692 -14.768826633691788 0
15.229581594467163 1.8928058643941768 -14.753003895282745 0
17.994140386581421 0.082248418126255274 -5.9143067598342896 0
18.044828116893768 1.0665753772482276 -6.5039861798286438 0
18.01943027973175 2.0651050971355289 -5.9194978028535843 0
17.952450335025787 1.0672871368005872 -5.3319225460290909 0
18.431555271148682 1.0564563050866127 -5.88196662068367 0
17.589943706989288 1.0803640191443264 -5.9498232305049896 0
15.415386468172073 9.1473461091518402 -1.4002624140121043 0
15.303568840026855 8.9633345752954483 -2.0511559098958969 0
15.828783929347992 8.2425611466169357 -1.8104740753769875 0
15.42705363035202 9.9628001153469086 -1.9873981177806854 0
15.702261716127396 7.2466963678598404 -1.2651308270869777 0
15.586616992950439 7.1684011667966843 -1.9292720407247543 0
14.75324335694313 8.7479235082864761 -1.7496873084455729 0
14.659025639295578 8.5961979627609253 -2.3550825156271458 0
15.114712297916412 7.9743213802576065 -2.1444460079073906 0
14.768377542495728 9.3744954615831375 -2.2997106872498989 0
14.977238595485687 7.0787153989076614 -1.6427789591252804 0
14.812431901693344 7.0056968331336975 -2.288960836827755 0
14.863836288452148 9.1416138708591461 -0.46680178883252665 0
14.814221084117889 8.959727555513382 -1.1244281237013638 0
15.316488742828369 8.2371177673339844 -0.83924994838889688 0
14.930622458457947 9.9598023295402527 -1.0482626357115805 0
15.141153365373611 7.2374819368124008 -0.31128480867482722 0
15.088312715291977 7.1620551198720932 -0.98131179611664265 0
14.235840439796448 8.7434130758047104 -0.87476573063759133 0
14.199766397476196 8.5930186659097672 -1.4858439397066832 0
14.636521965265274 7.9701435118913651 -1.2355933841317892 0
14.302557826042175 9.3715588748455048 -1.4203717987984419 0
14.45497590303421 7.0712176412343979 -0.75073120649904013 0
14.351303219795227 7.000311478972435 -1.4072343315929174 0
17.056952297687531 3.0898988321423531 -1.9232770316302776 0
17.267820000648499 2.0647635112982243 -2.4773437306284904 0
17.461246967315674 3.0923070460557938 -3.0334737114608288 0
17.262852787971497 4.1412867158651352 -2.4743204452097416 0
17.64213502407074 3.0927442833781242 -2.3419153429567814 0
17.423811972141266 5.217304989695549 -3.0410373136401176 0
17.596725583076477 5.2408895045518875 -2.3513743691146374 0
17.985537886619568 4.1657867357134819 -2.2162402085959911 0
18.15315854549408 5.2670536041259766 -2.8163819946348667 0
18.305642902851105 5.2875484526157379 -2.0984692499041557 0
17.622500121593475 2.0667667374946177 -3.6013098955154419 0
17.762459218502045 3.0922049283981323 -4.174093097448349 0
17.614044606685638 4.1424617022275925 -3.6028233915567398 0
18.008107304573059 3.0942622944712639 -3.5006618872284889 0
18.208125591278076 3.0983221530914307 -2.8032354563474655 0
18.397973835468292 2.0583574795746244 -3.3976544663310051 0
18.532392561435699 3.0993855893611908 -4.0071700364351273 0
18.360810518264771 4.1685827150940895 -3.4078023210167885 0
18.753775596618652 3.1069120019674301 -3.3040474653244019 0
17.720983922481537 5.2175504118204117 -4.1836688965559006 0
17.957475006580353 5.2434786260128021 -3.5122914165258408 0
18.470083594322205 5.2691127955913544 -4.0223008021712303 0
18.688354313373566 5.2922983467578888 -3.3212899193167686 0
16.203339815139771 0.91232489503454417 -15.485140651464462 0
15.563150942325592 0.90797762951115146 -14.991633176803589 0
15.900006413459778 -0.061321840155869722 -15.233703583478928 0
16.268245071172714 0.92348860180936754 -14.740265518426895 0
15.480417937040329 0.8913735393434763 -15.725088506937027 0
16.969553709030151 0.93977120576892048 -14.451297849416733 0
16.286944597959518 0.94079440963287198 -13.999808222055435 0
16.64181050658226 -0.040632053278386593 -14.216389566659927 0
16.997884899377823 -1.0192277798196301 -14.440959244966507 0
16.281579613685608 -1.0011030832229153 -13.975010126829147 0
16.623067200183868 -1.9825289756990969 -14.197977662086487 0
16.283507704734802 -1.018222194397822 -14.7264663875103 0
15.239383637905121 -0.049816250917501748 -14.727537512779236 0
15.599541008472443 0.93014699171362736 -14.262166142463684 0
14.856417208909988 0.89384221454383805 -15.207389086484909 0
15.93738317489624 -0.023679640657064738 -13.756909340620041 0
15.905383467674255 -1.9594775364657835 -13.729811310768127 0
15.589536666870117 -0.99861108933509968 -14.23527917265892 0
17.959321618080139 3.0901231616735458 -5.3362872302532196 0
18.417736649513245 3.0914006531238556 -5.8903692960739136 0
18.002407431602478 4.1374628394842148 -5.9283332675695419 0
17.913351237773895 5.2152592837810516 -5.3471931666135788 0
18.356729328632355 5.2406508922576904 -5.9032364338636398 0
18.74628484249115 3.099119059741497 -5.234598346054554 0
19.194233059883118 3.109019823372364 -5.820839911699295 0
18.780019342899323 4.1674079149961472 -5.8628387451171875 0
18.831625938415527 2.0592284763697535 -5.8505535274744034 0
18.678257584571838 5.2688376754522324 -5.2497432753443718 0
19.117145717144012 5.2937277853488922 -5.836999237537384 0
18.267597794532776 3.0937322452664375 -4.6856435313820839 0
17.861132800579071 4.141107439994812 -4.756739467382431 0
17.87396651506424 2.0668747697491199 -4.7512424290180206 0
18.211445808410645 5.243317499756813 -4.698540560901165 0
19.033148527145386 3.1085573062300682 -4.5504055991768837 0
18.626728951931 4.1690606698393822 -4.6249374151229858 0
18.671835482120514 2.0595298807602376 -4.6128457933664322 0
18.960261642932892 5.294325664639473 -4.5684116706252098 0
17.10878586769104 1.09451664541848 -5.4345591813325882 0
17.190245985984802 1.0932132017333061 -6.5315032005310059 0
16.727853953838348 1.1077967865858227 -6.0136692672967911 0
17.139857649803162 0.11303843790665269 -5.9807858765125275 0
16.238262802362442 1.1200865372084081 -5.5352451950311661 0
16.309128671884537 1.1181793729774654 -6.5548200607299805 0
15.835500031709671 1.1293691475875676 -6.0751814544200897 0
16.268310815095901 0.13972893264144659 -6.0440214723348618 0
18.8851637840271 1.0489556965185329 -6.4710559248924255 0
18.867290198802948 1.0463137320475653 -7.7289401590824127 0
18.889935553073883 0.055818992434069514 -7.0939435809850693 0
18.471290528774261 1.054720364860259 -7.097029834985733 0
19.311046659946442 1.0454116390901618 -7.1005211621522903 0
18.025398850440979 1.0624735015444458 -7.6828225255012512 0
18.031739294528961 0.082095032092183828 -7.0876976400613785 0
17.623470306396484 1.077638610964641 -7.0881231725215912 0
18.811690032482147 0.053240073844790459 -8.3505811095237732 0
18.393897414207458 1.0491780175361782 -8.3150807619094849 0
19.231717765331268 1.041947185236495 -8.3997533023357391 0
17.956640899181366 0.077562041115015745 -8.2624280154705048 0
17.548177242279053 1.0704920708667487 -8.2258168011903763 0
17.098296761512756 0.1058573117479682 -8.1703744828701019 0
17.168076872825623 1.0878683645278215 -7.6312539428472519 0
16.679104685783386 1.0956823339220136 -8.1298093497753143 0
16.219994485378265 0.12989139324054122 -8.0717411190271378 0
16.282618016004562 1.1116307221818715 -7.573140949010849 0
15.776379466056824 1.1146009031217545 -8.0247875154018402 0
17.171509087085724 0.11191633436828852 -7.0766250938177109 0
16.754334896802902 1.1041969158686697 -7.0739091485738754 0
16.29390960931778 0.13747096620500088 -7.0608570873737335 0
15.854838490486145 1.1246332228183746 -7.0544436722993851 0
17.362018704414368 8.6329210251569748 0.37202937403344549 0
17.749800086021423 7.5758950710296631 -0.18601541366660967 0
17.474536776542664 6.4221794158220291 0.41090672224527225 0
17.07137855887413 7.5612757802009583 0.96135433242307045 0
17.747340679168701 7.6202350854873657 0.59130858187563717 0
15.158504962921143 10.954059451818466 -0.90709754778072238 0
16.011739581823349 11.057368040084839 -1.0742489262484014 0
16.292486280202866 10.973969906568527 -0.2421849777456373 0
15.424961745738983 11.054838061332703 -0.082298386842012405 0
15.699252605438232 11.838650465011597 -0.58318018168210983 0
17.114816546440125 10.21210703253746 0.2389873368665576 0
17.609228909015656 9.5243155658245087 -0.24206480430439115 0
16.935446888208389 9.512999564409256 0.89599499688483775 0
17.605382442474365 9.7338690757751465 0.5287341270595789 0
17.078015327453613 10.697023928165436 -0.51512050814926624 0
16.433434933423996 10.69004362821579 0.57436644867993891 0
16.992610454559326 11.250723838806152 0.17478534765541553 0
17.986241638660431 8.6435289233922958 -0.80050270198262297 0
18.322785198688507 7.5860243588685989 -1.3836330115736928 0
18.100940048694611 6.4354333877563477 -0.7655597148113884 0
18.393763542175293 7.6333345174789429 -0.61949233408086002 0
15.666575312614441 10.955413550138474 -1.8697454538196325 0
16.497812688350677 11.05793371796608 -2.114866191521287 0
16.858407735824585 10.974946111440659 -1.313941779313609 0
16.234083890914917 11.835865259170532 -1.6006603240966797 0
17.726381480693817 10.219035923480988 -0.91134084155783057 0
18.176535427570343 9.5318144857883453 -1.4313741826917976 0
18.244624614715576 9.7439079284667969 -0.67179467342793941 0
17.616874754428864 10.69911253452301 -1.656136856181547 0
17.596362113952637 11.252161741256714 -0.96698722802102566 0
17.009374231100082 11.044656068086624 -9.9463065564632416 0
17.795543015003204 10.95145907998085 -9.5333309769630432 0
17.251867532730103 11.044946253299713 -8.8279637545347214 0
16.480668723583221 10.954500377178192 -9.2427032589912415 0
17.10167932510376 11.827173709869385 -9.3832640647888184 0
16.65939536690712 11.033754199743271 -11.034098654985428 0
17.486018270254135 10.951187938451767 -10.701582670211792 0
16.19954314827919 10.945553809404373 -10.283874094486237 0
16.807710886001587 11.828949928283691 -10.487555027008057 0
19.155565857887268 6.4302229434251785 -9.7984962463378906 0
19.228424370288849 7.5802489072084427 -9.1376115828752518 0
19.044101357460022 8.6330886483192444 -9.7962482869625092 0
18.95220685005188 7.5676654726266861 -10.457062125205994 0
19.481130599975586 7.6306190490722656 -9.8831765651702881 0
18.208806335926056 10.674661487340927 -10.271369308233261 0
18.76028960943222 10.199001044034958 -9.7426058650016785 0
18.468531370162964 10.674172163009644 -9.0326075702905655 0
18.60920524597168 11.222973823547363 -9.7121682167053223 0
19.079519987106323 9.5164485573768616 -9.1287068873643875 0
18.808557569980621 9.5101471841335297 -10.431412935256958 0
19.333846569061279 9.7309665679931641 -9.8660743236541748 0
18.816279172897339 6.4125294238328934 -11.105903476476669 0
18.704178512096405 8.6223550289869308 -11.091730862855911 0
18.548885881900787 7.551615834236145 -11.737477630376816 0
19.133787155151367 7.6159423589706421 -11.228578329086304 0
17.824215471744537 10.667536497116089 -11.474648028612137 0
18.429456651210785 10.194247335195541 -11.007160931825638 0
18.284363269805908 11.228434085845947 -10.962997198104858 0
18.40557473897934 9.5001441538333893 -11.694873213768005 0
18.98940372467041 9.7245423793792725 -11.192093372344971 0
15.988095700740814 10.684082508087158 -8.6084156483411789 0
15.421248406171799 10.284531056880951 -9.0009000897407532 0
15.767535805702209 10.67702180147171 -9.6045556366443634 0
15.522275686264038 11.365623474121094 -9.0314426422119141 0
15.167789548635483 10.271615892648697 -9.9386599063873291 0
15.454690337181091 10.660732954740524 -10.57341006398201 0
15.26532506942749 11.35345983505249 -9.9848141670227051 0
15.219648391008377 9.8268942832946777 -8.4684771299362183 0
14.990603536367416 9.2675560563802719 -8.8922567665576935 0
15.016897976398468 9.8175218403339386 -9.3857466280460358 0
14.70688796043396 10.191968202590942 -8.8370428085327148 0
15.075189411640167 8.5926599204540253 -8.4354030936956406 0
15.043258100748062 7.8035003244876862 -8.8926095068454742 0
14.877006679773331 8.5823352932929993 -9.3300260007381439 0
14.594688892364502 8.6660647392272949 -8.7959697246551514 0
15.176741153001785 6.9378457516431808 -8.4450523853302002 0
15.118140161037445 5.9986352622509003 -8.8993790745735168 0
14.97746941447258 6.9244235008955002 -9.3449228405952454 0
14.635280847549438 6.9001518487930298 -8.7942764759063721 0
14.749921202659607 9.2544675916433334 -9.7808081805706024 0
14.728380113840103 9.8013250529766083 -10.278806000947952 0
14.474124670028687 10.178070545196533 -9.7052464485168457 0
14.801050990819931 7.7894036322832108 -9.7793723344802856 0
14.593693912029266 8.5664171725511551 -10.203284651041031 0
14.364848852157593 8.6525530815124512 -9.6413784027099609 0
14.875762909650803 5.9810674786567688 -9.7919273376464844 0
14.691955178976059 6.9064585715532303 -10.22463458776474 0
14.40453052520752 6.8843588829040527 -9.6391277313232422 0
17.05993390083313 10.936321139335632 -11.828540623188019 0
17.323674142360687 10.651350617408752 -12.627410650253296 0
17.972416698932648 10.182496607303619 -12.225856304168701 0
17.830104827880859 11.215137958526611 -12.167975187301636 0
17.886182904243469 9.4878530502319336 -12.906280517578125 0
18.240289747714996 8.6090268343687057 -12.340212762355804 0
18.513867855072021 9.7136168479919434 -12.468650102615356 0
16.528630793094635 10.920733064413071 -12.901836752891541 0
16.720875710248947 10.643319219350815 -13.719977617263794 0
17.403576612472534 10.17074054479599 -13.386956334114075 0
17.265653610229492 11.200834035873413 -13.313762903213501 0
17.255927324295044 9.4782118797302246 -14.05250209569931 0
17.661839485168457 8.5955340713262558 -13.528585940599442 0
17.922869682312012 9.7032792568206787 -13.683266878128052 0
15.8183513879776 10.927683264017105 -11.289098858833313 0
16.203295230865479 11.014741271734238 -12.07631379365921 0
16.404297351837158 11.809914827346802 -11.552311658859253 0
15.340833425521851 10.912291318178177 -12.24761563539505 0
15.652880311012268 11.004779458045959 -13.064725428819656 0
15.900092363357544 11.793565511703491 -12.563653945922852 0
18.02796858549118 7.5335314571857452 -12.964389771223068 0
18.354706585407257 6.3908185064792633 -12.365984678268433 0
18.660228252410889 7.5988278388977051 -12.523820638656616 0
17.392782628536224 7.5149829387664795 -14.123051255941391 0
17.775579631328583 6.3665012866258621 -13.564209133386612 0
18.067327499389648 7.5808594226837158 -13.754537343978882 0
13.89580899477005 9.7651596963405609 -11.962537944316864 0
14.389647006988525 10.237107783555984 -11.711917102336884 0
14.351464807987213 9.783568948507309 -11.139240384101868 0
14.01626268029213 9.2180305868387222 -11.474814563989639 0
13.753860712051392 10.142369747161865 -11.350371122360229 0
14.229025781154633 8.5475114434957504 -11.050184607505798 0
14.073742717504501 7.7495304197072983 -11.481085807085037 0
13.788322001695633 8.5266610234975815 -11.863821655511856 0
13.670421600341797 8.6138043403625488 -11.264213562011719 0
14.823139846324921 10.25405278801918 -10.844845831394196 0
14.423338979482651 9.236947774887085 -10.643780916929245 0
14.155540227890015 10.159892082214355 -10.544914245605469 0
14.475872457027435 7.7710122615098953 -10.644243687391281 0
14.054529905319214 8.6343644857406616 -10.466205596923828 0
14.550446152687073 10.62863752245903 -12.38713812828064 0
15.046013832092285 10.643199652433395 -11.502802610397339 0
14.475655317306519 11.318583965301514 -11.777831077575684 0
14.916711807250977 11.333385705947876 -10.90326714515686 0
14.328127950429916 6.8842681795358658 -11.080731987953186 0
14.149797439575195 5.9314155280590057 -11.5089311003685 0
13.888505071401596 6.8581156581640244 -11.906103312969208 0
13.717590570449829 6.8389278650283813 -11.271026134490967 0
14.549991130828857 5.9587926343083382 -10.66312712430954 0
14.095278024673462 6.8638873100280762 -10.466392278671265 0
18.648123741149902 5.2620416730642319 -11.740747690200806 0
18.126846611499786 5.2350692301988602 -12.974508225917816 0
18.447771668434143 4.133066538721323 -12.359280616044998 0
18.741409778594971 5.2730399370193481 -12.521132230758667 0
17.491641044616699 5.2044720351696014 -14.139662444591522 0
17.866754472255707 4.1015185378491879 -13.561919659376144 0
18.149619579315186 5.2438209056854248 -13.757191181182861 0
18.74010568857193 3.0722478665411472 -11.723517805337906 0
18.216156721115112 3.043209969997406 -12.961300671100616 0
18.545808017253876 2.0158981559361564 -12.344070076942444 0
18.836683750152588 3.07589191198349 -12.50331449508667 0
17.576980412006378 3.0091895237565041 -14.129022777080536 0
17.955330908298492 1.986143387388438 -13.547832071781158 0
18.239418506622314 3.0425437390804291 -13.743144512176514 0
19.328268468379974 5.3012487888336182 -9.1274318099021912 0
19.04859721660614 5.2844427973031998 -10.452475637197495 0
19.251454770565033 4.1798054575920105 -9.7849290668964386 0
19.556806087493896 5.3188413381576538 -9.8690016269683838 0
18.909456193447113 4.1594110280275345 -11.094597339630127 0
19.210609912872314 5.2984286546707153 -11.219569683074951 0
19.428000628948212 3.1112993583083153 -9.1121980249881744 0
19.142386913299561 3.0951201617717743 -10.434297978878021 0
19.358620226383209 2.0589639842801262 -9.7706054747104645 0
19.6612229347229 3.123828649520874 -9.8503437042236328 0
19.011446118354797 2.0406840396317421 -11.077366173267365 0
19.308092594146729 3.1032590270042419 -11.197936534881592 0
13.938897043466568 4.9389164969325066 -11.922416925430298 0
14.373849540948868 4.9723942205309868 -11.089763164520264 0
14.172725826501846 3.9663823433220387 -11.505247265100479 0
13.740149021148682 4.9390904307365417 -11.274318218231201 0
14.738467574119568 4.9995630905032158 -10.230109572410583 0
14.570920139551163 3.9986462891101837 -10.658339232206345 0
14.116016626358032 4.9697785377502441 -10.466175317764282 0
13.953072220087051 2.9619351364672184 -11.909878820180893 0
14.381333261728287 2.9980971775949001 -11.077193737030029 0
14.178673833608627 2.0017815205501392 -11.487440496683121 0
13.745990514755249 2.9805456101894379 -11.263554573059082 0
14.74434170126915 3.0272263512015343 -10.219831943511963 0
14.571101605892181 2.0332118635997176 -10.6434465944767 0
14.119063377380371 3.0134415626525879 -10.457630395889282 0
15.022429525852203 5.0211591571569443 -9.3463926315307617 0
14.895906984806061 4.0242952555418015 -9.7867248356342316 0
14.425147771835327 4.9940285682678223 -9.6370718479156494 0
15.222954899072647 5.0381734073162079 -8.4430787861347198 0
15.138028740882874 4.0445697978138924 -8.8927392065525055 0
14.654186010360718 5.013002872467041 -8.7891616821289062 0
15.027950644493103 3.0503784790635109 -9.3370950818061829 0
14.895110756158829 2.0587297598831356 -9.7749703824520111 0
14.428745746612549 3.0392819046974182 -9.6301758289337158 0
15.232053577899933 3.0685833021998405 -8.4341598749160767 0
15.140435010194778 2.0790705787949264 -8.8828510940074921 0
14.660548448562622 3.0594078898429871 -8.781329870223999 0
17.708255708217621 -1.0212671573972329 -14.110079497098923 0
18.010522127151489 -1.9988780771382153 -13.509422421455383 0
18.34680700302124 -1.0084527009603335 -12.9315245449543 0
18.045314729213715 -0.028487897478044033 -13.544502317905426 0
18.420772075653076 -1.0255573787726462 -13.731578350067139 0
18.564402639865875 -1.9883492934022797 -12.287733882665634 0
18.862895131111145 -0.98935581120895222 -11.688529372215271 0
18.651467144489288 -0.006804628559621051 -12.343370169401169 0
19.021346092224121 -1.0112827478442341 -12.48228645324707 0
17.665872275829315 0.95707271958235651 -14.120418131351471 0
18.327016592025757 0.98319184915453661 -12.957435607910156 0
18.367406845092773 0.97543351864442229 -13.746982336044312 0
18.864904403686523 1.0084953891928308 -11.720217019319534 0
18.997607707977295 1.0019639374222606 -12.512782573699951 0
19.000117063522339 -1.9728923785296502 -11.018850922584534 0
19.255948960781097 -0.97148350083443802 -10.400958389043808 0
19.12174779176712 0.014872060652123764 -11.076446115970612 0
19.484181880950928 -0.9915265254676342 -11.171844720840454 0
19.328461349010468 -1.9617198556370568 -9.7229719460010529 0
19.538025975227356 -0.96235619348590262 -9.0886035114526749 0
19.470629751682281 0.030806016351561993 -9.769673764705658 0
19.834381103515625 -0.97747322055511177 -9.8302843570709229 0
19.272487580776215 1.0291165130474837 -10.430331259965897 0
19.48403787612915 1.0258272476494312 -11.204803705215454 0
19.562877953052521 1.0421780100732576 -9.1094767302274704 0
19.848197937011719 1.0432830837089568 -9.8561325073242188 0
14.750959515571594 -0.88106857007369399 -10.187252283096313 0
14.588049203157425 -1.8866862887516618 -10.608143985271454 0
14.393816769123077 -0.90192993346136063 -11.039531171321869 0
14.575670272111893 0.087002305313944817 -10.625291705131531 0
14.150104999542236 -0.8897997047752142 -10.432803630828857 0
14.195889323949814 -1.9024595868540928 -11.449944823980331 0
13.970356732606888 -0.92350987164536491 -11.869729459285736 0
14.187400251626968 0.061550232348963618 -11.467575430870056 0
13.781493425369263 -0.9108589943498373 -11.235169410705566 0
14.743477702140808 1.0725505040027201 -10.204463839530945 0
14.384703278541565 1.0458888077409938 -11.058607280254364 0
14.127083301544189 1.0635745916515589 -10.446470260620117 0
13.963242560625076 1.0147584881051444 -11.889770209789276 0
13.760414838790894 1.0348726753145456 -11.250251293182373 0
15.0352863073349 -0.86228236462920904 -9.3108351826667786 0
14.9086092710495 -1.8708236147649586 -9.7435894310474396 0
14.897721022367477 0.10961436945945024 -9.7598197460174561 0
14.458779811859131 -0.86963252909481525 -9.6097781658172607 0
15.237713098526001 1.1125491820275784 -8.4251801669597626 0
15.145985215902328 0.12868872750550508 -8.8715828061103821 0
15.028463065624237 1.094746888615191 -9.3250192403793335 0
14.67575478553772 1.1075809374451637 -8.7745230197906494 0
14.436710119247437 1.0877736043184996 -9.6214611530303955 0
12.975851118564606 5.0578934773802757 -18.794350624084473 0
13.560015618801117 3.8956149220466614 -18.471815526485443 0
14.023383527994156 5.07524523884058 -18.015220522880554 0
13.454620063304901 6.2646758928894997 -18.362387597560883 0
13.732356309890747 5.1037355065345764 -18.689021587371826 0
13.160846918821335 10.143749564886093 -18.026965916156769 0
13.410465717315674 10.622022271156311 -17.330199182033539 0
12.577692151069641 10.88643816113472 -17.221814125776291 0
12.402200758457184 10.614794820547104 -18.020993292331696 0
13.06254243850708 11.192294597625732 -17.904381275177002 0
12.752299726009369 9.4522892534732819 -18.541907131671906 0
13.346157044172287 8.5546100437641144 -18.261274933815002 0
13.803029477596283 9.4535438120365143 -17.81895899772644 0
13.506831645965576 9.6823275089263916 -18.505572319030762 0
12.866154700517654 7.4606698602437973 -18.669441938400269 0
13.921914517879486 7.4607614725828171 -17.935540795326233 0
13.629086971282959 7.5267212390899658 -18.620043754577637 0
12.094715505838394 10.141935259103775 -18.694700062274933 0
11.583188712596893 10.875287503004074 -17.838369250297546 0
11.339740484952927 10.609429866075516 -18.620896756649017 0
12.005381345748901 11.18790864944458 -18.559702396392822 0
11.644810497760773 9.4534822404384613 -19.173375487327576 0
12.261457204818726 8.5557193607091904 -18.942385375499725 0
12.397756814956665 9.6859104633331299 -19.197999477386475 0
11.753426223993301 7.4657443761825562 -19.309541165828705 0
12.372517257928848 6.2653990983963013 -19.062541306018829 0
12.513322114944458 7.5351459980010986 -19.31304407119751 0
12.638849169015884 10.967589914798737 -16.357098549604416 0
11.791327178478241 10.845571368932724 -16.135240018367767 0
11.720965266227722 10.95229771733284 -16.98568132519722 0
12.154356479644775 11.765772819519043 -16.647752046585083 0
10.899365991353989 10.827096968889236 -16.689447343349457 0
10.753044277429581 10.936557471752167 -17.526223182678223 0
11.211597204208374 11.750893354415894 -17.225146293640137 0
14.572870194911957 3.9372466765344143 -17.618401288986206 0
15.010172456502914 5.1032220423221588 -17.15853813290596 0
14.47657909989357 6.273988351225853 -17.567292988300323 0
14.775220155715942 5.1196581721305847 -17.863915920257568 0
15.521281987428665 3.9816013127565384 -16.709672510623932 0
15.920333921909332 5.1359710544347763 -16.226407289505005 0
15.425592720508575 6.2912889719009399 -16.684394299983978 0
15.746048927307129 5.1460399627685547 -16.95784330368042 0
14.124154657125473 2.8232663609087467 -18.080344498157501 0
14.669344514608383 1.8287678223568946 -17.643711507320404 0
15.101548194885254 2.8784771971404552 -17.17734494805336 0
14.880247592926025 2.8777265548706055 -17.885231018066406 0
15.607488453388214 1.8775193823967129 -16.70868194103241 0
16.009719789028168 2.9273599795997143 -16.228621363639832 0
15.843065500259399 2.9227868020534515 -16.959553718566895 0
18.171672582626343 4.1845402643084526 -0.74906245889724232 0
17.842243015766144 5.2926645427942276 -0.16161082830512896 0
18.411735057830811 5.3041871637105942 -1.3607989108131733 0
18.470104217529297 5.3179161548614502 -0.60352793033234775 0
17.550568878650665 4.1711962223052979 0.42502702129422687 0
17.165283560752869 5.2766514718532562 0.98584903721348383 0
17.827987194061279 5.3033629655838013 0.60639816825278103 0
17.994100034236908 10.955892831087112 -8.3414335250854492 0
17.391363620758057 11.053850144147873 -7.6935649216175079 0
16.663487911224365 10.959160566329956 -8.1794743239879608 0
17.292876243591309 11.828902959823608 -8.2581524848937988 0
19.2576784491539 8.6420708447694778 -8.4748995900154114 0
19.233456015586853 9.5252311825752258 -7.8134540170431137 0
18.968774855136871 10.205111116170883 -8.452453225851059 0
19.548773288726807 9.7378871440887451 -8.5146310329437256 0
18.618425488471985 10.685147017240524 -7.7793249934911728 0
18.815895557403564 11.226082801818848 -8.4384826421737671 0
19.372591137886047 6.4429487586021423 -8.4670683890581131 0
19.38473254442215 7.5896113067865372 -7.8072792291641235 0
19.701313495635986 7.6418730020523071 -8.5135265588760376 0
18.082938849925995 10.965570479631424 -7.1396476775407791 0
17.422735512256622 11.055867224931717 -6.5531378090381622 0
16.747229069471359 10.962207347154617 -7.1050104051828384 0
17.380322933197021 11.836727380752563 -7.1222547292709351 0
19.352931499481201 8.6497394442558289 -7.1504378169775009 0
19.266278326511383 9.5321766436100006 -6.4994440078735352 0
19.061927497386932 10.214336931705475 -7.1563799381256104 0
19.646727085113525 9.7470591068267822 -7.1616215705871582 0
18.649578213691711 10.691545724868774 -6.5230961441993713 0
18.910446643829346 11.239347696304321 -7.1575746536254883 0
19.471796333789825 6.4507836699485779 -7.1340934783220291 0
19.422104477882385 7.5954797267913818 -6.4809940010309219 0
19.805523872375488 7.6495517492294312 -7.1452524662017822 0
19.48582661151886 5.311862513422966 -7.7921461164951324 0
19.565064549446106 4.2008156850934029 -7.1172003000974655 0
19.521547555923462 5.317352756857872 -6.4614753425121307 0
19.886266231536865 5.3402044773101807 -7.1249722242355347 0
19.584275901317596 3.1200357228517532 -7.7775328904390335 0
19.665174305438995 2.0732969730743207 -7.1043886989355087 0
19.606817364692688 3.123550221323967 -6.4450312107801437 0
19.985823631286621 3.1406423449516296 -7.1084144115447998 0
19.471762597560883 4.1934238001704216 -8.4524933099746704 0
19.781725883483887 5.3328341245651245 -8.4964034557342529 0
19.581441581249237 2.0693677106755786 -8.4410273879766464 0
19.893241405487061 3.1360975503921509 -8.4810603857040405 0
13.728228241205215 0.034113960224203765 -12.284169673919678 0
13.458251982927322 0.97957126798428362 -12.687438189983368 0
13.714809387922287 1.9641576374997385 -12.303594589233398 0
13.331451416015625 1.001874110661447 -12.029501914978027 0
13.174286365509033 0.0049922743492061272 -13.057994395494461 0
12.860013395547867 0.94111237880133558 -13.436328530311584 0
13.161735862493515 1.9211659906068235 -13.077709853649139 0
12.805649280548096 0.96462738787522539 -12.763948440551758 0
13.729145497083664 -1.9165639986167662 -12.265782564878464 0
13.465202331542969 -0.94443863255582983 -12.66817232966423 0
13.348587989807129 -0.93153385166078806 -12.014370918273926 0
12.538937598466873 -0.024123366092680953 -13.783783465623856 0
12.196473091840744 0.90317286238860106 -14.137200891971588 0
12.529747277498245 1.8752499335896573 -13.801747143268585 0
12.198499917984009 0.9253761432482861 -13.44959282875061 0
14.166751474142075 10.148697197437286 -17.268702626228333 0
14.355422347784042 10.631648749113083 -16.550337076187134 0
13.515252381563187 10.899576932191849 -16.516348659992218 0
14.060539960861206 11.200527429580688 -17.157263278961182 0
14.367762953042984 8.5567373484373093 -17.486138820648193 0
14.786747366189957 9.4577102065086365 -17.004088133573532 0
14.552808523178101 9.6825807094573975 -17.719125270843506 0
14.909252882003784 7.4672825485467911 -17.106653422117233 0
14.679880142211914 7.5255179405212402 -17.825929641723633 0
13.498726725578308 10.98505488038063 -15.644321143627167 0
12.632234632968903 10.865444719791412 -15.498415440320969 0
13.042544603347778 11.784089326858521 -15.981739044189453 0
15.103710919618607 10.155215948820114 -16.422400325536728 0
15.229990273714066 10.639000445604324 -15.686786085367203 0
14.388408005237579 10.910876482725143 -15.7261962890625 0
14.990534782409668 11.20778226852417 -16.320363759994507 0
15.317915081977844 8.5630563199520111 -16.62132340669632 0
15.697876513004303 9.4644261598587036 -16.104755073785782 0
15.526724100112915 9.6862988471984863 -16.841143131256104 0
15.821230620145798 7.4798976927995682 -16.192961245775223 0
15.654139518737793 7.5322515964508057 -16.935684204101562 0
14.294562339782715 10.994835317134857 -14.854298263788223 0
13.415587335824966 10.881911337375641 -14.784457415342331 0
13.870583295822144 11.796982288360596 -15.23313307762146 0
11.42474353313446 4.7625560909509659 -14.750583201646805 0
11.058138847351074 3.7363111861050129 -15.044679671525955 0
10.648147284984589 4.719460591673851 -15.28360441327095 0
11.021586269140244 5.7406978160142899 -15.000561356544495 0
10.762774705886841 4.7198014855384827 -14.607938528060913 0
11.456588596105576 2.7749188952147961 -14.774531245231628 0
11.081455230712891 1.7934088871115819 -15.064778536558151 0
10.673371702432632 2.7345410585403442 -15.319362938404083 0
10.796499967575073 2.7525348365306854 -14.634736776351929 0
10.256818264722824 3.6963436864316463 -15.544026792049408 0
9.8377244472503662 4.6824785396456718 -15.742829501628876 0
10.232404559850693 5.702927753329277 -15.493699669837952 0
9.9996659755706787 4.6793506145477295 -15.069158554077148 0
11.38004994392395 9.678432822227478 -14.738933801651001 0
10.923535078763962 9.1034366190433502 -14.884060561656952 0
10.611272901296616 9.6542004644870758 -15.262757271528244 0
11.168896704912186 10.138394296169281 -15.26013445854187 0
10.752654790878296 10.034117698669434 -14.658723831176758 0
11.297879964113235 8.4304465800523758 -14.603930830955505 0
10.960627615451813 7.6164977252483368 -14.915002703666687 0
10.540447860956192 8.4029557257890701 -15.121104627847672 0
10.692746162414551 8.4917945861816406 -14.534118890762329 0
11.371712446212769 6.7289789468050003 -14.688291817903519 0
10.606323003768921 6.6949073821306229 -15.215162724256516 0
10.725236654281616 6.6749998331069946 -14.565940380096436 0
11.848050206899643 10.561870902776718 -15.355537354946136 0
11.024554401636124 10.541449517011642 -15.921496480703354 0
11.219571590423584 11.241343021392822 -15.344223260879517 0
10.148499637842178 9.076513484120369 -15.368060529232025 0
9.8097872734069824 9.6279646754264832 -15.720700562000275 0
10.359900444746017 10.115253508090973 -15.765726745128632 0
9.9970073699951172 10.009415149688721 -15.126674175262451 0
10.182862490415573 7.5862853527069092 -15.403883337974548 0
9.7522092759609222 8.3739418983459473 -15.573420822620392 0
9.9475674629211426 8.4631186723709106 -14.996912717819214 0
9.80757075548172 6.6613145023584366 -15.670358270406723 0
9.9748179912567139 6.640723705291748 -15.029388904571533 0
10.159162431955338 10.519423693418503 -16.409145027399063 0
10.400485754013062 11.221030235290527 -15.849716424942017 0
11.807914942502975 3.7833831533789635 -14.460932970046997 0
12.176397919654846 2.8218513801693916 -14.142637252807617 0
11.836546242237091 1.8312059072777629 -14.470354676246643 0
11.51392388343811 2.7962689697742462 -14.082412719726562 0
11.769852191209793 5.7807377725839615 -14.432368814945221 0
12.14407280087471 4.808734342455864 -14.132728070020676 0
11.478980302810669 4.7651358842849731 -14.067742586135864 0
12.500011265277863 3.833131417632103 -13.801358193159103 0
12.842451542615891 2.8714500963687897 -13.450768232345581 0
12.172640323638916 2.8446339964866638 -13.45357608795166 0
12.463725686073303 5.8216709047555923 -13.787641823291779 0
12.811525195837021 4.8552765250205994 -13.450152307748795 0
12.139483690261841 4.8123296499252319 -13.448673963546753 0
11.701028794050217 7.6456128358840942 -14.356614142656326 0
12.092467904090881 6.7630450576543808 -14.088723808526993 0
11.440524101257324 6.7099190950393677 -14.034956932067871 0
11.933920562267303 10.160854250192642 -14.680837571620941 0
12.100888729095459 9.7019743323326111 -14.139897763729095 0
11.661958158016205 9.1289157122373581 -14.332420766353607 0
11.470691680908203 10.057530641555786 -14.124614238739014 0
12.011826902627945 8.4562565684318542 -14.014539122581482 0
11.405120372772217 8.5187480449676514 -14.007918119430542 0
12.618543118238449 10.58351656794548 -14.711700677871704 0
11.991224050521851 11.26340126991272 -14.761172533035278 0
12.392379820346832 7.6731675118207932 -13.726771354675293 0
12.757295668125153 6.7963605374097824 -13.417021900415421 0
12.105612277984619 6.7445721626281738 -13.430311441421509 0
12.645332127809525 10.181705951690674 -14.028329491615295 0
12.766223073005676 9.7230983674526215 -13.471922248601913 0
12.348895996809006 9.1523769050836563 -13.706622838973999 0
12.13611626625061 10.079557418823242 -13.516393184661865 0
12.671490669250488 8.48005111515522 -13.355374962091446 0
12.068718671798706 8.5433900356292725 -13.409328460693359 0
13.332009136676788 10.599056750535965 -13.998172223567963 0
12.709269523620605 11.281868457794189 -14.10461163520813 0
17.166793644428253 11.058933347463608 -4.2949014827609062 0
17.674444079399109 10.975042968988419 -3.5769789963960648 0
16.883549094200134 11.05889967083931 -3.1913861408829689 0
16.39236456155777 10.960045874118805 -3.9058759212493896 0
17.000256061553955 11.836897134780884 -3.7477450370788574 0
17.31960916519165 10.974748909473419 -2.4292429536581039 0
16.077411472797394 10.958125799894333 -2.8731109350919724 0
16.667106628417969 11.835478067398071 -2.659069836139679 0
18.362642288208008 10.70031526684761 -4.0446896106004715 0
18.615809559822083 10.226080775260925 -3.3351182714104652 0
18.046380281448364 10.700775325298309 -2.8357665166258812 0
18.472864151000977 11.253481388092041 -3.3707410097122192 0
18.960339367389679 9.5388990938663483 -3.9180484488606453 0
18.892162263393402 8.6555781662464142 -3.2651789784431458 0
18.629329264163971 9.5368193686008453 -2.6595626845955849 0
19.178568840026855 9.7563767433166504 -3.1901884078979492 0
18.229009807109833 10.223532527685165 -2.1059619709849358 0
18.091011524200439 11.252415895462036 -2.1519970297813416 0
18.500477612018585 8.6508865356445312 -2.0155331902205944 0
18.773682594299316 9.7514803409576416 -1.9134217202663422 0
19.105093777179718 7.5971842855215073 -3.8859675675630569 0
19.004165828227997 6.4509457349777222 -3.2383288219571114 0
18.776291072368622 7.5930228233337402 -2.6199541725218296 0
19.328014373779297 7.6497917175292969 -3.1536380052566528 0
18.61513090133667 6.4447374939918518 -1.9847676828503609 0
18.928019523620605 7.6429184675216675 -1.8690968155860901 0
15.224971622228622 8.5979854017496109 -6.5927063971757889 0
15.275132924318314 7.8173180669546127 -7.0589431524276733 0
15.191886812448502 8.5973555743694305 -7.5201897621154785 0
15.226867645978928 9.2744501978158951 -7.0574244558811188 0
14.820691585540771 8.6741242408752441 -7.0439512729644775 0
15.341710865497589 9.8295266330242157 -7.5339375585317612 0
15.672375351190567 10.290023177862167 -7.0725322514772415 0
15.379198789596558 9.8275821805000305 -6.5898118615150452 0
14.948736190795898 10.192518949508667 -7.0472531318664551 0
15.20076185464859 7.8125824779272079 -7.9847550541162491 0
15.149029612541199 9.273864671587944 -7.982640340924263 0
14.746121644973755 8.6730023622512817 -7.9293476343154907 0
15.589253783226013 10.29012542963028 -8.0426933616399765 0
14.864563226699829 10.196318387985229 -7.948697566986084 0
15.328644275665283 6.9533137083053589 -6.5906961113214493 0
15.356370389461517 6.0221877843141556 -7.0571056753396988 0
15.294053256511688 6.9471479058265686 -7.5245820432901382 0
14.861751079559326 6.918529748916626 -7.0444129705429077 0
15.276878595352173 6.0120761841535568 -7.9867656528949738 0
14.785852909088135 6.9112881422042847 -7.9290035963058472 0
16.117467850446701 10.687877595424652 -7.5966191440820694 0
16.15339595079422 10.686203688383102 -6.5774074494838715 0
15.780297994613647 11.365743398666382 -7.0747545957565308 0
15.694237947463989 11.368530988693237 -8.0581810474395752 0
15.382689714431763 5.0615675300359726 -6.5847187042236328 0
15.382912248373032 4.0728534907102585 -7.0504521578550339 0
15.343946695327759 5.051442563533783 -7.5206834375858307 0
14.890831232070923 5.0388492345809937 -7.038810133934021 0
15.300959438085556 4.0605571419000626 -7.9799311757087708 0
14.808115005493164 5.0275944471359253 -7.9227540493011475 0
15.395884454250336 3.0929682105779648 -6.5783449560403824 0
15.392444789409637 2.10668367985636 -7.044845849275589 0
15.358222186565399 3.0827735066413879 -7.5134894400835037 0
14.909072875976562 3.0874992609024048 -7.0329474210739136 0
15.308826237916946 2.094974905718118 -7.972032368183136 0
14.822582960128784 3.0751532912254333 -7.9153585433959961 0
15.189755767583847 10.918531179428101 -14.858296692371368 0
15.016574770212173 11.002267867326736 -13.99371874332428 0
14.134484440088272 10.892283946275711 -14.001729488372803 0
14.631142139434814 11.800208568572998 -14.410977840423584 0
15.905138045549393 10.919472694396973 -13.915025502443314 0
14.777854442596436 10.90200799703598 -13.154185026884079 0
15.30916428565979 11.796527624130249 -13.518997430801392 0
15.965915501117706 10.16256183385849 -15.495273917913437 0
16.02477177977562 10.645102828741074 -14.74472913146019 0
15.846330404281616 11.212692737579346 -15.401103973388672 0
16.193453460931778 8.5730176419019699 -15.677339315414429 0
16.528550446033478 9.4724467992782593 -15.125152885913849 0
16.426339626312256 9.6932792663574219 -15.882029294967651 0
16.734851807355881 10.166472584009171 -14.481970489025116 0
16.606675148010254 11.206990003585815 -14.396460771560669 0
16.977907598018646 8.5839300900697708 -14.646231770515442 0
17.22754955291748 9.6982777118682861 -14.828112602233887 0
16.299188941717148 6.3145958185195923 -15.726399272680283 0
16.656044751405716 7.4969130754470825 -15.203681170940399 0
16.553454875946045 7.5459154844284058 -15.967074394226074 0
17.087686538696289 6.3407049924135208 -14.688399791717529 0
17.36296558380127 7.563075065612793 -14.90849757194519 0
15.13674983382225 6.9606778174638748 -4.7173680141568184 0
14.988998115062714 7.8217409551143646 -4.2698950469493866 0
14.909162908792496 6.9619031399488449 -3.8056436777114868 0
15.067645370960236 6.0385878384113312 -4.2496383413672447 0
14.592974662780762 6.9294717311859131 -4.3689203858375549 0
15.367189645767212 10.285542607307434 -4.169087715446949 0
14.958371549844742 9.8228301405906677 -3.784941129386425 0
14.945308178663254 9.2702042907476425 -4.2792458608746529 0
15.183779150247574 9.8246849477291107 -4.7061595618724823 0
14.681570768356323 10.180379390716553 -4.3421916365623474 0
15.036714375019073 8.5973897278308868 -4.7373374029994011 0
14.815423220396042 8.5965594053268433 -3.8328973427414894 0
14.557926893234253 8.6702628135681152 -4.3770495057106018 0
15.683143973350525 10.682172536849976 -3.5594247058033943 0
15.932489484548569 10.684043407440186 -4.5512485429644585 0
15.469058275222778 11.352661609649658 -4.1388158798217773 0
14.721768319606781 7.821177139878273 -3.3713359609246254 0
14.598127514123917 6.9608690142631531 -2.9134231247007847 0
14.797019571065903 6.039387509226799 -3.3455484509468079 0
14.337826251983643 6.9297844171524048 -3.5090292096138 0
15.085084110498428 10.283572494983673 -3.2305995747447014 0
14.642023056745529 9.8202120661735535 -2.885577492415905 0
14.68015268445015 9.2682395130395889 -3.3829294964671135 0
14.424360752105713 10.17670202255249 -3.4684879779815674 0
14.5070541203022 8.5945100784301758 -2.9482199624180794 0
14.306868553161621 8.6682350635528564 -3.5189329385757446 0
15.339345812797546 10.679636031389236 -2.5918234102427959 0
15.182947158813477 11.348613739013672 -3.1893399953842163 0
15.661320596933365 10.288237154483795 -6.0982304960489273 0
15.323523372411728 9.8264198303222656 -5.6448046118021011 0
15.218118190765381 9.2730076313018799 -6.1261148303747177 0
14.944158554077148 10.187847852706909 -6.1409237384796143 0
15.172781258821487 8.5978134423494339 -5.662416860461235 0
15.264844715595245 7.8195519149303436 -6.1246886551380157 0
14.814058542251587 8.6728354692459106 -6.1507879495620728 0
15.557396173477173 10.287241071462631 -5.1276717931032181 0
15.123055338859558 9.271721139550209 -5.196309819817543 0
14.851709127426147 10.184544563293457 -5.2358629703521729 0
15.170074909925461 7.820981577038765 -5.1901001334190369 0
14.726279258728027 8.6715719699859619 -5.2567317485809326 0
16.728502780199051 10.960407584905624 -6.0289575904607773 0
16.088845431804657 10.684889703989029 -5.5597807317972183 0
15.769493341445923 11.359719753265381 -6.0888261795043945 0
16.60907718539238 10.960173517465591 -4.9602636843919754 0
15.662820339202881 11.356415510177612 -5.107907772064209 0
15.27502453327179 6.957719475030899 -5.6515463441610336 0
15.34817498922348 6.0298750698566437 -6.1174649000167847 0
14.855526208877563 6.9234999418258667 -6.1493461132049561 0
15.251547753810883 6.0353939980268478 -5.1761230379343033 0
14.766396284103394 6.9272079467773438 -5.2510360479354858 0
18.056364059448242 10.966950297355652 -5.9388501793146133 0
17.346112072467804 11.055083960294724 -5.4177232831716537 0
17.357419967651367 11.83244776725769 -5.9857897758483887 0
17.919762790203094 10.970723360776901 -4.7491080388426781 0
17.229957580566406 11.833452939987183 -4.8590378761291504 0
19.445273220539093 6.4543034285306931 -5.8124049007892609 0
19.328237593173981 7.5979673117399216 -5.1710019409656525 0
19.324220836162567 8.6547075808048248 -5.8345982134342194 0
19.78152322769165 7.6534801721572876 -5.7889207601547241 0
19.282346129417419 6.4541948437690735 -4.514247715473175 0
19.166857659816742 8.6568879932165146 -4.5390270575881004 0
19.613240242004395 7.6535414457321167 -4.4595185518264771 0
19.175150454044342 9.5367211401462555 -5.1978901848196983 0
19.033418655395508 10.219882935285568 -5.8652249574661255 0
19.618358135223389 9.7533447742462158 -5.8163470029830933 0
18.563303828239441 10.694475769996643 -5.2754255458712578 0
18.881770610809326 11.242217779159546 -5.8791588544845581 0
18.884243190288544 10.224347770214081 -4.5897389501333237 0
19.460201740264893 9.7569334506988525 -4.4918061494827271 0
18.736289024353027 11.247867584228516 -4.6149957776069641 0
13.442723542451859 2.9191544353961945 -12.706274747848511 0
13.701896220445633 3.9271529242396355 -12.321485936641693 0
13.310026884078979 2.9402016997337341 -12.042910814285278 0
13.140432953834534 3.8820618093013763 -13.089213192462921 0
12.782092809677124 2.8940353691577911 -12.77519702911377 0
13.418635964393616 4.8994713500142097 -12.713547229766846 0
13.669570922851562 5.8989013805985451 -12.318965911865234 0
13.293809413909912 4.901635468006134 -12.051056861877441 0
13.101579219102859 5.8617756068706512 -13.079918384552002 0
12.754130601882935 4.8586513996124268 -12.776550054550171 0
14.962188839912415 5.0759336650371552 -3.7881140932440758 0
15.096863359212875 4.0898790210485458 -4.2383542656898499 0
15.190468579530716 5.073544442653656 -4.7038889229297638 0
14.627089738845825 5.056640625 -4.357027530670166 0
14.977180272340775 3.1024622619152069 -3.7778817936778069 0
15.099888950586319 2.1158921513706446 -4.2326067015528679 0
15.202815860509872 3.1017439737915993 -4.696615993976593 0
14.647003889083862 3.1012280583381653 -4.3442103862762451 0
14.649392932653427 5.0759429931640625 -2.894123088568449 0
14.827395856380463 4.0911691039800644 -3.3326360136270523 0
14.371739864349365 5.0581408739089966 -3.4950504899024963 0
14.664792567491531 3.1023175418376923 -2.8844243586063385 0
14.830913573503494 2.1145013673231006 -3.32452142983675 0
14.394228219985962 3.1015804409980774 -3.4785032272338867 0
15.280852735042572 2.1162899998016655 -5.1636325120925903 0
15.339776754379272 3.0989631041884422 -5.6355552971363068 0
15.278837829828262 4.0869040712714195 -5.1672644317150116 0
14.814821243286133 3.0999798774719238 -5.2339926958084106 0
15.328788757324219 5.0688778609037399 -5.6418966352939606 0
14.799447059631348 5.053321361541748 -5.2421466112136841 0
15.379510045051575 2.1136853452771902 -6.1056815683841705 0
15.374913781881332 4.0815078467130661 -6.1100166738033295 0
14.903480291366577 3.095806896686554 -6.1365704536437988 0
14.888288736343384 5.0474514961242676 -6.1428706645965576 0
13.028403759002686 7.6995954066514969 -13.0318883061409 0
13.363839417695999 6.8284288048744202 -12.687979221343994 0
12.718355894088745 6.7780559062957764 -12.761192560195923 0
13.978835225105286 10.613380134105682 -13.222231835126877 0
13.297557979822159 10.200116157531738 -13.311972886323929 0
13.368976354598999 11.292741060256958 -13.385942459106445 0
12.977735191583633 9.1749339401721954 -13.015761852264404 0
13.270328998565674 8.5038350820541382 -12.635897994041443 0
12.678208827972412 8.5671558380126953 -12.746190309524536 0
13.368583053350449 9.7443368136882782 -12.743958413600922 0
12.745075464248657 10.100268602371216 -12.846157550811768 0
13.593217045068741 7.7254042476415634 -12.280759990215302 0
13.262694120407104 6.8099057674407959 -12.040402889251709 0
13.879980981349945 10.219133764505386 -12.53713583946228 0
13.958026647567749 11.305631875991821 -12.608085870742798 0
13.535532653331757 9.1974169611930847 -12.268464386463165 0
13.215248107910156 8.5911679267883301 -12.027844190597534 0
13.284508943557739 10.122316360473633 -12.120664119720459 0
14.027638345956802 4.0844257771968842 -1.6077365260571241 0
14.246483087539673 5.0719951391220093 -2.0287214908748865 0
13.999069213867188 6.0305648595094681 -1.6144919954240322 0
13.770283490419388 5.0632421523332596 -1.2008215128444135 0
13.610994577407837 5.0509194135665894 -1.8400983512401581 0
14.472674638032913 2.1125401193276048 -2.4482790678739548 0
14.468214452266693 4.0899519473314285 -2.4536551646888256 0
14.260970920324326 3.0997597724199295 -2.0247660577297211 0
14.890211910009384 3.1009520515799522 -2.2613133788108826 0
14.051630020141602 3.1011163592338562 -2.6410991549491882 0
14.439538151025772 6.0370534211397171 -2.4640414863824844 0
14.03022289276123 5.056929349899292 -2.6538013219833374 0
17.180644869804382 4.0654524974524975 -14.692350655794144 0
16.84350124001503 2.9709311947226524 -15.222393691539764 0
17.263462483882904 1.9538140530930832 -14.679753363132477 0
17.538963794708252 3.0057999193668365 -14.906383514404297 0
16.754543244838715 5.1709525138139725 -15.22661104798317 0
17.447581768035889 5.2119077444076538 -14.915365934371948 0
16.394903272390366 4.02500344440341 -15.738759100437164 0
16.478721618652344 1.9183927775593475 -15.730354338884354 0
16.736725330352783 2.9659511148929596 -15.975248098373413 0
16.640510559082031 5.1781158447265625 -15.978588819503784 0
14.906360656023026 10.675478994846344 -1.6559883318841457 0
14.715592086315155 10.279535204172134 -2.3172875009477139 0
14.810998201370239 11.342348575592041 -2.2652297019958496 0
14.24055215716362 9.8159049451351166 -2.0138560384511948 0
14.327824085950851 9.2649771422147751 -2.5086816474795341 0
14.085227489471436 10.170559644699097 -2.615511417388916 0
14.111255347728729 8.5913123488426208 -2.0888979658484459 0
14.368892669677734 7.8188089579343796 -2.4928739555180073 0
13.97331714630127 8.6647262573242188 -2.6774138808250427 0
14.198491483926773 6.9570043385028839 -2.0469118747860193 0
14.00118613243103 6.9275175333023071 -2.6651039719581604 0
14.375262528657913 10.674387842416763 -0.7662772640469484 0
14.252361357212067 10.276658654212952 -1.4424133151769638 0
14.344003200531006 11.340713024139404 -1.3803439140319824 0
13.740591406822205 9.8140296041965485 -1.1861157176899724 0
13.881372034549713 9.2620947808027267 -1.6697735786437988 0
13.649979829788208 10.167477130889893 -1.7991420030593872 0
13.621923476457596 8.5876020640134811 -1.2725771628320217 0
13.925457447767258 7.8146968930959702 -1.6491034459322691 0
13.544110536575317 8.6612702608108521 -1.8700446784496307 0
13.716984540224075 6.9497834593057632 -1.2212023213505745 0
13.578757524490356 6.9217684268951416 -1.8518226742744446 0
18.865103483200073 5.3121262788772583 -2.59811657294631 0
18.683723509311676 4.1939818412065506 -1.9673746153712273 0
18.998741149902344 5.3287985324859619 -1.8533607721328735 0
19.083840429782867 4.1995617225766182 -3.2177810817956924 0
19.278242290019989 3.1189876571297646 -3.8417179509997368 0
19.154457807540894 2.0660289145307615 -3.194528803229332 0
18.929538607597351 3.1161732003092766 -2.579154085367918 0
19.481577396392822 3.1299232244491577 -3.1103794574737549 0
19.199699640274048 5.3167628794908524 -3.8633643016219139 0
19.401871204376221 5.3366363048553467 -3.1352506279945374 0
16.09501588344574 0.9086580922594294 -16.22973158955574 0
16.558707654476166 -0.055541559355333447 -15.737865656614304 0
16.925407916307449 0.93343587103299797 -15.216298848390579 0
16.836787700653076 0.93255681358277798 -15.978855848312378 0
17.340921580791473 -0.044573472114279866 -14.677849978208542 0
17.640838146209717 0.95246442127972841 -14.904990196228027 0
16.987960785627365 -1.0259549107868224 -15.22437658905983 0
17.357992470264435 -2.0011568878544495 -14.673341065645218 0
17.721850395202637 -1.0283655030652881 -14.91420841217041 0
19.621376037597656 2.0737096056691371 -5.7760170996189117 0
19.506242990493774 3.1229884400963783 -5.1295047700405121 0
19.531383037567139 4.2036964818835258 -5.7928368151187897 0
19.946737766265869 3.1405659317970276 -5.7471675872802734 0
19.425867199897766 5.3187392354011536 -5.1490395665168762 0
19.861422061920166 5.3426477909088135 -5.7669442892074585 0
19.450745642185211 2.0701611794065684 -4.4711396247148514 0
19.368746399879456 4.2027439922094345 -4.4926295876502991 0
19.780015468597412 3.1352882981300354 -4.4139291644096375 0
19.69248628616333 5.3412796258926392 -4.4380689263343811 0
15.373531341552734 0.15765774622559547 -6.1062705963850021 0
15.398809909820557 1.1344240391626954 -6.5752100199460983 0
15.337334930896759 1.1374330748803914 -5.6351575255393982 0
14.918478727340698 1.1424881368875504 -6.1357024908065796 0
19.724555909633636 1.0478112462442368 -6.4320949614048004 0
19.708906710147858 1.0463313658256084 -7.7708075791597366 0
19.76450902223587 0.036956184892915189 -7.0962224155664444 0
20.153824329376221 1.051193421240896 -7.0998908281326294 0
19.686420321464539 0.03680314973462373 -8.4383907318115234 0
20.076648235321045 1.0503735854290426 -8.48261559009552 0
15.366265565156937 1.1260638269595802 -7.5078312903642654 0
15.316281259059906 0.14366909023374319 -7.9649973809719086 0
14.845892906188965 1.1236922331154346 -7.9111788272857666 0
15.394040644168854 0.15350078977644444 -7.0413955599069595 0
14.931342601776123 1.1357966177165508 -7.0310319662094116 0
15.680102057754993 8.4184566140174866 0.051031223207246512 0
15.464677162468433 7.3098350651562214 -0.10287328308913857 0
15.86662931740284 6.2812163084745407 0.14307272766018286 0
16.102690011262894 7.4261580295860767 0.31293055991409346 0
15.847360521554947 6.2462830059230328 -0.55159451387589797 0
16.467526189982891 6.2936227656900883 -0.87423105436027981 0
16.506345234811306 6.3262726776301861 -0.16599677028716542 0
16.720841392874718 7.4381794892251492 -0.73090778893674724 0
16.044571541249752 7.3200126886367798 -1.0862395554431714 0
16.275728322565556 8.427661057561636 -0.95574441875214688 0
16.331911146640778 8.4790527932345867 -0.24359504607855342 0
15.652093648910522 8.343205139040947 -0.64321191556518897 0
16.34988746792078 8.5037263967096806 0.49177694972604513 0
16.501139312982559 6.3524854965507984 0.55969384755007923 0
16.753996334969997 7.5134166739881039 0.74645589161809767 0
17.140713214874268 6.3666580617427826 -0.5201564219314605 0
17.1574816852808 6.391644362360239 0.22077709609584417 0
17.412594676017761 7.5271142274141312 -0.3648916060483316 0
16.98614227771759 8.5147298648953438 -0.58071885060053319 0
17.02712270617485 8.5499333515763283 0.1702867062194855 0
15.476813487708569 10.24199403077364 -0.058031982276588678 0
15.210360892117023 9.2838025540113449 -0.24198896675079595 0
15.93065918982029 9.3957793265581131 0.22729951003566384 0
16.543600581586361 9.4042229130864143 -0.80674565013032407 0
15.781379193067551 9.2902826443314552 -1.2077521084574983 0
16.065167441964149 10.247324422001839 -1.0517959581920877 0
16.221378691494465 10.223593279719353 -0.29088032903382555 0
15.340029828250408 10.155581995844841 -0.80779364961199462 0
16.286865502595901 10.08003082126379 0.47031605854863301 0
16.616902336478233 9.3682977706193924 0.68095496349269524 0
17.271250352263451 9.3787480145692825 -0.42230634740553796 0
16.922242790460587 10.088197566568851 -0.60164997226092964 0
16.899123801125423 9.9003398815790806 0.10771063280602296 0
16.382326327264309 6.2554129175841808 -1.5658722058869898 0
16.969904616475105 6.30140545591712 -1.9444247060455382 0
17.076254338026047 6.3371194675564766 -1.2427362438756973 0
17.237443059682846 7.4457682073116302 -1.8284474322572351 0
16.529189147055149 7.3260505236685276 -2.1200332590378821 0
16.773039869964123 8.4330126158893108 -2.0140856299549341 0
16.897513516247272 8.4869256541132927 -1.3104911267291754 0
16.181562982499599 8.349442221224308 -1.6455222023651004 0
17.675879880785942 6.3761558905243874 -1.6547047316562384 0
17.764399319887161 6.4041478931903839 -0.92188165885454509 0
17.965397268533707 7.5362692326307297 -1.5295657663591555 0
17.518461510539055 8.521494310349226 -1.7070055722724646 0
17.631755486130714 8.5594432130455971 -0.96657527478964766 0
17.055423326790333 9.4089611992239952 -1.8930387839209288 0
16.25697249174118 9.2937001436948776 -2.222295995336026 0
16.554585210978985 10.249884694814682 -2.0952626252546906 0
16.783785946667194 10.227842070162296 -1.3527628913871013 0
15.856911070644855 10.158700980246067 -1.7857903791591525 0
17.820056781172752 9.3851084485650063 -1.5785304891760461 0
17.453598782420158 10.092252761125565 -1.7259999089292251 0
17.498497009277344 9.9073235061433582 -1.0199504968606765 0
17.046763673424721 7.2919348031282425 -9.9262517243623734 0
17.275288820266724 6.2265915349125862 -9.3845962360501289 0
17.290025368332863 7.3052032664418221 -8.8145152665674686 0
17.052179448306561 8.3288467414677143 -9.3528664112091064 0
17.772821456193924 6.2806873023509979 -8.8876681700348854 0
18.061120703816414 7.4304384887218475 -8.945290420204401 0
17.555736139416695 8.4166444316506386 -8.867488831281662 0
17.843454211950302 8.4694575406610966 -9.530370756983757 0
18.040670275688171 6.3174893260002136 -9.5538927242159843 0
17.803684264421463 7.4176754504442215 -10.13684269040823 0
17.307163879275322 8.4057944007217884 -10.009009025990963 0
17.52112278342247 6.2656236067414284 -10.046387888491154 0
16.754963181912899 9.2691766396164894 -9.8638477176427841 0
16.993363320827484 9.2787571102380753 -8.7763912118971348 0
16.694228626787663 10.146091319620609 -9.2858016267418861 0
17.863209709525108 9.3931965008378029 -8.9256955720484257 0
17.316955462098122 10.235425114631653 -8.8366059809923172 0
17.717738673090935 10.208288863301277 -9.5137351751327515 0
17.609349772334099 9.3845646679401398 -10.10080061852932 0
17.072821937501431 10.229266926646233 -9.9590053632855415 0
16.696810454130173 7.2749312147498131 -11.008244223892689 0
16.976889982819557 6.2092571668326855 -10.489873707294464 0
16.75784520804882 8.3158810772001743 -10.440552353858948 0
17.53049211204052 8.4573776237666607 -10.698281191289425 0
17.723961636424065 6.3003438487648964 -10.738187789916992 0
17.431623667478561 7.4011450707912445 -11.295264594256878 0
16.948833793401718 8.3914529569447041 -11.118977524340153 0
17.158034160733223 6.2462503425776958 -11.173826113343239 0
16.412329345941544 9.2554991170763969 -10.921585164964199 0
16.408092238008976 10.135711811482906 -10.343961603939533 0
17.408415473997593 10.201189503073692 -10.672114878892899 0
17.242004528641701 9.3722646683454514 -11.242278695106506 0
16.720835469663143 10.217164844274521 -11.049900993704796 0
18.536644786596298 6.3639177568256855 -9.0139563754200935 0
18.846125274896622 7.5268226526677608 -9.075374823063612 0
18.365840300917625 8.5073963403701782 -9.0044097825884819 0
18.652828991413116 8.5457854829728603 -9.7096924632787704 0
18.79158428311348 6.3941134698688984 -9.7188466563820839 0
18.575464650988579 7.5144617184996605 -10.351567640900612 0
18.103216618299484 8.4974248521029949 -10.229955121874809 0
18.271055057644844 6.3491030782461166 -10.253874942660332 0
18.693630486726761 9.3691414073109627 -9.0646117962896824 0
18.294988602399826 10.072933457791805 -9.0017325021326542 0
18.508694251378376 9.8883033858405209 -9.6863210731082479 0
18.426993787288666 9.3616801053285599 -10.325698643922806 0
18.035431623458862 10.067669078707695 -10.221984408795834 0
18.321566328406334 8.53479228541255 -10.962472170591354 0
18.458840027451515 6.3767655231058598 -10.98475056886673 0
18.18214738368988 7.4984007515013218 -11.59102375805378 0
17.721947982907295 8.4842386804521084 -11.420460268855095 0
17.887095853686333 6.3296464048326015 -11.459270834922791 0
18.182193650139705 9.8812892834345494 -10.924508372942606 0
18.035803273320198 9.3508790582418442 -11.549736820161343 0
17.655808195471764 10.057663567364216 -11.406759798526764 0
16.319622546434402 9.9554432928562164 -8.663114856928587 0
16.181993044912815 8.9507344551384449 -8.6334228441119194 0
16.765941262245178 8.2261561006307602 -8.7307018116116524 0
16.269778564572334 8.094032809138298 -9.1747426837682724 0
15.807880334556103 9.681209821254015 -9.0831703171133995 0
15.959558606147766 8.9404664039611816 -9.6395966038107872 0
16.532291583716869 8.2147472240030766 -9.7921882644295692 0
16.09361781924963 9.9467539042234421 -9.6872113719582558 0
16.494152992963791 7.1460545174777508 -8.6766747534275055 0
16.984133437275887 6.1844528764486313 -8.7543021105229855 0
16.466319054365158 6.1266120485961437 -9.2039926797151566 0
16.266609594225883 7.1325079202651978 -9.7081720679998398 0
16.747509405016899 6.1689529977738857 -9.8325682580471039 0
15.99512305855751 8.0804773271083832 -10.184299252927303 0
15.544032327830791 9.6688806153833866 -10.05412246286869 0
15.641005471348763 8.9257304891943932 -10.619608774781227 0
16.197043389081955 8.1995543949306011 -10.825621537864208 0
15.770441725850105 9.932194210588932 -10.683741770684719 0
16.188408225774765 6.1090163104236126 -10.228574730455875 0
15.94079215824604 7.1150888055562973 -10.713351540267467 0
16.40791879594326 6.1494013667106628 -10.882914714515209 0
15.582008093595505 9.3708310313522816 -8.5301294401288033 0
15.458869196474552 8.5905169509351254 -8.5034253336489201 0
15.968256540596485 7.9597941339015961 -8.589683786034584 0
15.463536232709885 7.84390614554286 -8.9890729337930679 0
15.282523790995279 9.0816048913531837 -8.9576380650202427 0
15.252189263701439 8.5801180452108383 -9.4364553838968277 0
15.751059286296368 7.9482617489993572 -9.5709867179393768 0
15.371874235570431 9.3610483184456825 -9.4795375466346741 0
15.628298066556454 6.9838766977190971 -8.5244803354144096 0
16.130409136414528 6.0834233202040195 -8.6069706827402115 0
15.581591859459877 6.0314189307391644 -9.0044059827923775 0
15.419060178101063 6.9704175218939781 -9.469572089612484 0
15.910961583256721 6.0677392296493053 -9.6003089472651482 0
15.210266642272472 7.8300102464854717 -9.9179866537451744 0
15.033532672458223 9.0686832004123268 -9.8739004929860439 0
14.956663802266121 8.5646051131188869 -10.34633020311594 0
15.440418273210526 7.9324315749108791 -10.527615532279015 0
15.071592666208744 9.3457258939743042 -10.404426760971546 0
15.326865591108799 6.0137964710593224 -9.9422508180141449 0
15.120029859244823 6.9526605829596519 -10.392155766487122 0
15.597689121961594 6.0479985717684031 -10.56937001645565 0
16.986210703849792 10.187255911529064 -11.790302887558937 0
17.734074751536053 9.869010143809847 -12.118579586346945 0
17.163193717598915 10.043202772736549 -12.543504901230335 0
17.870235711336136 8.5209090635180473 -12.170967228710651 0
17.529929339885712 9.3376965373754501 -12.724065490067005 0
17.228491723537445 8.4688155613839626 -12.563331492245197 0
17.105481266975403 8.4421184249222279 -11.826639831066132 0
16.76599445939064 9.357340432703495 -12.338876344263554 0
16.45918507874012 10.17264462262392 -12.857491053640842 0
17.175554196039837 9.8565490643183384 -13.257009532716538 0
16.567441180348396 10.032324396073818 -13.621392399072647 0
17.307071134448051 8.5064625702798367 -13.322671107947826 0
16.91666429489851 9.3265197575092316 -13.836405918002129 0
16.630133219063282 8.4535787813365459 -13.647006548941135 0
16.575011618435383 8.4254001528024673 -12.904623530805111 0
16.189318083226681 9.3431579768657684 -13.380060940980911 0
16.02001953125 10.119827404618263 -11.366836905479431 0
16.263797789812088 10.200768753886223 -12.097542092204094 0
16.48503191024065 8.3744066283106804 -12.186563923954964 0
16.359346762299538 8.2994743846356869 -11.493266224861145 0
15.968587756156921 9.2389166355133057 -11.939421705901623 0
15.535085946321487 10.1036556661129 -12.344521559774876 0
15.710836559534073 10.187362819910049 -13.092584051191807 0
15.923012457787991 8.3563150204718113 -13.202202521264553 0
15.862175904214382 8.2808821462094784 -12.501735277473927 0
15.43111702054739 9.2219822257757187 -12.908442154526711 0
18.006677612662315 6.3552255667746067 -12.205948434770107 0
17.673255637288094 7.4798944778740406 -12.779490821063519 0
17.389712184667587 6.3064830750226974 -12.615922443568707 0
17.294307127594948 6.2789407521486282 -11.882746145129204 0
16.950075395405293 7.3816202841699123 -12.40830634534359 0
17.440724596381187 6.3307672813534737 -13.368733264505863 0
17.054699182510376 7.4606317691504955 -13.904024124145508 0
16.785943448543549 6.2805024236440659 -13.712592758238316 0
16.757878005504608 6.2539826631546021 -12.976326994597912 0
16.366254962980747 7.3602885901927948 -13.465723156929016 0
16.688405737280846 6.2228445708751678 -12.258675143122673 0
16.573144838213921 6.1877198368310928 -11.560308672487736 0
16.244462765753269 7.2545295283198357 -12.050583407282829 0
16.11895078420639 6.1958514377474785 -13.292245030403137 0
16.069479905068874 6.1621412951499224 -12.587169751524925 0
15.696007199585438 7.2314409390091896 -13.044978871941566 0
14.739886067807674 9.6344521306455135 -11.895424000918865 0
14.211451806128025 9.309038121253252 -12.150332130491734 0
14.27680542733934 9.0326334238052368 -11.61963921123081 0
14.682469926774502 9.3278731256723404 -11.296810999512672 0
14.114538073539734 8.5260313525795937 -12.071516454219818 0
14.446333795785904 7.7913758046925068 -11.693944871425629 0
14.57583936303854 8.5461932308971882 -11.226970836520195 0
15.040255196392536 7.9134330414235592 -11.452835962176323 0
14.554729051887989 7.8921360075473785 -12.339643307030201 0
15.16224480420351 8.0434777624905109 -12.10456221550703 0
15.229264862835407 8.9080495834350586 -11.564883269369602 0
14.730312243103981 8.8891470544040203 -12.467881388962269 0
15.18660569190979 9.6522115655243397 -10.994276270270348 0
14.696593801180521 9.0514938367737674 -10.763497246636284 0
14.869535759091377 7.8120847269892693 -10.821701392531395 0
15.624370694160461 8.0632460340857506 -11.163462653756142 0
14.842804871499538 9.8984972015023232 -12.555245861411095 0
15.35091695189476 9.9150393605232239 -11.642262868583202 0
15.763815701007843 8.1813317090272903 -11.821966700255871 0
15.238550342619419 8.1612616963684559 -12.77322343736887 0
14.271885879337788 6.9056070894002914 -12.148467093706131 0
14.560901373624802 5.9647322222590446 -11.739475250244141 0
14.736666522920132 6.9309279695153236 -11.287260711193085 0
15.194848105311394 6.0236999113112688 -11.508025348186493 0
14.706105343997478 5.9949070140719414 -12.410769566893578 0
15.347164027392864 6.0609549637883902 -12.181328870356083 0
15.520661503076553 7.0940040908753872 -11.684624671936035 0
15.01073682308197 7.0697476640343666 -12.615134634077549 0
14.984620913863182 5.9916580431163311 -10.855519771575928 0
15.813834890723228 6.0871736537665129 -11.223202586174011 0
15.969555102288723 6.1255881804972887 -11.896771617233753 0
15.437559522688389 6.0976549442857504 -12.867337428033352 0
16.659653790295124 4.0477152094244957 -11.565229989588261 0
16.843835562467575 5.1231659241020679 -11.036796867847443 0
16.388948619365692 5.0969808790832758 -12.090010948479176 0
17.101440794765949 5.1555888988077641 -12.447779141366482 0
17.586439579725266 5.1816732212901115 -11.323375545442104 0
17.399933531880379 4.0781027115881443 -11.889929205179214 0
16.786930292844772 4.0476244566962123 -12.268669009208679 0
17.257017508149147 4.0751585410907865 -11.178395248949528 0
16.156301125884056 4.017072600312531 -12.597510121762753 0
15.836957603693008 5.065670495852828 -13.097012408077717 0
16.513000302016735 5.1248087212443352 -13.51711780577898 0
16.861853584647179 4.0477859396487474 -12.98969441652298 0
16.216263651847839 4.0141942417249084 -13.30929870903492 0
16.67814726382494 2.0025141954733954 -11.539755553007126 0
16.888244427740574 3.0255481507629156 -11.022597007453442 0
16.436108998954296 2.9978270186111331 -12.0761544033885 0
17.173020742833614 3.0069135148078203 -12.437875427305698 0
17.657487288117409 3.0339813847094774 -11.3116589859128 0
17.44694696366787 1.9953146727611966 -11.868269182741642 0
16.820340938866138 1.983617533981942 -12.244344145059586 0
17.287130728363991 2.0099514720109255 -11.155525580048561 0
16.179141812026501 1.97291075628209 -12.570819810032845 0
15.886704534292221 2.9639838365837932 -13.085645034909248 0
16.584249019622803 2.974048207513988 -13.510364338755608 0
16.910044111311436 1.9669712874542711 -12.967936001718044 0
16.252500891685486 1.9520014486847685 -13.285489149391651 0
17.790520563721657 5.2103563323616982 -12.800040550529957 0
18.301010727882385 5.2368921376764774 -11.603190757334232 0
18.105402559041977 4.1140163466334343 -12.204558238387108 0
17.493110805749893 4.0810039965435863 -12.622512638568878 0
17.991933614015579 4.1087451921775937 -11.460323624312878 0
17.169781729578972 5.1797904632985592 -13.932593062520027 0
17.537469998002052 4.0831934018060565 -13.372343346476555 0
16.88714637607336 4.0478098131716251 -13.725432999432087 0
17.875455290079117 3.0280809951946139 -12.788548849523067 0
18.387701794505119 3.0558675397187471 -11.588813357055187 0
18.185708701610565 2.0041361997041349 -12.187126532196999 0
17.555921748280525 1.9839050504497209 -12.603050649166107 0
18.055093422532082 2.0097378922341704 -11.440836496651173 0
17.251760356128216 2.9951065946370363 -13.923833630979061 0
17.612792268395424 1.9756802133392739 -13.355536639690399 0
16.947975195944309 1.9535591344806562 -13.706759616732597 0
17.360766351222992 4.0923153888434172 -9.3817474916577339 0
17.440224796533585 5.1610623523592949 -8.8225679397583008 0
17.19579815864563 5.1444241739809513 -9.9443884715437889 0
17.960993900895119 5.2029091939330101 -10.153364777565002 0
18.220231100916862 5.2190469838678837 -8.9508232437074184 0
18.147541046142578 4.1220723874866962 -9.5505266934633255 0
17.620150372385979 4.0972032994031906 -10.046095341444016 0
17.871562018990517 4.1140206400305033 -8.8831414841115475 0
17.06286895275116 4.0726353917270899 -10.490640386939049 0
17.830352157354355 4.102859741076827 -10.739772170782089 0
17.371917590498924 2.0457840847957414 -9.3627151623368263 0
17.480336934328079 3.0647743213921785 -8.8100426010787487 0
17.237786531448364 3.0477425642311573 -9.9307619631290436 0
18.030938640236855 3.0555303189903498 -10.140646323561668 0
18.289322525262833 3.0714965295046568 -8.9382619746029377 0
18.190287753939629 2.0366149794717785 -9.5326518341898918 0
17.646998539566994 2.0310694650106598 -10.025780439376831 0
17.895815908908844 2.046730598754948 -8.8662673495709896 0
17.077270030975342 2.0267921077902429 -10.467971749603748 0
17.875151380896568 2.018703600839217 -10.719369187951088 0
18.694284737110138 5.2587543129920959 -10.354616604745388 0
18.967504620552063 5.2750622741878033 -9.0706839263439178 0
18.892705798149109 4.1592204570770264 -9.708988793194294 0
18.376554772257805 4.1309573668986559 -10.249773278832436 0
18.643300116062164 4.1473440080881119 -9.0060405917465687 0
18.558232203125954 4.139556897804141 -10.978397414088249 0
18.781717017292976 3.0779016520828009 -10.338981091976166 0
19.057579010725021 3.0936255622655153 -9.056421335786581 0
18.97634020447731 2.0456782957262476 -9.6932637915015221 0
18.43875153362751 2.0303830609591387 -10.231461711227894 0
18.705203339457512 2.0449900023522787 -8.9907392784953117 0
18.64004722237587 2.027920416330744 -10.960381157696247 0
15.631218917667866 5.0407546758651733 -11.71296588331461 0
15.120605826377869 5.008777929469943 -12.65420863032341 0
15.405808985233307 3.992827408015728 -12.183516159653664 0
16.041610114276409 4.0204195957630873 -11.90038850903511 0
15.511027187108994 3.9863956179469824 -12.876867063343525 0
16.051962405443192 5.0673523638397455 -10.733441308140755 0
15.869945466518402 4.0240764701738954 -11.221839927136898 0
16.478558413684368 4.0483944276347756 -10.882961943745613 0
15.654792122542858 2.9967451142147183 -11.695388287305832 0
15.149201907217503 2.9619564628228545 -12.637876272201538 0
15.412461400032043 1.9860043730227517 -12.155419714748859 0
16.052129916846752 1.9949142956688775 -11.872886016964912 0
15.526881985366344 1.9618530429443126 -12.848910331726074 0
16.071581356227398 3.0253134975209832 -10.717082172632217 0
15.870925411581993 2.016707937407773 -11.19603592902422 0
16.484197609126568 2.022379687463399 -10.85825365036726 0
14.806610070168972 4.9915064387023449 -11.303858816623688 0
14.344486251473427 4.958657780662179 -12.173535883426666 0
14.596545048058033 3.973912613466382 -11.737882949411869 0
15.23985517770052 3.9993034852668643 -11.50628150254488 0
14.755191005766392 3.9645633874461055 -12.413420788943768 0
15.190015912055969 5.0185352675616741 -10.403325855731964 0
15.017248168587685 4.0058209430426359 -10.851886957883835 0
15.640612155199051 4.0278091747313738 -10.565852671861649 0
14.818430453538895 2.9979669637978077 -11.288905538618565 0
14.362727619707584 2.9623349383473396 -12.159022465348244 0
14.600726641714573 1.9979404350160621 -11.715419061481953 0
15.240773431956768 2.0087294758704957 -11.481236219406128 0
14.762573294341564 1.9747664580481796 -12.387164920568466 0
15.198787175118923 3.027019465342164 -10.390301316976547 0
15.015628837049007 2.0292073605232872 -10.832179881632328 0
15.636657811701298 2.0369327070075087 -10.544284760951996 0
16.378553912043571 5.0888967588543892 -9.7208561673760414 0
16.242851696908474 4.0494943205267191 -10.22521498054266 0
16.817167297005653 4.0709084644913673 -9.8299063369631767 0
16.607020139694214 5.106102429330349 -8.6823128871619701 0
16.519992187619209 4.0698282644152641 -9.1991302520036697 0
17.053161725401878 4.0886063277721405 -8.7493003606796265 0
16.395570121705532 3.0483492631465197 -9.7065130770206451 0
16.239558771252632 2.041955053282436 -10.20326854288578 0
16.819009870290756 2.0445759214926511 -9.8090493828058243 0
16.622939795255661 3.066485458984971 -8.6701752617955208 0
16.514288492500782 2.0620886489632539 -9.1814530119299889 0
17.052519902586937 2.0616056726430543 -8.73263855651021 0
15.488668963313103 5.0401810966432095 -9.4756463319063187 0
15.358143396675587 4.0315099954605103 -9.9376819729804993 0
15.952547393739223 4.0507252383977175 -9.5955269187688828 0
15.699127830564976 5.057449534535408 -8.526038184762001 0
15.612624317407608 4.0520047023892403 -8.9987638294696808 0
16.172361120581627 4.0690197665244341 -8.6012976802885532 0
15.496152721345425 3.0503456629812717 -9.4643109887838364 0
15.353941239416599 2.054821047000587 -9.9216359779238701 0
15.946219615638256 2.0598905353108421 -9.5779924318194389 0
15.708269059658051 3.0688566416501999 -8.5161971114575863 0
15.609179526567459 2.0753997646970674 -8.9859002381563187 0
16.165891222655773 2.0779444941435941 -8.5875881426036358 0
16.169087454676628 0.01523499864833866 -12.53666877001524 0
15.871620997786522 -0.96572807806160199 -13.020064860582352 0
16.129308052361012 -1.933573735841037 -12.505620300769806 0
16.408975340425968 -0.9439339199270762 -12.010633058845997 0
16.216195620596409 -1.9530380852879716 -13.224556855857372 0
16.878794558346272 -1.9590411149461033 -12.908885404467583 0
16.768224336206913 -1.9384427340178263 -12.179907247424126 0
17.181835949420929 -0.97138893853616537 -12.37947653234005 0
16.605122789740562 -0.99176445333796437 -13.456005655229092 0
16.921909004449844 -0.0086527730518355384 -12.939310610294342 0
16.815810158848763 0.015579045132653846 -12.212135083973408 0
16.253608256578445 -0.010468894831319631 -13.253839403390884 0
16.662247538566589 0.040887156502321886 -11.507218010723591 0
16.615513823926449 -1.9181852295682802 -11.475757874548435 0
16.84956531226635 -0.9232374069783873 -10.962020486593246 0
17.39740563929081 -1.9444538595298582 -11.805711641907692 0
17.220520243048668 -1.9234050440522878 -11.093324355781078 0
17.654139310121536 -0.95096005479626911 -11.255057692527771 0
17.454413682222366 0.016108501802591491 -11.839928425848484 0
17.276961177587509 0.039594119648427295 -11.125597596168518 0
15.894052915275097 0.9720787601304437 -13.052831344306469 0
16.438252128660679 1.0021879869345867 -12.044009320437908 0
17.202979981899261 0.98449391715485035 -12.41093834489584 0
16.615885861217976 0.95604150918734376 -13.483679361641407 0
16.885231375694275 1.0282014791350775 -10.993529722094536 0
17.684775665402412 1.0096994407585953 -11.286662593483925 0
16.950025901198387 -1.9779400486972918 -13.660853408277035 0
17.631795018911362 -1.9855706189650846 -13.31007757037878 0
17.534458443522453 -1.9657376506247601 -12.545463159680367 0
17.95595782995224 -0.99677254150356021 -12.746763929724693 0
17.339353688061237 -1.0131740616002389 -13.891044661402702 0
17.670072242617607 -0.024414470913143305 -13.340809680521488 0
17.586903616786003 -0.0057142841851600679 -12.579718142747879 0
16.979905985295773 -0.02949160421758279 -13.685092389583588 0
18.176320105791092 -1.9731643436339255 -12.129521802067757 0
18.012472957372665 -1.9511763377399802 -11.380611382424831 0
18.457909941673279 -0.97706791834434625 -11.544405452907085 0
18.24775218963623 -0.0013952314029666013 -12.172971844673157 0
18.083554401993752 0.017752664179170097 -11.418741747736931 0
17.953369900584221 0.97967028913353715 -12.774026148021221 0
17.31961877644062 0.9530103440097264 -13.907919816672802 0
18.471365556120872 1.0046562386537516 -11.575336486101151 0
17.055926993489265 0.063194664311595261 -10.439337499439716 0
17.002959385514259 -1.9037088615004905 -10.410028718411922 0
17.188978314399719 -0.90583360657910816 -9.8789736703038216 0
17.809678912162781 -1.9300748235727951 -10.660465121269226 0
17.56805108487606 -1.9102185200608801 -9.9713286757469177 0
18.016629800200462 -0.93367551667688531 -10.090861402451992 0
17.877748802304268 0.03814489104115637 -10.693872816860676 0
17.631698086857796 0.059372424322646111 -10.00025650113821 0
17.34607657790184 0.080470557615626603 -9.3395000249147415 0
17.287843227386475 -1.8920981970441062 -9.3148761391639709 0
17.423645526170731 -0.89350964021286927 -8.7695018909871578 0
18.11280857026577 -1.9188053991238121 -9.4835280030965805 0
17.807822555303574 -1.9009703077899758 -8.8235953710973263 0
18.267249584197998 -0.92230791653855704 -8.8990853279829025 0
18.18859438598156 0.054740019200835377 -9.5118402615189552 0
17.876536682248116 0.07313863659510389 -8.8464386910200119 0
17.23026804625988 1.0493580084585119 -9.9062521308660507 0
18.054965808987617 1.0301327246233996 -10.118990294635296 0
17.469394162297249 1.0649034065718297 -8.7908447869122028 0
18.310645833611488 1.0444155953882728 -8.9211083650588989 0
18.60697378218174 -1.9584024858122575 -10.902519255876541 0
18.379510700702667 -1.9378408330558159 -10.177102193236351 0
18.841616183519363 -0.95954964817792643 -10.298247151076794 0
18.701760515570641 0.020435273225302808 -10.947389654815197 0
18.463522478938103 0.037277171162713785 -10.21229150146246 0
18.927414387464523 -1.9472949853443424 -9.6452196165919304 0
18.635604500770569 -1.9295569740352221 -8.9485982730984688 0
19.11171892285347 -0.94952941366500454 -9.0254840403795242 0
19.036450296640396 0.036519718749332242 -9.6826683878898621 0
18.726786911487579 0.049881347571499646 -8.9759544432163239 0
18.866659924387932 1.0249973438185407 -10.326698243618011 0
19.143395438790321 1.038303634551994 -9.046896830201149 0
16.420294336974621 -1.8994541555293836 -10.799059547483921 0
15.822578459978104 -1.8978683788445778 -11.138246864080429 0
15.998564474284649 -1.9147782581344472 -11.809292934834957 0
15.623600237071514 -0.91972655556264726 -11.633327253162861 0
16.030836865305901 -0.89887844689656049 -10.661334633827209 0
15.852408774197102 0.065730610047467053 -11.165550917387009 0
16.035471826791763 0.041224562871320813 -11.839295230805874 0
16.462081715464592 0.065593799226917326 -10.827917113900185 0
15.372438371181488 -1.9135836530836059 -12.094844922423363 0
15.484105743467808 -1.9301341578820939 -12.785073079168797 0
15.128119483590126 -0.94196418474257371 -12.573615580797195 0
15.39914957433939 0.039695214264611423 -12.122492365539074 0
15.515911944210529 0.014145232276860042 -12.814410470426083 0
15.646513633430004 1.0239219615691582 -11.663935735821724 0
16.05797029286623 1.0506069286493585 -10.689508847892284 0
15.146928884088993 0.99284851935863117 -12.604857712984085 0
15.601834252476692 -1.8837080726516433 -10.495124682784081 0
15.006294533610344 -1.887687148002442 -10.788195818662643 0
15.212475635111332 -1.8993323227914516 -11.427855871617794 0
14.811567574739456 -0.90500952769070864 -11.241233550012112 0
15.185025364160538 -0.88410498638404533 -10.348447062075138 0
15.01007404923439 0.082669386989437044 -10.809012733399868 0
15.229536280035973 0.062812142132315785 -11.452370405197144 0
15.621012307703495 0.087277022306807339 -10.518833197653294 0
14.594544492661953 -1.9035213487804867 -11.668943643569946 0
14.739511579275131 -1.9148739235115499 -12.332427583634853 0
14.362642168998718 -0.92703824868840456 -12.108741864562035 0
14.599503070116043 0.056840032921172678 -11.690027751028538 0
14.756091699004173 0.035523050308256643 -12.356917805969715 0
14.815471708774567 1.0407926375046372 -11.264740683138371 0
15.191214896738529 1.0676009937305935 -10.369854509830475 0
14.366040080785751 1.0095165483053279 -12.133162014186382 0
16.971140280365944 -1.8761120538110845 -8.6927825063467026 0
16.450173117220402 -1.8709532681968994 -9.1391561031341553 0
16.74569508433342 -1.8860320847015828 -9.75814538449049 0
16.347095958888531 -0.88111076585482806 -9.6599642112851143 0
16.56852100789547 -0.86787968839053065 -8.6341256760060787 0
16.488008417189121 0.10640114278066903 -9.1606018170714378 0
16.79227277636528 0.085820668842643499 -9.7836736738681793 0
17.022168844938278 0.10067487123887986 -8.7130421847105026 0
16.18294782191515 -1.8830947545939125 -10.151804678142071 0
16.216539278626442 0.088341025286354125 -10.177098147571087 0
16.37821888923645 1.0725649484666064 -9.6839824393391609 0
16.603420563042164 1.0893606314202771 -8.6528953686356544 0
16.118688032031059 -1.8588698959792964 -8.5546987466514111 0
15.591266505420208 -1.8590369179146364 -8.9540491849184036 0
15.905209764838219 -1.869677692069672 -9.5360300540924072 0
15.479517452418804 -0.86571569356601685 -9.4301934614777565 0
15.691397719085217 -0.85121873690513894 -8.490413773804903 0
15.60088774561882 0.12418278702534735 -8.970978781580925 0
15.927740417420864 0.10797322983853519 -9.5572526305913925 0
16.145955316722393 0.1239576869411394 -8.5719077326357365 0
15.339747942984104 -1.8722921023145318 -9.8825860098004341 0
15.345541931688786 0.10537170246243477 -9.902220144867897 0
15.487649515271187 1.0899108975427225 -9.4481380805373192 0
15.701621390879154 1.1075879659620114 -8.5040777251124382 0
11.442648082971573 6.1485654972493649 -18.772704601287842 0
11.304196573793888 4.9158037956804037 -18.576855003833771 0
11.535906933248043 3.7823596736416221 -19.043747425079346 0
11.685179270803928 5.009757898747921 -19.19632214307785 0
11.859390959143639 3.7709106262773275 -18.369535192847252 0
12.587796971201897 3.8103692457079887 -18.316160768270493 0
12.280897982418537 3.8188175549730659 -18.992925271391869 0
12.329557798802853 4.9357061460614204 -17.920027956366539 0
12.760966695845127 5.0147533118724823 -18.514598473906517 0
12.495461575686932 6.1581887435168028 -18.131467908620834 0
11.774093694984913 6.0941900927573442 -18.148275434970856 0
12.175352960824966 6.208767332136631 -18.768441140651703 0
11.066936507821083 6.0232005808502436 -18.116642862558365 0
10.91296574473381 4.8335012104362249 -17.871830642223358 0
11.138381712138653 3.7463561054319143 -18.342487692832947 0
11.427788220345974 3.7433606944978237 -17.655826330184937 0
12.140002593398094 3.7741629900410771 -17.678099974989891 0
11.884423516690731 4.8621194530278444 -17.263468578457832 0
12.063171751797199 6.0452710594981909 -17.50658755004406 0
11.365521818399429 5.9715631548315287 -17.484296694397926 0
12.860018983483315 3.8140607913956046 -17.625737398862839 0
13.586263418197632 3.8615550762042403 -17.511795237660408 0
13.326275877654552 3.8616982735693455 -18.202553287148476 0
13.302729815244675 4.9701800756156445 -17.174839101731777 0
13.785006403923035 5.040447885170579 -17.741635084152222 0
13.494043678045273 6.1753602512180805 -17.400416657328606 0
12.77242773026228 6.1138239745050669 -17.475055709481239 0
13.229730650782585 6.215891033411026 -18.072639673948288 0
12.378385215997696 3.7834338275715709 -16.978520959615707 0
13.090405896306038 3.8229013727977872 -16.925638779997826 0
12.80621226131916 4.9012371301651001 -16.566221669316292 0
13.007635720074177 6.0720627754926682 -16.808433994650841 0
12.308749035000801 6.0004820711910725 -16.850851289927959 0
12.539119675755501 9.2898950353264809 -18.212922632694244 0
13.013038674990336 9.8197197516759243 -17.815384176042343 0
13.560602761805058 9.2942438721656799 -17.506540432572365 0
13.113173112273216 8.455855417996645 -17.938631787896156 0
13.304404906928539 9.9979743286967278 -17.186647951602936 0
13.037635564804077 9.2916057482361794 -16.843549117445946 0
13.362249583005905 8.4021076001226902 -17.247716158628464 0
12.630258321762085 8.3481812216341496 -17.275282442569733 0
12.537728890776634 10.119003497064114 -17.156834684312344 0
12.078316196799278 9.2797955051064491 -17.511840090155602 0
12.368198990821838 8.3937662951648235 -17.945169061422348 0
12.310786530375481 9.9899261817336082 -17.871636211872101 0
12.6516188159585 7.3927601799368858 -18.356291756033897 0
13.677943579852581 7.39804757386446 -17.632701978087425 0
13.180523969233036 7.2764788120985031 -17.017454065382481 0
12.212802596390247 7.2609147988259792 -17.712866693735123 0
11.46166830509901 9.2867616787552834 -18.828701660037041 0
11.966622100936043 9.8155798779593582 -18.472211387422348 0
12.059123642742634 8.452674325555563 -18.606652706861496 0
11.639186166226864 8.3356479555368423 -17.911662116646767 0
11.551327243447304 10.107402041554451 -17.774765715003014 0
11.066254615783691 9.2675955444574356 -18.092294201254845 0
11.263061970472336 9.9829059764742851 -18.466875851154327 0
11.319025941193104 8.385924655944109 -18.55311980843544 0
11.569103486835957 7.3911733813583851 -18.988262832164764 0
11.191496469080448 7.2467495650053024 -18.31991371512413 0
12.686449065804482 10.135130792856216 -16.408345364034176 0
12.490012995898724 9.151225384324789 -16.156500414013863 0
12.851909525692463 8.2834265418350697 -16.608413033187389 0
12.156324379146099 8.1787394620478153 -16.626546286046505 0
11.926078662276268 10.024346526712179 -16.314658612012863 0
11.595403790473938 9.132271770387888 -16.782603360712528 0
11.918083928525448 8.266648106276989 -17.269703134894371 0
11.765593782067299 10.119680568575859 -17.044889099895954 0
12.692775830626488 7.1280045546591282 -16.411384642124176 0
11.780466638505459 7.1035869754850864 -17.069341264665127 0
11.226379066705704 8.1578222401440144 -17.226309664547443 0
11.019471101462841 10.005339585244656 -16.884415782988071 0
10.653027400374413 9.1119334138929844 -17.324943758547306 0
10.79483351111412 10.103661611676216 -17.594998270273209 0
10.933075994253159 8.249045591801405 -17.844631895422935 0
10.81877076625824 7.0794546976685524 -17.641323059797287 0
14.318929977715015 3.9115790780633688 -17.356105133891106 0
14.225111193954945 6.2308728564530611 -17.287180736660957 0
14.747862979769707 5.07358811609447 -16.89410849660635 0
13.714535042643547 6.1383681762963533 -16.717299297451973 0
14.430483035743237 6.1978721227496862 -16.587135948240757 0
14.216547071933746 5.0099876821041107 -16.355894327163696 0
13.806438893079758 3.8674395056441426 -16.811913520097733 0
14.525567725300789 3.9144353708252311 -16.651362173259258 0
15.246248811483383 3.9603943713009357 -16.456019304692745 0
15.151091642677784 6.2519247531890869 -16.419389687478542 0
15.637431353330612 5.1094368007034063 -15.976416349411011 0
14.592276029288769 6.1664567943662405 -15.883289210498333 0
15.296387158334255 6.224308030679822 -15.698854804039001 0
15.061572432518005 5.0506463441997766 -15.471516393125057 0
14.68851225823164 3.9203374078497291 -15.940624132752419 0
15.394147954881191 3.9639891544356942 -15.735937140882015 0
14.398847177624702 1.8064408894861117 -17.388465046882629 0
13.872256278991699 2.7955349236726761 -17.821469068527222 0
14.831383369863033 2.8584866710007191 -16.922157630324364 0
14.286006949841976 2.8307965882122517 -16.395376846194267 0
13.369335636496544 2.7665018551051617 -17.263676024973392 0
13.858603961765766 1.7862646779394709 -16.84606771916151 0
14.589608050882816 1.8233716504182667 -16.666602648794651 0
13.653497159481049 1.7571432528784499 -17.577223166823387 0
15.320723861455917 1.8618198989424855 -16.457002751529217 0
15.72046222537756 2.9112590607255697 -15.982614926993847 0
15.13248099386692 2.886753530241549 -15.484439387917519 0
14.740660935640335 1.8448225285974331 -15.94224601238966 0
15.456564217805862 1.8753617643378675 -15.729753375053406 0
13.199240997433662 6.0325291231274605 -16.133927397429943 0
13.89368562400341 6.1021119896322489 -16.030869901180267 0
13.670983724296093 4.9446565322577953 -15.792280465364456 0
13.275997690856457 3.8346187509596348 -16.220427490770817 0
13.982246704399586 3.8765842178836465 -16.105488859117031 0
14.028847977519035 6.0663990490138531 -15.342150710523129 0
14.713047027587891 6.134019922465086 -15.182050511240959 0
14.469729594886303 4.9882764145731926 -14.952155254781246 0
14.11076869815588 3.8873571492731571 -15.396672017872334 0
14.805720113217831 3.9280564431101084 -15.227905437350273 0
13.721711747348309 2.8207390420138836 -15.824365898966789 0
12.851910717785358 2.7630218779668212 -16.63432627171278 0
13.306166730821133 1.793761109263869 -16.241220504045486 0
14.023469865322113 1.8168680388480425 -16.117024309933186 0
13.128783658146858 1.7567527592764236 -16.976343043148518 0
14.522129356861115 2.8751815678551793 -14.960754029452801 0
14.142740733921528 1.8475361305754632 -15.392170928418636 0
14.846737995743752 1.8694848645973252 -15.218156263232231 0
17.519412204623222 5.2732603438198566 -0.33151091857871506 0
17.839818075299263 4.1717472523450851 -0.90281588209472829 0
18.071366637945175 5.2838160619139671 -1.4991627776980749 0
17.757235273718834 4.1630422025918961 -1.6328518942464143 0
17.376349538564682 5.2382458783686161 -1.7834537078160793 0
17.159260153770447 4.1473019421100616 -1.2189749248791486 0
16.857076026499271 5.2297054454684258 -0.67980985093163326 0
17.22174546122551 4.1542577892541885 -0.49805443966761231 0
16.860984623432159 5.2582149654626846 0.78168641459342325 0
17.235203117132187 4.1596977692097425 0.23836388441122836 0
16.588496543467045 4.1374491751194 -0.14178323186933994 0
16.23647828400135 5.2165304273366928 0.36916164436843246 0
16.582504481077194 4.1412748154252768 0.58099906775169075 0
17.048603966832161 4.1394393835216761 -1.922671977430582 0
16.661129996180534 5.189105249941349 -2.0762252518907189 0
16.449976205825806 4.127035403624177 -1.5470487708225846 0
16.173504024744034 5.1822670623660088 -1.0365188802825287 0
16.544549591839314 4.132595106959343 -0.85165769956074655 0
15.914301231503487 4.1187523547559977 -0.53263968089595437 0
15.591094747185707 5.1707788370549679 -0.048026500269770622 0
15.943047486245632 4.1213919371366501 0.16607845155522227 0
16.878777302801609 10.152920417487621 -8.204413328319788 0
17.455370903015137 10.242824040353298 -7.6969860158860683 0
17.915236175060272 10.214849151670933 -8.3300005830824375 0
18.00513106584549 9.4007277861237526 -7.7330736219882965 0
17.127893514931202 9.2859755232930183 -7.6711486652493477 0
17.694230899214745 8.4249285347759724 -7.7080651558935642 0
18.042204886674881 8.478745061904192 -8.3368285223841667 0
17.24034570902586 8.3385280556976795 -8.2411570474505424 0
18.441623359918594 10.081466615200043 -7.7652052566409111 0
18.714971674813167 9.8952058288786144 -8.4220248460769653 0
18.84323188662529 9.3773930892348289 -7.7882559671998024 0
18.511762201786041 8.5156918838620186 -7.7622876204550266 0
18.861895263195038 8.5547323152422905 -8.4307561218738556 0
18.203410550951958 7.4399301744997501 -7.7365722134709358 0
17.425446525216103 7.3151523545384407 -7.6847410760819912 0
17.91148966550827 6.2918249070644379 -7.7114402540028095 0
18.241208732128143 6.3302532471716404 -8.3446044847369194 0
17.465193197131157 6.2399527356028557 -8.255438294261694 0
18.997214928269386 7.5361146815121174 -7.785080797970295 0
18.683309853076935 6.3743737749755383 -7.7585111409425735 0
19.003171920776367 6.4066604860126972 -8.4280521757900715 0
16.961640946567059 10.157599918544292 -7.1112877130508423 0
17.485895171761513 10.24656730890274 -6.5520295277237892 0
18.001969546079636 10.221970960497856 -7.1363597959280014 0
18.034601464867592 9.405969925224781 -6.5370767153799534 0
17.158075645565987 9.2904224693775177 -6.5592145249247551 0
17.722984060645103 8.4305715449154377 -6.5437016449868679 0
18.127537623047829 8.4857283756136894 -7.1334323883056641 0
17.32243213057518 8.3454403840005398 -7.1172575019299984 0
18.472009763121605 10.087340608239174 -6.5264627821743488 0
18.805766608979965 9.9032751851611671 -7.1506081620852155 0
18.874171048402786 9.3836580142378807 -6.5118059255182743 0
18.541267171502113 8.5215155221521854 -6.5190647691488266 0
18.952936217188835 8.5620799399912357 -7.1457558423280716 0
18.231333240866661 7.4462877511978149 -6.5253226235508919 0
17.453713178634644 7.3221155144274235 -6.5484974794089794 0
17.938030555844307 6.2994499243795872 -6.530931755900383 0
18.325639188289642 6.3390980288386345 -7.1262852661311626 0
17.546283960342407 6.2497672811150551 -7.1142943911254406 0
19.029464930295944 7.5420697517693043 -6.4967638552188873 0
18.711829498410225 6.3808953650295734 -6.5034278444945812 0
19.095588549971581 6.4147529676556587 -7.1326989270746708 0
19.11893293261528 5.2858678922057152 -7.7735582590103149 0
19.148902133107185 5.2921279035508633 -6.4790942296385765 0
19.193878144025803 4.1809522733092308 -7.117763064801693 0
18.387244150042534 5.2381878718733788 -6.5108141787350178 0
18.812673822045326 4.1654044035822153 -6.4883446805179119 0
18.429466247558594 4.1456317342817783 -7.1146859377622604 0
18.3620236068964 5.2305798754096031 -7.7318109385669231 0
18.788552924990654 4.1584815587848425 -7.7472366541624069 0
19.207068532705307 3.1032060291618109 -7.7598917596042156 0
19.228904813528061 3.1080713775008917 -6.4641061946749687 0
19.271534040570259 2.0620296914567007 -7.1052093543112278 0
18.450367867946625 3.0893092937767506 -6.4982605054974556 0
18.866769075393677 2.0582741114485543 -6.4761341623961926 0
18.467003419995308 2.0563167651125696 -7.1025360822677612 0
18.428941249847412 3.0824890304356813 -7.7196193374693394 0
18.84765949845314 2.0538806112308521 -7.7343496233224869 0
19.105637460947037 4.1727246399968863 -8.4159352220594883 0
18.347625687718391 4.1360507365316153 -8.3370885848999023 0
19.189427986741066 2.056686380688916 -8.4030808694660664 0
18.388301610946655 2.0489273085840978 -8.3224353604018688 0
17.601096078753471 5.1825031600892544 -6.5370711870491505 0
18.032346278429031 4.1345976684242487 -6.5186174064874649 0
17.628937005996704 4.1181128770112991 -7.1048978045582771 0
17.575104802846909 5.1736019775271416 -7.6829407177865505 0
18.008716136217117 4.1262640841305256 -7.703030064702034 0
17.636616334319115 3.085294371470809 -6.5267660804092884 0
18.051118478178978 2.0633449123706669 -6.5082829259335995 0
17.635093599557877 2.0684266834869049 -7.093579638749361 0
17.613251358270645 3.0771112330257893 -7.6715864092111588 0
18.03043906390667 2.0572507817996666 -7.6896680556237698 0
17.549767076969147 4.1072872765362263 -8.2492952682077885 0
17.558416247367859 2.0595376372220926 -8.2341973856091499 0
14.110214978456497 0.028857009008788737 -12.543005675077438 0
14.107142418622971 1.9606926764809032 -12.568440437316895 0
13.831274524331093 0.97428173880507529 -12.967874832451344 0
14.865755841135979 1.9494807755804686 -13.078435324132442 0
14.197879284620285 1.9350129235790519 -13.256690561771393 0
14.558967284858227 0.95791732784027772 -13.508537746965885 0
14.857612982392311 0.011516875539200555 -13.04547343403101 0
14.195565775036812 0.0066735783257172443 -13.227448649704456 0
13.530725084245205 -0.00036763311800314113 -13.356041982769966 0
13.525957062840462 1.9180727385210048 -13.380261197686195 0
13.208342909812927 0.93613789072151121 -13.756365522742271 0
14.232328519225121 1.9072481552684621 -13.959524676203728 0
13.548639871180058 1.8904339208947931 -14.080426760017872 0
13.886461928486824 0.92004144931343035 -14.368757329881191 0
14.228798598051071 -0.017472822823037859 -13.929274991154671 0
13.549096845090389 -0.022511423343530623 -14.054539650678635 0
14.102686814963818 -1.9180948429293494 -12.52173725515604 0
13.829390205442905 -0.94850512750963389 -12.944126464426517 0
14.544698171317577 -0.96367391959165616 -13.478526458144188 0
14.834269173443317 -1.9283714649968715 -13.018554285168648 0
14.181036069989204 -1.928442081411049 -13.203762017190456 0
15.58581218123436 1.9375252639738392 -13.557348571717739 0
14.911949217319489 1.9228037474499615 -13.783156521618366 0
15.258609682321548 0.93828210415722424 -14.017560884356499 0
15.581657551229 -0.012051805935698212 -13.524287730455399 0
14.906523287296295 -0.0141934725588726 -13.75045557320118 0
14.904694817960262 1.8957803127977968 -14.497586399316788 0
14.213112488389015 1.8778775115042663 -14.672191895544529 0
14.538501888513565 0.90103511101733602 -14.937790870666504 0
14.906234405934811 -0.039641520193981705 -14.468509264290333 0
14.212597332894802 -0.042575297218718333 -14.644441120326519 0
15.243378058075905 -0.98649395076154178 -13.987593613564968 0
15.549588479101658 -1.9477921547504593 -13.495593279600143 0
14.880625583231449 -1.9435539776636688 -13.723146975040436 0
12.871121235191822 -0.029202881716628326 -14.121749639511108 0
12.866035245358944 1.8722998433931934 -14.1423105224967 0
12.51526216417551 0.89824673863586213 -14.494939811527729 0
13.519272603094578 1.860564546288515 -14.793051034212112 0
12.826310098171234 1.8437575885109254 -14.852464757859707 0
13.137749306857586 0.88112544723117026 -15.180822163820267 0
13.519226059317589 -0.045938047012896277 -14.768675781786442 0
12.828689023852348 -0.050143442480475642 -14.83313026279211 0
13.437604129314423 1.8283238798903767 -15.513528659939766 0
13.739933647215366 0.86066927775391378 -15.815503694117069 0
14.148954994976521 -0.066772063728421926 -15.370600797235966 0
13.440272346138954 -0.069982514774892479 -15.49431487172842 0
13.999673393037584 9.8261100318696766 -17.068962468041317 0
14.517048195004463 9.3008443936705589 -16.711155250668526 0
14.106059536337852 8.4613934047520161 -17.179755672812462 0
14.293148018419743 8.4126368761062622 -16.464038386940956 0
14.235146313905716 10.007743835449219 -16.414551936089993 0
13.936162903904915 9.3043204620480537 -16.091129072010517 0
13.564267553389072 8.361411739140749 -16.552915059030056 0
13.467481397092342 10.131604433059692 -16.45201101899147 0
14.638794481754303 7.4083348624408245 -16.819527015089989 0
14.087550736963749 7.2947412580251694 -16.239075846970081 0
13.727111235260963 8.3008745089173317 -15.86535170674324 0
13.549115516245365 10.151257373392582 -15.689205497503281 0
13.328696332871914 9.1698233336210251 -15.450334705412388 0
13.033925011754036 8.1991592012345791 -15.944230251014233 0
12.781440682709217 10.043229974806309 -15.662989191710949 0
13.548608846962452 7.1534318923950195 -15.673234686255455 0
14.918382048606873 9.8339805470572585 -16.23630780643887 0
15.402054481208324 9.3091781884431839 -15.833070658147335 0
15.029928922653198 8.4701501131057739 -16.334533616900444 0
15.153914496302605 8.4253909215331078 -15.600293412804604 0
15.096119001507759 10.017137192189693 -15.560956858098507 0
14.766831435263157 9.3173721209168434 -15.260269328951836 0
14.433745935559273 8.3762729056179523 -15.749677591025829 0
14.333042278885841 10.143916733562946 -15.6647734567523 0
15.526956528425217 7.4234165512025356 -15.924621053040028 0
14.926293842494488 7.3157024644315243 -15.384442381560802 0
14.53613643348217 8.3191880695521832 -15.046481065452099 0
14.346732020378113 10.164659954607487 -14.893501438200474 0
14.103837132453918 9.1876731738448143 -14.66980891674757 0
13.851295933127403 8.2198105342686176 -15.184559047222137 0
13.577828086912632 10.060534931719303 -14.934096962213516 0
14.33985960483551 7.179845042526722 -14.86196893453598 0
12.28077095001936 4.8388136625289917 -15.893394351005554 0
11.973352000117302 5.8470049314200878 -15.488053351640701 0
11.716807678341866 4.7847968861460686 -15.144965514540672 0
12.020483091473579 3.7769088977947831 -15.549280755221844 0
11.295232318341732 5.7783231027424335 -15.404258817434311 0
10.909414820373058 4.7419416829943657 -15.71438229829073 0
11.334211498498917 3.7450367165729403 -15.461737275123596 0
11.1784443333745 3.7324664387851954 -16.163190886378288 0
11.140579268336296 5.8093079105019569 -16.082221731543541 0
11.413571804761887 4.7971192002296448 -16.530460432171822 0
11.870862476527691 3.7625593673437834 -16.256249241530895 0
11.821540735661983 5.8842703402042389 -16.168415032327175 0
12.311378091573715 2.7698559341952205 -15.934700593352318 0
11.74603521078825 2.775068137794733 -15.17247448861599 0
12.037131145596504 1.7993340360699221 -15.562532097101212 0
10.931012012064457 2.7342706341296434 -15.756673604249954 0
11.351489901542664 1.7884013589064125 -15.481020338833332 0
11.188011728227139 1.7636826991802081 -16.193304620683193 0
11.435842826962471 2.7259126827120781 -16.59692557156086 0
11.883760586380959 1.7683400522801094 -16.285064421594143 0
12.508358858525753 5.9593452624976635 -16.182935982942581 0
12.571282960474491 3.7964648548513651 -16.27362110465765 0
11.672246672213078 3.7505219373852015 -16.959243044257164 0
11.617743201553822 5.9255895540118217 -16.834291003644466 0
10.473271615803242 5.7408854030072689 -15.92817460000515 0
10.064084380865097 4.7054286543279886 -16.204149276018143 0
10.501064419746399 3.7053580349311233 -15.997513242065907 0
10.294048063457012 3.6994281690567732 -16.691291026771069 0
10.266882635653019 5.774376142770052 -16.594915315508842 0
10.501724414527416 4.7631621025502682 -17.081001847982407 0
10.975967697799206 3.7231939230114222 -16.863149888813496 0
10.93622225522995 5.8494385629892349 -16.750741019845009 0
10.725481070578098 3.720224373973906 -17.554889261722565 0
10.679966226220131 5.8951055221259594 -17.399380385875702 0
11.981625705957413 8.804016936570406 -15.509236872196198 0
11.605072364211082 9.2216835543513298 -15.026139631867409 0
11.534292154014111 8.4317810796201229 -14.918145403265953 0
11.856013730168343 7.7916668429970741 -15.33504606038332 0
11.095338530010649 8.9187309543291722 -15.130781703525118 0
10.750995703041553 8.4049102813005447 -15.459357656538486 0
11.210365131497383 7.6619539298117161 -15.279737964272499 0
11.037262447178364 7.7640606462955475 -15.909518614411354 0
10.812151394784451 9.1966693140566349 -15.572922043502331 0
11.146814331412315 8.780067004263401 -16.09261629730463 0
11.688601240515709 7.9241134896874428 -15.972338370978832 0
11.400927409529686 9.53312948346138 -15.580683276057243 0
12.191763713955879 6.9525515586137772 -15.772641777992249 0
11.652194142341614 6.7799627669155598 -15.06216624379158 0
10.856032080948353 6.7466304078698158 -15.618446446955204 0
11.335469417273998 6.9221315607428551 -16.383945785462856 0
12.060822017490864 9.8260028697550297 -15.619311779737473 0
12.354465842247009 8.0713995210826397 -15.981991581618786 0
11.478378862142563 8.0478439331054688 -16.602515652775764 0
11.214295201003551 9.8049046285450459 -16.206138759851456 0
10.29907488822937 8.8919548259841061 -15.631207360161676 0
9.932612769305706 8.3766150735318661 -15.930005744099617 0
10.401587218046188 7.6325803585350513 -15.792786002159119 0
10.178770907223225 7.7351912669837475 -16.407078593969345 0
10.270313046872616 8.7545246034860611 -16.597962863743305 0
9.9828125536441803 9.1702008955180645 -16.048240408301353 0
10.818808160722256 7.8975713476538658 -16.53091187030077 0
10.563968509435654 9.509250245988369 -16.108239956200123 0
10.022920303046703 6.7135541774332523 -16.099082671105862 0
10.435467183589935 6.8917530290782452 -16.913136497139931 0
10.556332483887672 8.0229868292808533 -17.140490911900997 0
10.324374049901962 9.7823669277131557 -16.713242188096046 0
12.140287756919861 1.8274519680999219 -14.848019227385521 0
12.501167193055153 2.8229557126760483 -14.505463242530823 0
12.117735840380192 3.7922809245064855 -14.842000842094421 0
12.805904947221279 3.8266278747469187 -14.85486775636673 0
13.12848062068224 2.8213404370471835 -15.19521439820528 0
12.715273946523666 3.8112279148772359 -15.565370373427868 0
12.734187446534634 1.8123591227049474 -15.57273206859827 0
12.469619140028954 4.8305392302572727 -14.493923388421535 0
12.073873661458492 5.8176800832152367 -14.802182421088219 0
12.754814133048058 5.8857562057673931 -14.815123721957207 0
13.093385212123394 4.8838720861822367 -15.177266880869865 0
12.658627405762672 5.9212102666497231 -15.504095502197742 0
12.591537974774837 1.7776251522300299 -16.300280869007111 0
13.413274951279163 3.8481698697432876 -15.512056224048138 0
13.344143375754356 5.9949194584041834 -15.452395126223564 0
13.196122474968433 2.87279605679214 -13.775909803807735 0
12.842421494424343 3.8422412490472198 -14.14815279096365 0
13.529517129063606 3.8767522908747196 -14.095733731985092 0
13.878780342638493 2.8729828232899308 -14.39400827139616 0
13.498741894960403 3.862400371581316 -14.803110718727112 0
13.165314190089703 4.8766145501285791 -13.776356920599937 0
12.797673135995865 5.8576584123075008 -14.124742984771729 0
13.476396627724171 5.9246140625327826 -14.072203315794468 0
13.843068934977055 4.9290293250232935 -14.39350775629282 0
13.438152715563774 5.9589364286512136 -14.764913193881512 0
14.188988417387009 3.8992293430492282 -14.687568575143814 0
14.1164495870471 6.0310344360768795 -14.651538409292698 0
12.40123800188303 6.8130222111940384 -14.430554054677486 0
11.978550501167774 7.6901809386909008 -14.693403303623199 0
12.626319661736488 7.8182291574776173 -14.684844136238098 0
12.996146537363529 6.9829331748187542 -15.082959279417992 0
12.511671900749207 7.949592363089323 -15.334964521229267 0
12.272158250212669 8.4571597427129745 -14.303306832909584 0
11.852435866991678 8.9441568719016189 -14.559555768966675 0
12.350326038897038 9.2454890161752701 -14.404283821582794 0
12.765945039689541 8.8268230408430099 -14.849130339920521 0
12.193053193390369 9.5559333525598049 -14.977303117513657 0
13.176791951060295 8.094479463994503 -15.282602660357952 0
12.854449667036533 9.8467581048607826 -14.954548142850399 0
13.093195132911205 6.8455056920647621 -13.727973528206348 0
12.695654526352882 7.7170852310955524 -14.034408815205097 0
13.338824257254601 7.8437315672636032 -13.963777519762516 0
13.739748440682888 7.0131815224885941 -14.321825601160526 0
13.279097884893417 7.9742980897426605 -14.622608050704002 0
12.954413510859013 8.4807330593466759 -13.618466392159462 0
12.557854665650261 8.9676909579171067 -13.914760139253405 0
13.038885571062565 9.267247598618269 -13.712490350008011 0
13.491053558886051 8.8482524640858173 -14.117553949356079 0
12.930795677006245 9.5771356783807278 -14.299941144883633 0
13.937039270997047 8.1172717548906803 -14.510341703891754 0
13.588224723935127 9.8646985366940498 -14.218080766499043 0
17.595113724470139 10.23068530112505 -3.5987619217485189 0
17.227825298905373 10.251039579510689 -4.2838130909949541 0
16.597757034003735 10.161530412733555 -3.8559418637305498 0
16.942894384264946 10.251190155744553 -3.175785880535841 0
16.909594044089317 9.2950480058789253 -4.3524003084748983 0
16.943844504654408 8.353798009455204 -3.7708960063755512 0
16.633795380592346 9.2952018305659294 -3.2736797463148832 0
17.167768001556396 8.43569116294384 -3.1115581737831235 0
17.457872435450554 8.4360967725515366 -4.2378613017499447 0
17.713860839605331 8.4935892075300217 -3.5707964245229959 0
17.461950153112411 9.4113801494240761 -3.0183839602395892 0
17.760816723108292 9.4116874113678932 -4.1725616976618767 0
17.2426498234272 10.229896865785122 -2.4592837290838361 0
16.276534147560596 10.160732887685299 -2.8055713549256325 0
16.613210931420326 8.3527473472058773 -2.6917793294414878 0
17.359326928853989 8.4915019571781158 -2.4235482644289732 0
18.367793136172825 9.9137264755037098 -3.3995180726051331 0
18.187555402517319 10.094553343951702 -4.0818729996681213 0
17.876493528485298 10.094508230686188 -2.8893573647364974 0
17.941384255886078 8.5254446417093277 -2.8730009784922004 0
18.252376720309258 8.526831328868866 -4.0686208121478558 0
18.506692469120026 8.5690980777144432 -3.3649414237588644 0
18.257048398256302 9.3889565095305443 -2.7740182792767882 0
18.57770662009716 9.390202097594738 -3.9992909114807844 0
17.990001890394421 9.9115598201751709 -2.192625418305397 0
18.127402663230896 8.5655626952648163 -2.1485515795648098 0
17.196474805474281 7.3289286531507969 -4.2943490836769342 0
17.15562105178833 6.261825654655695 -3.7193890530616045 0
16.913897506892681 7.3288371078670025 -3.1927951024845243 0
17.369541108608246 6.3053001500666142 -3.0550556750968099 0
17.664592415094376 6.3060131333768368 -4.195471715182066 0
17.900459989905357 6.3467894569039345 -3.5256526060402393 0
17.64782389998436 7.4499982371926308 -2.9662258038297296 0
17.950365245342255 7.4513693824410439 -4.1337230280041695 0
16.81954887509346 6.2603680491447449 -2.6254769144579768 0
17.541965752840042 6.3437234573066235 -2.3666750155389309 0
18.101097717881203 6.3818162977695465 -2.8295490881428123 0
18.415178403258324 6.3842703476548195 -4.0342763345688581 0
18.640765458345413 6.4175627008080482 -3.3326540272682905 0
18.403722852468491 7.542177215218544 -2.7336911326274276 0
18.72490581870079 7.5451764278113842 -3.9676033593714237 0
18.261101752519608 6.4125465825200081 -2.1100253881886601 0
15.703723236918449 7.8583545349538326 -7.072394922375679 0
15.610783524811268 8.5979264788329601 -6.5876151509582996 0
15.52232027053833 9.0909837616814499 -7.0676493843396502 0
15.578630208969116 8.5960115753114223 -7.5511929951608181 0
15.737893149256706 9.3768807873129845 -6.5857557505369186 0
16.059657514095306 9.6917681433260441 -7.0855670310556889 0
15.704483456909657 9.3756799809634686 -7.5629568621516228 0
16.308918356895447 8.957490649074316 -7.6094206869602203 0
16.340175569057465 8.9612669795751572 -6.5760652795433998 0
16.525839813053608 8.1102754697203636 -7.0969933867454529 0
16.092372320592403 7.9673876874148846 -7.5897231474518776 0
16.123645879328251 7.9719189293682575 -6.579040452837944 0
15.627638816833496 7.8531134352087975 -8.0388340018689632 0
15.445007880528768 9.08870024813546 -8.0202166703012256 0
15.979546286165714 9.6884348839521408 -8.0909066461026669 0
16.446550868451595 8.1037508994340897 -8.142845593392849 0
15.826275892555714 6.0556345358490944 -7.0714375264942646 0
15.782312832772732 6.9999685548245907 -6.5834282822906971 0
15.749449357390404 6.9934443607926369 -7.5600947290658951 0
16.622831135988235 7.1561690978705883 -7.6268527880311012 0
16.653041668236256 7.1633579023182392 -6.5674158930778503 0
16.72442551702261 6.1510064266622066 -7.0961740761995316 0
16.256121732294559 6.0956204421818256 -7.5951906964182854 0
16.287788845598698 6.1047620736062527 -6.5721760019659996 0
15.747465118765831 6.0451603345572948 -8.0459348112344742 0
16.645033359527588 6.1404609903693199 -8.1571376733481884 0
16.481925517320633 9.9633845090866089 -6.5730881839990616 0
16.449465960264206 9.961230181157589 -7.6220631822943687 0
16.897560991346836 8.2344296239316463 -7.6511173397302628 0
16.927478045225143 8.2399220615625381 -6.5633973851799965 0
17.116339012980461 6.1963644027709961 -7.6579051204025745 0
17.144633442163467 6.2050412558019161 -6.5534068197011948 0
17.184383541345596 4.102020226418972 -7.650554146617651 0
17.210674226284027 4.1115265414118767 -6.5436845645308495 0
16.777179598808289 4.0976577289402485 -7.0883439593017101 0
16.736032001674175 5.1195288673043251 -7.6254807598888874 0
16.765241891145706 5.1294492669403553 -6.5588438585400581 0
16.698556080460548 4.0857787895947695 -8.1508845128118992 0
16.298903211951256 4.0832468401640654 -7.5886019207537174 0
16.329944230616093 4.093498645350337 -6.5643979795277119 0
15.860935352742672 4.0806240271776915 -7.0647147037088871 0
15.822639055550098 5.0710523538291454 -7.5578173436224461 0
15.85727359354496 5.0813066624104977 -6.5769140347838402 0
15.780789621174335 4.0682717114686966 -8.0397811494767666 0
17.181696936488152 2.073567618150264 -7.6379393041133881 0
17.205434396862984 2.0808577726711519 -6.5350985303521156 0
16.76843635737896 2.0873354735085741 -7.0786102935671806 0
16.751216225326061 3.0800462942570448 -7.6153093986213207 0
16.778556920588017 3.0892327446490526 -6.5505017228424549 0
16.691622376441956 2.0772034571855329 -8.1373092755675316 0
16.292520552873611 2.0911158377421089 -7.5784073621034622 0
16.321174949407578 2.0993765032617375 -6.5574813447892666 0
15.860101774334908 2.1025089789181948 -7.0575119741261005 0
15.834338061511517 3.0830854419618845 -7.549712460488081 0
15.867868550121784 3.0929591078311205 -6.5699803382158279 0
15.779901064932346 2.0913137660245411 -8.0298654176294804 0
15.126917392015457 10.154880277812481 -14.801420427858829 0
14.307963259518147 10.075416959822178 -14.13473616540432 0
15.070602662861347 10.176925532519817 -14.027069486677647 0
14.600656941533089 8.2406762205064297 -14.353896044194698 0
14.807560734450817 9.2051702961325645 -13.820923157036304 0
15.271025091409683 8.337934497743845 -14.157563760876656 0
15.231279030442238 8.3924066871404648 -14.871811613440514 0
15.521188706159592 9.3304689601063728 -14.356202587485313 0
15.837833523750305 10.163468822836876 -13.864320516586304 0
14.962472908198833 10.089499302208424 -13.269626900553703 0
15.273589916527271 8.2611954621970654 -13.457718811929226 0
15.947714112699032 8.4088355749845505 -13.922349132597446 0
15.762625548574659 9.8425171640184193 -15.324149211247763 0
15.878168486058712 10.026051983237267 -14.630686432123184 0
15.936719842255116 8.4394270144402981 -14.661809898912907 0
15.879144214093685 8.4815026484429836 -15.410928621888161 0
16.207174256443977 9.3183076605200768 -14.876815669238567 0
16.517418331570095 9.8491736782921695 -14.329902860853407 0
16.641174979507923 8.4935886412858963 -14.406560711562634 0
14.789371080696583 6.1004690192639828 -14.483488827943802 0
15.058574140071869 7.2062876969575882 -13.984178759157658 0
15.457772582769394 6.1658752206712961 -14.268149115145206 0
15.397967904806137 6.1964241415262222 -14.980091713368893 0
15.689079530537128 7.3380828127264977 -14.459488578140736 0
15.472414419054985 6.1328427083790302 -13.563537009060383 0
16.122895538806915 6.2261576279997826 -14.010572984814644 0
16.085395902395248 6.2526489850133657 -14.741562366485596 0
16.002464734017849 6.2773378733545542 -15.478234305977821 0
16.337235912680626 7.4416687376797199 -14.955139353871346 0
16.76976215839386 6.3044181913137436 -14.462292082607746 0
16.421072974801064 7.171198096126318 -4.4568243734538555 0
16.066791087388992 6.1153900176286697 -4.5294246580451727 0
15.57707703858614 7.0074180103838444 -4.6292255856096745 0
15.907934628427029 7.9764637425541878 -4.5621257368475199 0
15.516319252550602 6.0719774626195431 -4.1374223567545414 0
15.338440768420696 7.0084975846111774 -3.6753227654844522 0
15.39881320297718 7.8638174906373024 -4.1669783685356379 0
15.660750165581703 7.9768615886569023 -3.5758794639259577 0
15.815004780888557 6.1170430146157742 -3.5311603527516127 0
16.159738503396511 7.1720126681029797 -3.4247099421918392 0
16.183704517781734 8.1183785125613213 -3.9671897832304239 0
16.372522883117199 6.1662356331944466 -3.9207931309938431 0
16.116473101079464 8.964950256049633 -4.5183745939284563 0
15.41011293977499 8.599114254117012 -4.6628820728510618 0
15.531738504767418 9.3775012493133545 -4.6373163610696793 0
15.177323006093502 8.5988457351922989 -3.7225533667951822 0
15.225557671652899 9.0905011230044899 -4.2091737886269884 0
15.295115657150745 9.3771488070487976 -3.6842591296881437 0
15.862867847084999 8.9653628617525101 -3.5116375349462032 0
15.736152678728104 9.6939666159451008 -4.0780243389308453 0
16.896301031112671 6.2142331451177597 -4.3580338004976511 0
16.686760261654854 8.2455529533326626 -4.4007482714951038 0
16.417792402207851 8.245865885168314 -3.3431107383221388 0
16.62196084856987 6.2149478942155838 -3.2849912270903587 0
16.252399273216724 9.96544449031353 -4.4878924712538719 0
15.994254812598228 9.9653070271015167 -3.4677467551082373 0
15.231452152132988 6.0725469626486301 -3.1913355812430382 0
15.010502710938454 7.0073308981955051 -2.7441802173852921 0
15.117840647697449 7.8633447401225567 -3.2294325325638056 0
15.319929510354996 7.9756526462733746 -2.6140865590423346 0
15.469776690006256 6.1157161593437195 -2.5586239751428366 0
15.801515847444534 7.1703494526445866 -2.4193107336759567 0
15.877078339457512 8.1179981417953968 -2.9566708188503981 0
16.060679040849209 6.1660504676401615 -2.8965016137808561 0
14.85411348938942 8.5974086448550224 -2.8043779069557786 0
14.950210385852392 9.089328262541029 -3.2864180637730489 0
14.966153994202614 9.3757275119423866 -2.7543525518849492 0
15.513502344489098 8.964357927441597 -2.5301539357751608 0
15.442427389323711 9.6933325193822384 -3.1064416468143463 0
16.0495236068964 8.2442234084010124 -2.3126912117004395 0
16.248136676847935 6.2125428169965744 -2.2404343551024795 0
15.639446906745434 9.964020162820816 -2.4729924965649843 0
16.044764950871468 9.6928524561226368 -6.0757818631827831 0
15.510945757230123 9.0910771886507664 -6.1090274519390526 0
15.678918048739433 9.3773246854543686 -5.607762835919857 0
15.690884366631508 7.8611594550311565 -6.0985453203320503 0
15.554075390100479 8.5987052358686924 -5.6219428926706314 0
16.061709456145763 7.9746990911662579 -5.5667600110173225 0
16.507796913385391 8.1143982671201229 -6.0463172122836113 0
16.275285840034485 8.9633984193205833 -5.5427831560373306 0
15.936013124883175 9.6936425231397152 -5.0704634748399258 0
15.411340845955742 9.0909432702594337 -5.1527053713798523 0
15.589494422078133 7.8629402182996273 -5.126033715903759 0
16.393599674105644 8.1170628182590008 -4.9999458305537701 0
16.941112242639065 10.159224130213261 -6.0164060518145561 0
16.414750061929226 9.9644392281770706 -5.5255884081125259 0
16.856565736234188 8.2434464059770107 -5.4770490787923336 0
17.299142226576805 8.3499444648623466 -5.9917935654520988 0
17.084413968026638 9.2931743562221527 -5.4501613676548004 0
16.819065421819687 10.160698793828487 -4.9287361279129982 0
17.172458134591579 8.3527588583528996 -4.8736680187284946 0
15.813916444778442 6.06340691447258 -6.0883687660098076 0
15.724097639322281 7.0044730193912983 -5.6031171381473541 0
16.223874889314175 6.1112394817173481 -5.5468885004520416 0
16.704631522297859 6.1585962288081646 -6.0301174148917198 0
16.585247412323952 7.1682312041521072 -5.5076609142124653 0
15.710380844771862 6.0688446536660194 -5.1059127412736416 0
16.587082125246525 6.1636357083916664 -4.9683676138520241 0
17.070594310760498 6.2108815461397171 -5.4505106806755066 0
17.5201505869627 6.256439097225666 -5.9721061624586582 0
17.376641854643822 7.3266064636409283 -5.4156393222510815 0
17.389327019453049 6.2604105994105339 -4.8378233201801777 0
18.295141726732254 6.3444868475198746 -5.9118560999631882 0
17.854750469326973 6.3040436804294586 -5.3564996048808098 0
18.145983263850212 7.4500143006443977 -5.3220834396779537 0
18.099846825003624 8.4903294295072556 -5.9325494430959225 0
17.643362507224083 8.4341935515403748 -5.3843485116958618 0
18.15201124548912 6.3469546101987362 -4.7097895871847868 0
17.960928201675415 8.493090957403183 -4.7428474556654692 0
17.952318489551544 9.4094702079892159 -5.3475835230201483 0
17.975832372903824 10.22535103559494 -5.9442076496779919 0
17.408880323171616 10.248453691601753 -5.4115741699934006 0
17.839547172188759 10.22856867313385 -4.7626494951546192 0
19.065628111362457 6.4188716635107994 -5.8465965427458286 0
18.621271893382072 6.384006392210722 -5.2600326295942068 0
18.937706083059311 7.5450115315616131 -5.2220169082283974 0
18.923473253846169 8.5668915882706642 -5.8676488436758518 0
18.453900039196014 8.5251873731613159 -5.2854512427002192 0
18.909976810216904 6.4196472465991974 -4.5793972183018923 0
18.772305861115456 8.569475319236517 -4.606184359639883 0
18.78510981798172 9.3878345414996147 -5.2461279928684235 0
18.777307642830745 9.9084274239010277 -5.8838582701153221 0
18.386552467942238 10.090998992323875 -5.295953780412674 0
18.630487892362808 9.9123290512296887 -4.6316622594992323 0
14.85298240929842 3.9552566790953279 -13.10562889277935 0
15.558821603655815 3.9801284447312355 -13.582346946001053 0
14.891154803335667 3.9458897532895207 -13.807670585811138 0
14.555554457008839 2.9205473847687244 -13.539773225784302 0
15.246297709643841 2.9231983022764325 -14.047745175659657 0
14.095906987786293 3.9354455471038818 -12.590546078979969 0
14.183856323361397 3.9234712114557624 -13.280066303908825 0
13.822408616542816 2.9202024014666677 -12.992314793169498 0
14.214354261755943 3.9113831697031856 -13.981092512607574 0
14.874279648065567 3.9366411427035928 -14.516157783567905 0
13.507555313408375 3.8909968407824636 -13.396762773394585 0
14.791739977896214 6.03044793009758 -13.096329361200333 0
14.817317567765713 6.0658528339117765 -13.787879824638367 0
14.52234248816967 4.9713209718465805 -13.550437286496162 0
15.19458644837141 5.0292028710246086 -14.052501320838928 0
14.053833805024624 5.9330287296324968 -12.585922002792358 0
14.131107687950134 5.9616330396384001 -13.268671952188015 0
13.79646223038435 4.9200718626379967 -13.001648798584938 0
14.152257546782494 5.9960042722523212 -13.959953509271145 0
13.461590185761452 5.8968465384095907 -13.383261792361736 0
16.527985408902168 5.1405772306025028 -4.4342931993305683 0
17.33621908724308 5.1913442686200142 -4.2654669992625713 0
16.956425920128822 4.1214397456496954 -4.3448878210037947 0
17.049495913088322 5.1918381676077843 -3.1560457684099674 0
17.227971315383911 4.131688242778182 -3.7027081158012152 0
16.67962308973074 4.1227345671504736 -3.2706693485379219 0
16.263608358800411 5.1422770768404007 -3.3958721403032541 0
16.419053040444851 4.1140152644366026 -3.9093217998743057 0
16.536806866526604 3.097759060561657 -4.4307795129716396 0
17.36482098698616 3.092676954343915 -4.2585621755570173 0
16.945582136511803 2.0855613597086631 -4.3456329982727766 0
17.07525172829628 3.0931185092777014 -3.1514607490971684 0
17.224660769104958 2.0754075052100234 -3.704032501205802 0
16.667227298021317 2.0847721917089075 -3.2759290970861912 0
16.271504364907742 3.0986244063824415 -3.3945416454225779 0
16.403349697589874 2.0954230778152123 -3.9126056879758835 0
15.649864546954632 5.0933205485343933 -4.6125934235751629 0
16.106035873293877 4.104603810235858 -4.519479738548398 0
15.853526435792446 4.1066025868058205 -3.5200058408081532 0
15.409555464982986 5.0956721864640713 -3.6537999529391527 0
15.550053834915161 4.0979003757238388 -4.1267323549836874 0
15.658226393163204 3.1017961278557777 -4.6075281780213118 0
16.092471301555634 2.1044860813417472 -4.5200578887015581 0
15.839744597673416 2.1036603025277145 -3.5228859819471836 0
15.418973714113235 3.1027176789939404 -3.6481033321470022 0
15.542834170162678 2.1112745877471752 -4.1254521906375885 0
16.889018751680851 4.1310993432998657 -2.6073845317587256 0
16.304205946624279 4.121096059679985 -2.2255372032523155 0
15.902777589857578 5.1408210508525372 -2.3852351317182183 0
16.105927251279354 4.1144045814871788 -2.8844021148979664 0
16.685206823050976 3.0910999272018671 -2.074271590448916 0
16.883722752332687 2.0736170444870368 -2.6133582405745983 0
16.291620060801506 2.0822325932676904 -2.2353184903040528 0
15.910706639289856 3.0972970109432936 -2.3865911830216646 0
16.090106278657913 2.0938862086622976 -2.8914928436279297 0
15.507722958922386 4.1059604603797197 -2.5474190590903163 0
15.079695746302605 5.0952261202037334 -2.7193965408951044 0
15.265323638916016 4.0989935770630836 -3.1794177312403917 0
15.494744546711445 2.1015956605551764 -2.5532839624211192 0
15.089594721794128 3.102149335667491 -2.7150040976703167 0
15.258603073656559 2.109876484144479 -3.178487304598093 0
17.465069502592087 2.07536532956874 -4.8197655230760574 0
17.552712604403496 3.090170094743371 -5.3862736150622368 0
17.465286180377007 4.1296944655478001 -4.8229759372770786 0
17.133740127086639 4.1177626941353083 -5.4388290643692017 0
17.125538781285286 2.0844830207643099 -5.434784073382616 0
16.705866523087025 3.0948185659945011 -5.4859000407159328 0
16.63554135710001 4.1111239325255156 -4.9578865841031075 0
16.621307983994484 2.0953552880091593 -4.9569820836186409 0
17.520542234182358 5.1882466413080692 -5.3951737098395824 0
16.695079959928989 5.136298093944788 -5.4919355325400829 0
16.264378890395164 4.1003512945026159 -5.537974901497364 0
16.252468883991241 2.1034481547540054 -5.5349183827638626 0
15.806545697152615 3.0988589562475681 -5.5857362933456898 0
15.743842825293541 4.0947335883975029 -5.09694579616189 0
15.736759290099144 2.111443949281238 -5.0948643535375595 0
15.798083923757076 5.0885843373835087 -5.5915188230574131 0
17.602979749441147 2.0733041857602075 -5.9521947205066681 0
17.599796026945114 4.1253442410379648 -5.9596695750951767 0
16.755437649786472 4.1058539021760225 -6.0207796990871429 0
16.743842929601669 2.0930221579619683 -6.0152257196605206 0
15.848006039857864 4.0892212241888046 -6.08060597255826 0
15.843460440635681 2.1089639236452058 -6.0759333148598671 0
14.414736069738865 7.0425525493919849 -13.49698094278574 0
14.627318970859051 8.1397868283092976 -13.67183655500412 0
13.982762157917023 7.9984510876238346 -13.842027209699154 0
13.722323670983315 6.8768115863204002 -12.965278811752796 0
13.985756352543831 7.8686380982398987 -13.179687425494194 0
13.354123577475548 7.7430445812642574 -13.309460714459419 0
14.149130016565323 8.869183212518692 -13.32155055552721 0
14.253940396010876 9.8818025812506676 -13.416607789695263 0
13.606905773282051 9.5967898443341255 -13.55599744617939 0
13.573527969419956 8.5039754435420036 -12.872007615864277 0
13.663056701421738 9.2886480838060379 -12.958782278001308 0
13.204104423522949 8.9901833931605015 -13.204244759347704 0
14.613393254578114 8.0217757970094681 -13.000153891742229 0
13.941386677324772 7.7681794948875904 -12.526584923267365 0
14.211956806480885 9.6160771399736404 -12.751908212900162 0
13.779506153530546 9.0122501717673416 -12.436128086513941 0
14.659526892006397 5.0907417498528957 -1.8169725809711963 0
14.428938202559948 4.0910399407148361 -1.3801024612039328 0
14.159836396574974 5.0816839337348938 -0.95541632454842329 0
14.395751789212227 6.0631749294698238 -1.3877420413773507 0
14.510508589446545 6.1014439389109612 -0.72506409592460841 0
14.905199803411961 5.1252207607030869 -0.48458747402764857 0
14.549104645848274 4.0926889628171921 -0.71774766803719103 0
15.153618790209293 6.1548040434718132 -0.95264373734244145 0
15.198545850813389 4.1043405383825302 -0.94251085002906621 0
15.447979539632797 5.1352966092526913 -1.4116764723439701 0
15.032646588981152 6.1106318235397339 -1.6199369558598846 0
15.070294931530952 4.1015337910503149 -1.6105994521640241 0
14.889483645558357 4.0971483457833529 -2.2613719068467617 0
14.856507703661919 6.0698159150779247 -2.271742882207036 0
15.652974590659142 6.1624237410724163 -1.9038926428183913 0
15.697592779994011 4.1114673707634211 -1.8923671906813979 0
15.214767314493656 6.1956667900085449 -0.27662315400084481 0
15.270414277911186 4.1057019047439098 -0.26275433809496462 0
15.777389764785767 6.2063154019415379 -1.2341638416110072 0
15.832799978554249 4.1155847273766994 -1.2196435898076743 0
16.937925659120083 1.9433883234451059 -14.457469090819359 0
16.532726474106312 2.9564796769991517 -14.989916309714317 0
16.865974329411983 4.0471704071387649 -14.472440682351589 0
16.185166411101818 4.0087083550170064 -14.76362070441246 0
16.246265910565853 1.9179280725657009 -14.748795904219151 0
15.901508666574955 2.9342764662578702 -14.525518342852592 0
16.2247209623456 4.0114436084404588 -14.032274149358273 0
16.273937880992889 1.9332990249172326 -14.012698203325272 0
16.449796654284 5.1456904467195272 -14.992888547480106 0
15.830280415713787 5.0895087867975235 -14.525734812021255 0
15.553165175020695 3.9742939956486225 -14.296119913458824 0
15.592093996703625 1.9142582620193025 -14.276308223605156 0
16.171470239758492 1.9061683111067396 -15.488046988844872 0
16.098813973367214 4.005942091345787 -15.498095571994781 0
15.49737798422575 3.968800961971283 -15.015014193952084 0
15.548260524868965 1.8930941717844689 -15.00178375095129 0
18.41985547542572 0.067855407483875751 -5.8790251798927784 0
18.026926532387733 0.082602663431316614 -6.5000534243881702 0
17.568319708108902 0.097661129897460341 -5.9480910375714302 0
17.933731764554977 0.081117636989802122 -5.331380520015955 0
17.620174720883369 1.0794644852285273 -6.5183262526988983 0
18.465919896960258 1.0559408052067738 -6.4882927983999252 0
18.42862543463707 2.0599244553595781 -5.8857057169079781 0
17.960242137312889 2.0662265059072524 -5.3334819041192532 0
18.368284821510315 1.0563543733442202 -5.2790551502257586 0
17.533254280686378 1.080488832492847 -5.3835953548550606 0
15.584265097975731 8.240224864333868 -1.3188186032639351 0
15.190970197319984 9.9613381400704384 -1.5118548074970022 0
15.070418640971184 8.9618351720273495 -1.5820078292163089 0
15.474535971879959 8.1156620979309082 -1.9761126451194286 0
15.056369557976723 9.6913238577544689 -2.1622611051425338 0
15.34864779561758 7.165647529065609 -1.4494626330852043 0
14.886767141520977 7.9724855497479439 -1.684361323248595 0
14.547545582056046 9.3730547986924648 -1.8543283888138831 0
14.441106848418713 8.59471470490098 -1.9148132284171879 0
14.746951624751091 7.8611624985933304 -2.3163933744654059 0
14.585364037089876 9.0869336525599156 -2.3878161857525506 0
14.592398397624493 7.0033507458865643 -1.8427164810709655 0
15.026613809168339 8.2329334951937199 -0.37268200014659669 0
14.536829829216003 8.9567356146872044 -0.67896771433879621 0
14.648244597017765 9.9574547559022903 -0.59691120128263719 0
14.979220427572727 8.1109249629080296 -1.0358656720200088 0
14.577279716730118 9.6883448138833046 -1.2567077913554385 0
14.806614898145199 7.1573488190770149 -0.52578750281827524 0
14.36571092903614 7.9669224992394447 -0.79874430088966619 0
13.938370771706104 8.590687982738018 -1.0680256195337279 0
14.036941558122635 9.3695089258253574 -0.99761602611397393 0
14.286049067974091 7.8572439700365067 -1.4396127527579665 0
14.128045042355856 9.0839887791209737 -1.5252734679314826 0
14.090383432805538 6.9962939918041229 -0.98343108943663538 0
17.419793039560318 3.0908805783838034 -1.7752822451293468 0
17.052361071109772 2.0629605870053638 -1.9281016038730741 0
17.644513994455338 2.0583255123128765 -2.3430820032954216 0
17.458006575703621 2.0660060691297986 -3.0355277191847563 0
17.838435351848602 3.0938160382211208 -2.917490947060287 0
17.451441779732704 4.1422436386346817 -3.0348295690491796 0
17.627673327922821 4.1528627742081881 -2.3441155701875687 0
17.790519997477531 5.2425903789699078 -2.9281002124771476 0
18.337277576327324 4.1796344686299562 -2.0906685078516603 0
18.186924964189529 4.1675796806812286 -2.8083273591473699 0
18.511446684598923 5.2903478443622589 -2.7062612511217594 0
18.013242900371552 2.0606779356166953 -3.4992876183241606 0
17.761190235614777 2.067053607373964 -4.1735836640000343 0
18.151158809661865 3.0941965356469154 -4.0903916023671627 0
17.750621527433395 4.1420474536716938 -4.1771704964339733 0
17.990903601050377 4.1547523494809866 -3.5046626608818769 0
18.571449428796768 3.1057872530072927 -2.690519186668098 0
18.220123961567879 2.0571782580736908 -2.8000260144472122 0
18.777957335114479 2.0600571967515862 -3.2961537558585405 0
18.548437744379044 2.0591023813030915 -4.0022563207894564 0
18.907605409622192 3.107679994776845 -3.9243162143975496 0
18.507357522845268 4.1690062433481216 -4.0136705283075571 0
18.724783435463905 4.1836275793612003 -3.3121919389814138 0
18.097735360264778 5.2436793111264706 -4.1028156448155642 0
18.837560921907425 5.293568205088377 -3.9423938579857349 0
16.229256346821785 -0.060798234946560115 -15.484980955719948 0
15.788389466702938 0.89754822451504879 -15.977714762091637 0
16.597828269004822 0.92632751725614071 -14.977580115199089 0
15.935776568949223 0.92480110114456693 -14.502434410154819 0
15.170095711946487 0.89013716120098252 -15.469198167324066 0
15.570276096463203 -0.057523977855453268 -14.981925211846828 0
16.281802855432034 -0.051223251386545599 -14.732800096273422 0
15.49775493144989 -0.071042440831661224 -15.721694186329842 0
16.991885609924793 -0.044398960715625435 -14.446221470832825 0
16.290406338870525 -0.033612397394790605 -13.987052708864212 0
16.987894088029861 -1.9925973870267626 -14.434384413063526 0
16.633935920894146 -1.0238673826679587 -14.973723441362381 0
15.935699999332428 -1.0096074089592548 -14.480890080332756 0
16.262550696730614 -1.971354682601941 -13.96337017416954 0
16.273200072348118 -1.9858632600517012 -14.72007517516613 0
15.599016115069389 -0.036832004593634338 -14.248110257089138 0
14.859247155487537 -0.062648630962939933 -15.196264557540417 0
15.572450622916222 -1.9650461283813456 -14.2235247194767 0
17.94519068300724 4.139594841748476 -5.3407278694212437 0
18.356698870658875 3.0928175691515207 -5.2858314905315638 0
18.395050689578056 4.151453323662281 -5.8961489908397198 0
18.297984436154366 5.2423293180763721 -5.2988771591335535 0
18.717943370342255 4.1685824189335108 -5.2413958609104156 0
18.766715422272682 2.0595889288233593 -5.229064367711544 0
19.129119545221329 3.1091389209032059 -5.1825140286237001 0
19.158425942063332 4.1849483791738749 -5.8284016475081444 0
19.229015052318573 2.0636219348962186 -5.814003299921751 0
19.054206550121307 5.2944268248975277 -5.1997959371656179 0
18.24748358130455 4.1542066540569067 -4.6908547505736351 0
18.27582374215126 2.0611517184879631 -4.6823862455785275 0
19.000079646706581 4.1853472087532282 -4.5588936358690262 0
19.063107520341873 2.0624020899413154 -4.5424779579043388 0
17.08573642373085 0.1121503597823903 -5.4351348057389259 0
16.677602805197239 1.1081295541371219 -5.485035352408886 0
17.168648645281792 0.11301590024959296 -6.5282624252140522 0
16.75368345528841 1.106544004927855 -6.5436301082372665 0
16.707079567015171 0.12739086465444416 -6.0126698352396488 0
16.219971425831318 0.13919848972000182 -5.5363856293261051 0
15.791321597993374 1.1299876817502081 -5.5852616168558598 0
16.293360285460949 0.13921115477569401 -6.5524921603500843 0
15.857273526489735 1.1276343647623435 -6.5652782879769802 0
15.823733903467655 0.14987658034078777 -6.0751264914870262 0
18.884032502770424 0.055856976949144155 -6.4663602709770203 0
19.304171785712242 1.0460893954441417 -6.4523113742470741 0
18.447379067540169 1.0525483227393124 -7.706513799726963 0
19.287132620811462 1.044123492174549 -7.750303965061903 0
18.865793526172638 0.055065830878447741 -7.7226599864661694 0
18.45994707942009 0.068050250003580004 -7.0914247930049896 0
19.324018329381943 0.045441042893799022 -7.09547059237957 0
17.599560976028442 1.0747074537212029 -7.6577685140073299 0
18.008377730846405 0.080492499517276883 -7.6756767295300961 0
17.603023022413254 0.097026129835285246 -7.0827638357877731 0
18.383315771818161 0.064427542849443853 -8.3068170472979546 0
19.244984582066536 0.044023865630151704 -8.3942593038082123 0
17.529142275452614 0.091689865221269429 -8.2170638740062714 0
16.662461712956429 0.11895946098957211 -8.1220401339232922 0
17.148153588175774 0.10958253871649504 -7.6244653053581715 0
16.729558549821377 1.1006211490021087 -7.603103268891573 0
15.771174520254135 0.13825922936666757 -8.0194145105779171 0
16.269580453634262 0.13440037600230426 -7.5677341185510159 0
15.827954083681107 1.120307982142549 -7.5413794629275799 0
16.735652834177017 0.12573987129144371 -7.0693124867975712 0
15.846599012613297 0.14682085905224085 -7.0514783076941967 0
17.010037750005722 8.6257474943995476 0.93576240834227065 0
17.691160917282104 8.7373819649219513 0.57116290117846802 0
17.687046334147453 8.6387056931853294 -0.2083788705203915 0
18.082800507545471 7.6273036003112793 -0.0092500998871400952 0
17.800521776080132 6.4293819405138493 -0.17156315813190304 0
17.788192510604858 6.4522786736488342 0.59958304546307772 0
17.122212700545788 6.4135789349675179 0.97673009881691542 0
17.384794950485229 7.6117224991321564 1.1748402610537596 0
14.868698380887508 10.952921815216541 -0.44423882737464737 0
14.969858407974243 11.717780649662018 -1.0112646501511335 0
15.425189137458801 10.954218402504921 -1.3823937209090218 0
15.979828655719757 11.837006807327271 -1.0859193783253431 0
16.588514231145382 10.974959388375282 -0.77175687847193331 0
16.413173913955688 11.688054263591766 -0.16489526396617293 0
15.970918603241444 10.970443144440651 0.27281354326987639 0
15.393729746341705 11.837635278701782 -0.093807132914662361 0
16.769335955381393 10.206581704318523 0.79216028226073831 0
17.40190052986145 10.581161379814148 0.4134617717936635 0
17.433750882744789 10.215997405350208 -0.3300023163901642 0
17.937950372695923 9.7392176389694214 -0.066079751588404179 0
17.245220422744751 9.7270910739898682 1.1068503283895552 0
17.307931542396545 11.252089440822601 -0.39003176148980856 0
16.650264203548431 11.246235132217407 0.7240567677654326 0
18.334914326667786 8.749204009771347 -0.63714903657091781 0
18.257940202951431 8.6475395821034908 -1.4032511365003302 0
18.676684856414795 7.6384865641593933 -1.2394354596617632 0
18.373305216431618 6.4404973685741425 -1.3702416542364517 0
18.434413194656372 6.466253787279129 -0.610920115490444 0
15.468299627304077 11.717271506786346 -1.9576129913330078 0
15.883652940392494 10.956948235630989 -2.3672765805386007 0
16.462886989116669 11.835323214530945 -2.1256336122751236 0
17.102121233940125 10.974639482796192 -1.8670127733494155 0
16.984666287899017 11.685153961181641 -1.2514317273162305 0
18.029554009437561 10.588031947612762 -0.76716286409646273 0
17.991777926683426 10.221466369926929 -1.5037526044761762 0
18.523752808570862 9.7479816079139709 -1.2877841568551958 0
17.857517123222351 11.251938104629517 -1.5547520010732114 0
16.352427922189236 10.951843164861202 -9.7668623030185699 0
16.968272387981415 11.831127762794495 -9.9389429092407227 0
17.655718959867954 10.953061759471893 -10.121578767895699 0
17.928581357002258 11.656655192375183 -9.5640952587127686 0
17.907625138759613 10.950897052884102 -8.9391717463731766 0
17.209393382072449 11.824096024036407 -8.8223800659179688 0
16.584332928061485 10.956085994839668 -8.7130296900868416 0
16.256807863712311 11.731254696846008 -9.1967035531997681 0
16.021641828119755 10.937033459544182 -10.791899368166924 0
16.619788110256195 11.821569263935089 -11.02628356218338 0
17.287177674472332 10.945665203034878 -11.271263137459755 0
17.618039309978485 11.665026783943176 -10.747976124286652 0
15.980949103832245 11.72387158870697 -10.220309257507324 0
19.0014828145504 6.4219744727015495 -10.457243137061596 0
19.515113234519958 6.4658730924129486 -9.8770778179168701 0
19.279083549976349 6.4372294880449772 -9.1337441988289356 0
19.605917572975159 7.6366795599460602 -9.1986814439296722 0
19.165500119328499 8.6375682093203068 -9.1367078498005867 0
19.429245829582214 8.7425074577331543 -9.8814560174942017 0
18.89111615717411 8.628171231597662 -10.449322193861008 0
19.324553489685059 7.6237028539180756 -10.561609625816345 0
18.46414053440094 11.2278813123703 -10.342138588428497 0
18.611973494291306 10.197631284594536 -10.379905067384243 0
19.094107985496521 10.567340612411499 -9.8164916634559631 0
18.878018796443939 10.200709894299507 -9.0989072695374489 0
18.724732041358948 11.220208644866943 -9.0764836966991425 0
19.454919815063477 9.7334837317466736 -9.1909734010696411 0
19.180394291877747 9.7285735011100769 -10.534819185733795 0
18.60050405561924 6.402080025523901 -11.742732308804989 0
19.169825196266174 6.4477460384368896 -11.226181089878082 0
19.080858945846558 8.7319102585315704 -11.219602167606354 0
18.486249387264252 8.6158901825547218 -11.722389362752438 0
18.911466956138611 7.6075724065303802 -11.883007168769836 0
18.072231888771057 11.224297761917114 -11.57239305973053 0
18.215388059616089 10.189114131033421 -11.622951872646809 0
18.757784247398376 10.565997421741486 -11.116431772708893 0
18.765639901161194 9.7193859219551086 -11.837001979351044 0
15.618946552276611 11.367098033428192 -8.5464573502540588 0
15.515689603984356 10.287997901439667 -8.5237040035426617 0
14.978747487068176 10.821965992450714 -8.9055371284484863 0
15.305443838238716 10.279234014451504 -9.4729844480752945 0
15.404357731342316 11.36183488368988 -9.5114554166793823 0
14.737497389316559 10.808073282241821 -9.805112361907959 0
15.007337547838688 10.262835785746574 -10.396441891789436 0
15.103376746177673 11.343107163906097 -10.449443280696869 0
14.794467687606812 10.195306062698364 -8.3949917554855347 0
15.079604260623455 9.2715291306376457 -8.4399663768708706 0
14.610825598239899 9.4739083647727966 -8.8068801760673523 0
14.881038747727871 9.2618880197405815 -9.339280903339386 0
14.600536227226257 10.18624347448349 -9.27405846118927 0
14.679598033428192 8.6703483164310455 -8.3657148778438568 0
15.132277242839336 7.8086457587778568 -8.4415206424891949 0
14.616749942302704 7.7982187569141388 -8.7949042320251465 0
14.933063119649887 7.7971012555062771 -9.3384254649281502 0
14.490177929401398 8.6601376533508301 -9.2209212183952332 0
14.719784438610077 6.9062696695327759 -8.3647113144397736 0
15.207370564341545 6.0058312006294727 -8.4456784054636955 0
14.648390054702759 5.9717759191989899 -8.792793333530426 0
15.008000053465366 5.9904076084494591 -9.3480634540319443 0
14.530732691287994 6.8928698599338531 -9.2187362313270569 0
14.381233096122742 9.4605357646942139 -9.6593054533004761 0
14.597328685224056 9.2459393255412579 -10.215940788388252 0
14.326257824897766 10.168827414512634 -10.129300475120544 0
14.385703980922699 7.7839012145996094 -9.6388556957244873 0
14.648296006023884 7.7806323394179344 -10.214846335351467 0
14.21940004825592 8.6437992751598358 -10.056690216064453 0
14.41859096288681 5.9542825222015381 -9.6394484639167786 0
14.722677133977413 5.9705505836755037 -10.230454102158546 0
14.25870281457901 6.8746782541275024 -10.055122554302216 0
17.185973286628723 11.648748815059662 -11.889171004295349 0
16.806385442614555 10.92679675668478 -12.372402653098106 0
17.560429573059082 11.205726206302643 -12.748759746551514 0
17.701495304703712 10.175877749919891 -12.814361900091171 0
18.288725256919861 10.554841041564941 -12.368032217025757 0
18.233230233192444 9.7079947590827942 -13.084813237190247 0
17.965689733624458 8.6021223440766335 -12.943008981645107 0
18.604659795761108 8.7190756797790527 -12.507891893386841 0
16.648020565509796 11.631570935249329 -12.97311931848526 0
16.227828733623028 10.918251298367977 -13.416244007647038 0
16.947245836257935 11.201056838035583 -13.862993597984314 0
17.080686740577221 10.167475365102291 -13.943029299378395 0
17.706200361251831 10.543891310691833 -13.559255242347717 0
17.586428642272949 9.6998977661132812 -14.264277756214142 0
17.331618830561638 8.5894179940223694 -14.096481062471867 0
18.011349439620972 8.7064509391784668 -13.732720136642456 0
15.607176899909973 11.703254342079163 -11.207107067108154 0
15.590979397296906 10.918952718377113 -11.774621352553368 0
16.163608729839325 11.798931837081909 -12.064986169338226 0
15.137445211410522 11.68863183259964 -12.145260095596313 0
15.069322198629379 10.906907074153423 -12.707623071968555 0
15.614895224571228 11.79302704334259 -13.048322021961212 0
18.379154086112976 7.5898697972297668 -13.148502707481384 0
18.079520523548126 6.3789054118096828 -12.97377286106348 0
18.699501991271973 6.4258302748203278 -12.525284647941589 0
17.727635622024536 7.5718950629234314 -14.34138286113739 0
17.444447204470634 6.3537273928523064 -14.136136956512928 0
18.1077641248703 6.4016132354736328 -13.759200394153595 0
13.784886173903942 9.2080301828682423 -11.876646898686886 0
13.52675449848175 10.132985949516296 -11.739975988864899 0
14.143519356846809 10.228533998131752 -12.129899963736534 0
13.989526033401489 10.77322793006897 -11.499992787837982 0
14.616731360554695 10.245424315333366 -11.28347110748291 0
13.964048862457275 10.151120781898499 -10.951975286006927 0
14.229225754737854 9.2276068814098835 -11.063636273145676 0
13.677784264087677 9.4234237670898438 -11.286075055599213 0
13.871212422847748 8.6243368089199066 -10.869016170501709 0
14.284211106598377 7.7606195658445358 -11.066633731126785 0
13.695710957050323 7.7426071465015411 -11.265594601631165 0
13.843675345182419 7.7377801910042763 -11.886245898902416 0
13.45186448097229 8.6027528047561646 -11.65081661939621 0
14.407850205898285 10.789275944232941 -10.672100126743317 0
14.068270564079285 9.4424997270107269 -10.487639427185059 0
14.076228857040405 7.7649918496608734 -10.464495599269867 0
14.225231528282166 11.312647998332977 -12.198466122150421 0
14.706936061382294 11.324982345104218 -11.346118748188019 0
13.91474449634552 6.8519743978977203 -10.872004330158234 0
14.358699649572372 5.9457591194659472 -11.089451193809509 0
13.73331755399704 5.9040083438158035 -11.275577545166016 0
13.920887023210526 5.9157876763492823 -11.919468715786934 0
13.501134395599365 6.8248656690120697 -11.66123366355896 0
14.109324812889099 5.9318748712539673 -10.468188047409058 0
18.693929448723793 4.1469484092667699 -11.7336380854249 0
18.991783857345581 5.2863004803657532 -11.877493679523468 0
18.46038818359375 5.2588218152523041 -13.148394882678986 0
18.171780720353127 4.1178837902843952 -12.969412088394165 0
18.786840677261353 4.1524095684289932 -12.513197481632233 0
17.811289072036743 5.2281464636325836 -14.34651643037796 0
17.535455122590065 4.0840237755328417 -14.136375218629837 0
18.193351745605469 4.1199689134955406 -13.751006841659546 0
18.794486120343208 2.0290576561092166 -11.716879799962044 0
19.088396787643433 3.0904500186443329 -11.856960296630859 0
18.55350661277771 3.0598385408520699 -13.133281707763672 0
18.265920162200928 2.001496434550063 -12.955524876713753 0
18.902939319610596 2.030179268156644 -12.500252962112427 0
17.899533033370972 3.0244000256061554 -14.33385956287384 0
17.619393825531006 1.9701466987899039 -14.122179090976715 0
18.295032620429993 1.9986603012075648 -13.739753305912018 0
19.377425402402878 4.1875307615846395 -9.1198559179902077 0
19.684608101844788 5.3267648816108704 -9.1831014156341553 0
19.398684978485107 5.3093128204345703 -10.549394309520721 0
19.095061451196671 4.1703861318528652 -10.44431034475565 0
19.605684280395508 4.201000839471817 -9.8598046898841858 0
19.256559610366821 4.1796972900629044 -11.209802150726318 0
19.487362146377563 2.0652749756045523 -9.1076682545244694 0
19.793949127197266 3.1312134563922882 -9.1669057309627533 0
19.498218774795532 3.114368662238121 -10.528359055519104 0
19.198790118098259 2.0506839383924671 -10.42783834785223 0
19.737401127815247 2.0752732402761467 -9.8469944000244141 0
19.379241228103638 2.0562552260234952 -11.193195998668671 0
13.947852864861488 3.9475997677072883 -11.918152205646038 0
13.527942419052124 4.9211545586585999 -11.668043494224548 0
13.934737622737885 4.9553345888853073 -10.872741878032684 0
14.37943996489048 3.9834235506132245 -11.08467498421669 0
13.742801249027252 3.9594956710934639 -11.269544959068298 0
14.280611515045166 4.9826129674911499 -10.054368615150452 0
14.744098447263241 4.0122152827680111 -10.225826889276505 0
14.118285477161407 3.9921251535415649 -10.462080597877502 0
13.957290366292 1.9837216832529521 -11.899712808430195 0
13.538140654563904 2.9612447991967201 -11.657685577869415 0
13.938117682933807 2.9979844316840172 -10.862781584262848 0
14.382198132574558 2.0182929728471208 -11.068208232522011 0
13.751325488090515 2.0048135207034647 -11.256929278373718 0
14.284161448478699 3.0271347910165787 -10.047096610069275 0
14.742900423705578 2.0466526426607743 -10.212564378976822 0
14.121084570884705 2.0363754727877676 -10.452526390552521 0
14.549660801887512 5.0041252374649048 -9.2150734066963196 0
15.026999250054359 4.0350316222757101 -9.3420299738645554 0
14.427449762821198 4.017670527100563 -9.6334851980209351 0
14.739933907985687 5.0207848250865936 -8.358625590801239 0
15.229260466992855 4.0530361738055944 -8.4387428387999535 0
14.656846284866333 4.0376183241605759 -8.7848507761955261 0
14.553860127925873 3.0500004291534424 -9.2079071998596191 0
15.027649864554405 2.0695126077625901 -9.3314656168222427 0
14.431133329868317 2.0617028730921447 -9.6264117956161499 0
14.749794721603394 3.0677202045917511 -8.3504711985588074 0
15.233986899256706 2.0875194268301129 -8.4295617118477821 0
14.666461586952209 2.0816394630819559 -8.7780652046203613 0
17.700723618268967 -0.037557027826551348 -14.118223674595356 0
18.077829957008362 -1.0284490756457672 -14.329726576805115 0
17.693697467446327 -2.0009095557907131 -14.098622985184193 0
18.390019774436951 -2.0121901134261861 -13.708290219306946 0
18.302684500813484 -1.9947841052307922 -12.905779384076595 0
18.739127278327942 -1.0197990552405827 -13.116764664649963 0
18.365345656871796 -0.018019343558989931 -12.953834839165211 0
18.421125292778015 -0.03126343316398561 -13.749400913715363 0
18.951974511146545 -2.0038185059675016 -12.444599568843842 0
18.796579256653786 -1.9806824487895938 -11.657889775931835 0
19.269130349159241 -1.0013960425858386 -11.83252078294754 0
18.903620690107346 0.0044084415130782872 -11.716457523405552 0
19.057979702949524 -0.011081070988439023 -12.515321135520935 0
18.010320067405701 0.96301527100149542 -14.333225190639496 0
18.700401663780212 0.98874209664063528 -13.141691505908966 0
19.258871078491211 1.0145190010662191 -11.865428864955902 0
19.391254663467407 -1.9874740345403552 -11.133497774600983 0
19.176812335848808 -1.9661734062647156 -10.373063065111637 0
19.671074271202087 -0.98308273771544918 -10.503389000892639 0
19.309525221586227 0.023899996413092595 -10.426472634077072 0
19.544884204864502 0.010418770834803581 -11.206454873085022 0
19.727226376533508 -1.9761816912214272 -9.7996554374694824 0
19.451683700084686 -1.9595332263343153 -9.068386796861887 0
19.965938329696655 -0.97492585406871513 -9.151775062084198 0
19.59846143424511 0.035227830710937269 -9.1067472249269485 0
19.908796787261963 0.026240242528729141 -9.857361376285553 0
19.678637146949768 1.0355336256907322 -10.534005463123322 0
19.983831286430359 1.0484412081423216 -9.1720481216907501 0
14.74614143371582 0.098712558625265956 -10.195902436971664 0
14.313149213790894 -0.8795153871178627 -10.024480164051056 0
14.757663376629353 -1.8786690443521366 -10.178922109305859 0
14.166383802890778 -1.8870533755980432 -10.426414608955383 0
14.400535076856613 -1.894681189180119 -11.031677432358265 0
13.972076594829559 -0.90030705090612173 -10.835962176322937 0
14.38864429295063 0.074582049797754735 -11.04888391494751 0
14.136832475662231 0.089896879158914089 -10.43978750705719 0
13.793912172317505 -1.9027215256355703 -11.228934109210968 0
13.97259758412838 -1.9098207629431272 -11.861721441149712 0
13.574836790561676 -0.92131482972763479 -11.628585577011108 0
13.968430712819099 0.048022365110227838 -11.879844576120377 0
13.771167755126953 0.064917146228253841 -11.243128657341003 0
14.29104071855545 1.0762351974844933 -10.037262737751007 0
13.948865473270416 1.0497882599011064 -10.850370764732361 0
13.556390464305878 1.0188829286489636 -11.643999218940735 0
15.040570303797722 -1.8633969814982265 -9.3029366359114647 0
14.587559878826141 -0.86030454048886895 -9.1899674534797668 0
15.030853971838951 0.11963175376877189 -9.3180458098649979 0
14.474270045757294 -1.8706686687655747 -9.6031256318092346 0
14.445813238620758 0.11236987728625536 -9.6157684326171875 0
14.769548952579498 1.1160237742587924 -8.3447672128677368 0
15.241624422371387 0.1367222024127841 -8.4205326810479164 0
14.687320828437805 0.13166270777583122 -8.7706312537193298 0
14.564733982086182 1.0982140912674367 -9.2001773118972778 0
13.035982802510262 3.878998133353889 -18.878249377012253 0
13.190757930278778 5.1023818254470825 -19.068654656410217 0
12.920284949243069 6.2636786121875048 -18.724736928939819 0
14.072673350572586 3.9156927270814776 -18.050499066710472 0
13.794424474239349 3.9331657662987709 -18.735258936882019 0
14.260982871055603 5.109889030456543 -18.285907030105591 0
13.973919235169888 6.2681820895522833 -17.976303040981293 0
13.678070962429047 6.3129081279039383 -18.649057030677795 0
12.634553641080856 10.142428189516068 -18.371979087591171 0
13.357798337936401 10.52955573797226 -18.309807658195496 0
13.672083482146263 10.145854271948338 -17.659320458769798 0
13.56959468126297 11.19575423002243 -17.542391538619995 0
13.054084755480289 10.892462566494942 -16.879992701113224 0
12.651312351226807 11.620911240577698 -17.335095345973969 0
12.087063744664192 10.880910784006119 -17.541407965123653 0
12.540699303150177 11.189796686172485 -18.243421792984009 0
12.959280431270599 9.6835950613021851 -18.863133549690247 0
12.810984812676907 8.5548718608915806 -18.613490417599678 0
13.575356483459473 8.6736894845962524 -18.579657077789307 0
13.865555793046951 8.5551573820412159 -17.885553032159805 0
14.038608372211456 9.6820189952850342 -18.124506115913391 0
13.07839697599411 7.5301698446273804 -18.978869318962097 0
14.163534045219421 7.5250779986381531 -18.235939741134644 0
11.541908778250217 10.141971588134766 -18.994100347161293 0
12.265898466110229 10.530720174312592 -18.992307186126709 0
11.644512057304382 11.610343754291534 -17.953032851219177 0
11.067165642976761 10.869683139026165 -18.112144455313683 0
11.457224309444427 11.186591744422913 -18.852031826972961 0
11.698598645627499 8.5570453330874443 -19.248572364449501 0
11.822686672210693 9.68901127576828 -19.509577035903931 0
12.460412621498108 8.6789091825485229 -19.272878646850586 0
11.812243208289146 6.271224170923233 -19.378438711166382 0
11.935681939125061 7.5419863164424896 -19.625620365142822 0
12.56841105222702 6.3220404833555222 -19.351237654685974 0
12.605745494365692 11.77375727891922 -16.325618326663971 0
12.218817979097366 10.85489559918642 -15.827089257538319 0
11.650750875473022 11.636157393455505 -15.948683857917786 0
11.351072944700718 10.836596876382828 -16.422736465930939 0
11.689324676990509 11.758647620677948 -16.947731077671051 0
10.774350523948669 11.618230998516083 -16.487041294574738 0
10.437126502394676 10.81736645847559 -16.934700764715672 0
10.722402036190033 11.743069589138031 -17.479615569114685 0
14.826342761516571 3.9640554040670395 -17.877994894981384 0
15.056956343352795 3.9594813464209437 -17.172474876046181 0
15.27144867181778 5.1320420950651169 -17.421683073043823 0
14.961002610623837 6.2817916534841061 -17.136331915855408 0
14.726519405841827 6.316242977976799 -17.845669150352478 0
15.795269072055817 4.0030892118811607 -16.962419152259827 0
15.966910004615784 4.0034831529483199 -16.23132398724556 0
16.201557397842407 5.161461353302002 -16.475708067417145 0
15.871328480541706 6.3022878468036652 -16.213682599365711 0
15.698105573654175 6.3297303318977356 -16.948155283927917 0
14.180634222924709 1.8000072426511906 -18.10563288629055 0
14.376632213592529 2.8556270226836205 -18.333099842071533 0
14.940331816673279 1.855250705499202 -17.89423406124115 0
15.146742083132267 1.8543551204493269 -17.18089659512043 0
15.371194779872894 2.9004498347640038 -17.430407762527466 0
15.893405854701996 1.8955641514621675 -16.959004282951355 0
16.051507130265236 1.8987141031248029 -16.225642777979374 0
16.297646701335907 2.9446497857570648 -16.474042594432831 0
17.875063493847847 4.1783914249390364 -0.15547769829572644 0
18.500846862792969 4.1974483579397202 -0.5967611035448499 0
18.441018477082253 4.1897134874016047 -1.3537028885693871 0
18.162177443504333 5.3112255036830902 0.0067433238727971911 0
18.749660968780518 5.3236891031265259 -1.2237758703413419 0
17.19919291138649 4.162972180172801 0.9887916187508381 0
17.863399147987366 4.1827484220266342 0.61056754383025691 0
17.466838002204895 5.2942364513874054 1.1892213158425875 0
18.128865122795105 11.658608853816986 -8.3588968217372894 0
18.053145378828049 10.962199583649635 -7.7412232048809528 0
17.350421547889709 11.835233688354492 -7.6912283599376678 0
16.717873387038708 10.961831785738468 -7.6431102119386196 0
16.437982618808746 11.733399033546448 -8.1524978280067444 0
19.647071599960327 8.7516067922115326 -8.5179258286952972 0
19.320275768637657 8.6462450809776783 -7.8123130612075329 0
19.613383531570435 9.7428534030914307 -7.8378971219062805 0
19.030697762966156 10.210291273891926 -7.8045190200209618 0
19.305390596389771 10.572212874889374 -8.4920230209827423 0
18.879024267196655 11.234495937824249 -7.7986759841442108 0
19.737523436546326 6.4788830280303955 -8.5051226317882538 0
19.436643704771996 6.4474453032016754 -7.800005815923214 0
19.767716288566589 7.6461726427078247 -7.8287156522274017 0
18.220364093780518 11.671797156333923 -7.1438147723674774 0
18.083878919482231 10.966866917908192 -6.5383192375302315 0
17.382636904716492 11.835195064544678 -6.5531392991542816 0
16.750967890024185 10.961371272802353 -6.5665133744478226 0
16.522806465625763 11.734566688537598 -7.0976496338844299 0
19.747014880180359 8.7596425116062164 -7.1546228528022766 0
19.354596301913261 8.6525586917996407 -6.4907181151211262 0
19.648489952087402 9.7505432367324829 -6.4872797429561615 0
19.062741860747337 10.217462636530399 -6.5094704329967499 0
19.402068376541138 10.583171010017395 -7.1635162830352783 0
18.911062240600586 11.241600751876831 -6.5170963704586029 0
19.844519257545471 6.486501008272171 -7.1349042952060699 0
19.475516885519028 6.4530432485044003 -6.4710027240216732 0
19.811278700828552 7.6519932746887207 -6.464774876832962 0
19.848748803138733 5.337247759103775 -7.8099972307682037 0
19.534348323941231 4.1977602243423462 -7.784416388720274 0
19.932716965675354 4.2213542312383652 -7.1159707605838776 0
19.564034909009933 4.202743373811245 -6.4527165926992893 0
19.891437530517578 5.3419294357299805 -6.4432980418205261 0
19.957674622535706 3.139050617814064 -7.7943743765354156 0
19.640748858451843 2.0718418297474273 -7.7726213708519936 0
20.056041121482849 2.0874587608268484 -7.1028666198253632 0
19.657717004418373 2.0738729589502327 -6.4382227994501591 0
19.981055617332458 3.141078770160675 -6.4253042340278625 0
19.833704113960266 4.2148607969284058 -8.4881292879581451 0
19.970751523971558 2.0850874561583623 -8.4782160520553589 0
13.343552112579346 0.038181590382009745 -12.022932052612305 0
13.464333303272724 0.019784201900620246 -12.677802391350269 0
13.082302689552307 0.98380325314064976 -12.403803586959839 0
13.450026139616966 1.9432516507858963 -12.696966663002968 0
13.318278729915619 1.9667965376283973 -12.035641252994537 0
12.815438628196716 0.0092233311443123966 -12.756274044513702 0
12.863887704908848 -0.0097981418439303525 -13.426177486777306 0
12.508659064769745 0.94495039214962162 -13.111892759799957 0
12.853716820478439 1.8983492278966878 -13.445933550596237 0
12.793995916843414 1.9233608923241263 -12.771083116531372 0
13.352947592735291 -1.9162293171975762 -12.007346510887146 0
13.464499972760677 -1.9225237928276329 -12.660366855561733 0
13.098855972290039 -0.94156639698485378 -12.389398396015167 0
12.203978002071381 -0.020233323884895071 -13.441184639930725 0
12.199709266424179 -0.037533365215494996 -14.129081092774868 0
11.875194132328033 0.90675355189887341 -13.774868667125702 0
12.19047462195158 1.8526186469589447 -14.143703296780586 0
12.190373599529266 1.8770826822001254 -13.456460535526276 0
14.389009833335876 10.532788753509521 -17.535500526428223 0
14.644183188676834 10.151932902634144 -16.856075040996075 0
14.534484565258026 11.205056130886078 -16.749689638614655 0
13.960318855941296 10.906231492757797 -16.131532892584801 0
13.600638389587402 11.634669899940491 -16.62561047077179 0
14.625307977199554 8.6725936532020569 -17.78898561000824 0
14.852106668055058 8.5593652315437794 -17.064304783940315 0
15.048993349075317 9.6840086579322815 -17.290860652923584 0
15.177092790603638 7.5279421210289001 -17.391886711120605 0
13.464306354522705 11.79306548833847 -15.617211520671844 0
13.031262598931789 10.875142157077789 -15.150458261370659 0
12.476119518280029 11.657446265220642 -15.326607048511505 0
15.349957764148712 10.53772497177124 -16.670609056949615 0
15.544549934566021 10.158705778419971 -15.96851958334446 0
15.428035199642181 11.209922313690186 -15.870447814464569 0
14.798545189201832 10.914610259234905 -15.301422879099846 0
14.485171258449554 11.644768714904785 -15.828505635261536 0
15.601296961307526 8.6767317652702332 -16.905117630958557 0
15.765070058405399 8.5676579959690571 -16.15854986011982 0
15.985879838466644 9.6894046068191528 -16.371142685413361 0
16.112450242042542 7.5382936298847198 -16.459890604019165 0
14.259990274906158 11.798482418060303 -14.830667316913605 0
13.783798173069954 10.887157015502453 -14.40126409381628 0
13.245654761791229 11.673117399215698 -14.627437829971313 0
11.402039349079132 5.7605084404349327 -14.726406469941139 0
11.129709362983704 4.7420295923948288 -14.350181818008423 0
11.442151211202145 3.7593001564964652 -14.765174098312855 0
10.779750823974609 3.7275272086262703 -14.62159526348114 0
10.661240361630917 3.7150983326137066 -15.303085349500179 0
10.384114265441895 4.6987942606210709 -14.8459512591362 0
10.630904242396355 5.7214546650648117 -15.255952686071396 0
10.744845390319824 5.7090586870908737 -14.590481817722321 0
11.165091753005981 2.7737275660037994 -14.371479451656342 0
11.467145368456841 1.8113549191330094 -14.778460137546062 0
10.810219824314117 1.7966667187865824 -14.644166707992554 0
10.682539217174053 1.7780274896940682 -15.330086708068848 0
10.414128124713898 2.7334344461560249 -14.876709222793579 0
10.010469496250153 3.6872407346963882 -15.084168970584869 0
9.8449580669403076 3.6802794709801674 -15.765595637261868 0
9.6090691685676575 4.6615954637527466 -15.274638414382935 0
9.8263849467039108 5.6852330137044191 -15.712648637592793 0
9.9887229204177856 5.6712586283683777 -15.052396416664124 0
11.557982109487057 10.14941643923521 -14.98022486269474 0
11.118140637874603 10.045651972293854 -14.401766180992126 0
11.298575349152088 9.1163121648132801 -14.618042886257172 0
10.701702296733856 9.3086311817169189 -14.563401281833649 0
10.53934171795845 9.090200062841177 -15.133168280124664 0
10.377766311168671 10.022261023521423 -14.899141669273376 0
10.768818199634552 10.127201944589615 -15.521617904305458 0
10.905359327793121 10.675829768180847 -14.894270002841949 0
11.05427610874176 8.505491316318512 -14.280247211456299 0
11.336185194551945 7.6312106475234032 -14.644659765064716 0
10.706889808177948 7.606340080499649 -14.543943107128143 0
10.575729049742222 7.6015104874968529 -15.167968660593033 0
10.323015093803406 8.4776672422885895 -14.772138833999634 0
11.088077008724213 6.6923840641975403 -14.309035897254944 0
10.353613495826721 6.6577763855457306 -14.805961132049561 0
11.612414181232452 11.251422107219696 -15.062753319740295 0
10.814870655536652 11.231700301170349 -15.606303811073303 0
9.9539951086044312 9.2817684710025787 -15.02618008852005 0
9.7501988038420677 9.0623887926340103 -15.585944592952728 0
9.9423250332474709 10.102899618446827 -15.990747712552547 0
9.6091647744178772 9.9960222840309143 -15.337373495101929 0
10.128529250621796 10.653391480445862 -15.375488460063934 0
9.9603124260902405 7.5754442512989044 -15.008204758167267 0
9.7824546173214912 7.5708438493311405 -15.621951349079609 0
9.5656193494796753 8.4481369853019714 -15.205643475055695 0
9.5894293785095215 6.6239055693149567 -15.23540061712265 0
9.9769747853279114 11.210059463977814 -16.07298755645752 0
11.494657635688782 3.7746130600571632 -14.073921740055084 0
12.159258730709553 3.808135224506259 -14.137734822928905 0
11.848079144954681 2.8199680969119072 -13.774217844009399 0
11.530664265155792 1.8335572478827089 -14.08801805973053 0
11.46242481470108 5.7496377825737 -14.057034552097321 0
12.124066926538944 5.8011903986334801 -14.11919754743576 0
11.81432569026947 4.7887070178985596 -13.76558518409729 0
12.15308278799057 3.8242947608232498 -13.448470294475555 0
12.827845141291618 3.8579231426119804 -13.451839007437229 0
12.484885513782501 2.8695589825510979 -13.120548725128174 0
12.125705897808075 5.7915012538433075 -13.445512533187866 0
12.789379455149174 5.8419443033635616 -13.440336987376213 0
12.453177571296692 4.8357342779636383 -13.118498921394348 0
11.419386506080627 7.6362118422985077 -14.014316022396088 0
12.053609855473042 7.6596249155700207 -14.050704963505268 0
11.780421376228333 6.7273875772953033 -13.742462456226349 0
11.639025628566742 10.698060631752014 -14.341740071773529 0
12.296455942094326 10.171889998018742 -14.363147482275963 0
11.810089647769928 10.069062769412994 -13.82893443107605 0
12.012469656765461 9.1410147845745087 -14.028259113430977 0
11.41609799861908 9.3337726593017578 -14.037453949451447 0
11.743770658969879 8.5314269065856934 -13.717491805553436 0
12.356632173061371 11.274482667446136 -14.441214203834534 0
12.08476310968399 7.6642869114875793 -13.414455235004425 0
12.717318013310432 7.6864284127950668 -13.386577680706978 0
12.417717039585114 6.7614644169807434 -13.102042078971863 0
12.319924414157867 10.718820214271545 -13.716861188411713 0
12.979411885142326 10.190911531448364 -13.677549369633198 0
12.448026537895203 10.089723169803619 -13.188348293304443 0
12.670797675848007 9.1635129861533642 -13.368720799684525 0
12.078747034072876 9.3568305373191833 -13.436213612556458 0
12.380139648914337 8.555134117603302 -13.085027992725372 0
13.04732221364975 11.287355601787567 -13.752481997013092 0
16.512969769537449 10.960538320243359 -4.430862370878458 0
17.128292202949524 11.836493968963623 -4.3010720014572144 0
17.811003640294075 10.973951369524002 -4.1604743916541338 0
17.808295845985413 11.682155311107635 -3.5411239564418793 0
17.510505467653275 10.974981151521206 -2.9995818510651588 0
16.846357941627502 11.836084485054016 -3.2000724822282791 0
16.247199237346649 10.95910532027483 -3.3862951658666134 0
16.177568852901459 11.724726140499115 -3.957882821559906 0
17.449742436408997 11.682293772697449 -2.3802969455718994 0
15.869407176971436 11.721180737018585 -2.9436420649290085 0
18.61981463432312 11.252196431159973 -3.9901841133832932 0
18.76474304497242 10.225979641079903 -3.9597975071519613 0
18.945706605911255 10.59638524055481 -3.2494709193706512 0
18.437284544110298 10.225111596286297 -2.7168051302433014 0
18.296306729316711 11.253096520900726 -2.7576756030321121 0
19.333754897117615 9.7573584914207458 -3.8387453854084015 0
19.04270002245903 8.6567438878118992 -3.8999394606798887 0
19.272366285324097 8.7639981508255005 -3.1669064462184906 0
18.712377190589905 8.6535669937729836 -2.6364690689370036 0
18.992569446563721 9.7543100714683533 -2.5478441938757896 0
18.546972155570984 10.593069672584534 -1.9908214882016182 0
18.868309497833252 8.7579844295978546 -1.884584553539753 0
19.481547594070435 7.6521298587322235 -3.8051185011863708 0
19.154950395226479 6.4529480338096619 -3.8743650782853365 0
19.364765286445618 6.4839426875114441 -3.1449103206396103 0
18.825667604804039 6.4482036530971527 -2.6078820042312145 0
19.145788908004761 7.6466726958751678 -2.5074923485517502 0
18.966825723648071 6.4764629900455475 -1.8607562929391861 0
15.233780466020107 9.2736239321529865 -6.5919110365211964 0
14.827652871608734 8.6734433472156525 -6.5976739823818207 0
15.280637733638287 7.8185781426727772 -6.5922755524516106 0
14.840212821960449 7.8115631937980652 -7.0451464951038361 0
15.248463295400143 7.8154325559735298 -7.5235001035034657 0
14.793429553508759 8.6742024719715118 -7.4882868230342865 0
15.198307953774929 9.2747694402933121 -7.521414440125227 0
14.843446373939514 9.4773853421211243 -7.0436969399452209 0
14.916283190250397 10.195293307304382 -7.4991285800933838 0
15.641597010195255 10.290828801691532 -7.5586941242218018 0
15.229905307292938 10.821359992027283 -7.0568592250347137 0
15.67960961163044 10.288796611130238 -6.5853352174162865 0
14.959001541137695 10.189526677131653 -6.5941564440727234 0
14.767585933208466 7.8072470426559448 -7.9300044775009155 0
14.764200568199158 9.4791581332683563 -7.9334422647953033 0
15.142734169960022 10.825702786445618 -7.9864862561225891 0
14.869718492031097 6.9211587011814117 -6.5977404415607452 0
15.364244014024734 6.026280652731657 -6.5881248898804188 0
14.880294501781464 5.9944747984409332 -7.0421633124351501 0
15.326574966311455 6.0174888372421265 -7.523591261357069 0
14.833252906799316 6.9153329432010651 -7.4884664416313171 0
14.799752593040466 5.9848343729972839 -7.9265263378620148 0
15.748053789138794 11.368540167808533 -7.5673635303974152 0
15.788326025009155 11.362137615680695 -6.5815201699733734 0
14.901854872703552 5.0434654653072357 -6.5921229422092438 0
15.390922740101814 4.0776411220431328 -6.5812134332954884 0
14.898658335208893 4.0653063058853149 -7.0353919863700867 0
15.352413937449455 4.0671553611755371 -7.5169517658650875 0
14.858492910861969 5.033569872379303 -7.482498437166214 0
14.81452888250351 4.0531676560640335 -7.9186952710151672 0
14.918640077114105 3.0922524183988571 -6.5862674415111542 0
15.398278847336769 2.1108090861234814 -6.576286181807518 0
14.920494437217712 2.1096040485426784 -7.0314896702766418 0
15.362472407519817 2.1013814964098856 -7.5104110762476921 0
14.876485049724579 3.0817365199327469 -7.4761359393596649 0
14.832847535610199 2.0973839508369565 -7.9128257632255554 0
15.297658264636993 11.648550271987915 -14.951565861701965 0
15.559474974870682 10.920773804187775 -14.39632760733366 0
14.981659829616547 11.800207912921906 -13.973832070827484 0
14.466288931667805 10.897248737514019 -13.585990749299526 0
13.952881634235382 11.678121030330658 -13.86166250705719 0
16.020360767841339 11.640118002891541 -13.997314810752869 0
14.584561109542847 11.682828903198242 -13.032317996025085 0
16.236207783222198 10.543860793113708 -15.723341882228851 0
16.36396399885416 10.165559105575085 -15.000483997166157 0
16.240762889385223 11.212809860706329 -14.910414278507233 0
16.503247976303101 8.6857101619243622 -15.941746652126312 0
16.59906580299139 8.5786150693893433 -15.174347907304764 0
16.842198014259338 9.6966584324836731 -15.369215190410614 0
17.023830413818359 10.544068336486816 -14.684153854846954 0
17.309904098510742 8.6958644986152649 -14.884254634380341 0
16.593646883964539 6.3510118424892426 -15.974019467830658 0
16.705774746835232 6.3276043720543385 -15.21911483258009 0
16.972008347511292 7.5544112622737885 -15.451766431331635 0
17.403327107429504 6.3762944638729095 -14.914361357688904 0
15.171278715133667 6.0372793264687061 -4.7095807287842035 0
14.691111981868744 6.9285292029380798 -4.8059797137975693 0
15.090641774237156 7.8214709423482418 -4.7267778739333153 0
14.572899520397186 7.8151422142982483 -4.3739236295223236 0
14.865816205739975 7.8216801695525646 -3.8184237200766802 0
14.474405646324158 6.9299264848232269 -3.9374171793460846 0
14.942331172525883 6.0392978079617023 -3.7952946554869413 0
14.612816631793976 6.0107912421226501 -4.3629762083292007 0
15.473407655954361 10.286431364715099 -4.6462757047265768 0
14.946475267410278 10.808585405349731 -4.2728251665830612 0
15.237996883690357 10.284585937857628 -3.6969237104058266 0
14.5647252202034 10.178518056869507 -3.9028100818395615 0
14.824202239513397 9.2693422585725784 -3.8285684958100319 0
14.582627177238464 9.467714786529541 -4.3694286346435547 0
15.04456203430891 9.2709543406963348 -4.7351101245731115 0
14.77664840221405 10.182362675666809 -4.7865651100873947 0
14.652237594127655 8.6708986163139343 -4.8133782893419266 0
14.442939698696136 8.6694473624229431 -3.9461121410131454 0
15.337854444980621 11.350512862205505 -3.6611482799053192 0
15.577174842357635 11.354736864566803 -4.6213874816894531 0
14.319734930992126 7.814493864774704 -3.5152358859777451 0
14.556308969855309 7.8202230185270309 -2.9292724719271064 0
14.180873930454254 6.9289974570274353 -3.0846327245235443 0
14.629994064569473 6.0386937707662582 -2.9014479778707027 0
14.356656551361084 6.0117767453193665 -3.5018037855625153 0
14.6778804063797 10.804784893989563 -3.3722573816776276 0
14.910324715077877 10.282042257487774 -2.7705694558098912 0
14.263515472412109 10.174269735813141 -3.0393476486206055 0
14.514309853315353 9.2668123692274094 -2.9428076259791851 0
14.331114649772644 9.4644803404808044 -3.5075428187847137 0
14.150174140930176 8.666652500629425 -3.0959031134843826 0
15.006580412387848 11.346160292625427 -2.723873108625412 0
15.223575413227081 10.816114246845245 -6.1234423518180847 0
15.619814164936543 10.287875182926655 -5.6120615378022194 0
14.907347619533539 10.186510980129242 -5.688008189201355 0
15.180877566337585 9.2724303491413593 -5.6606947779655457 0
14.838550388813019 9.4737963378429413 -6.1478467881679535 0
14.780177652835846 8.672233909368515 -5.703678697347641 0
15.227931298315525 7.8203246407210827 -5.6570182517170906 0
14.83245861530304 7.8132938146591187 -6.1509025990962982 0
15.125282108783722 10.81295245885849 -5.1927077174186707 0
14.749556481838226 9.4708612561225891 -5.252246618270874 0
14.7443887591362 7.814434826374054 -5.2545757591724396 0
16.506059229373932 11.728539288043976 -6.0414752960205078 0
16.680862843990326 10.959835320711136 -5.4932415336370468 0
15.726693570613861 11.357981741428375 -5.5973846912384033 0
16.389365077018738 11.726170182228088 -4.9928791522979736 0
14.820607662200928 6.9255256354808807 -5.7001409828662872 0
15.309998005628586 6.0329273976385593 -5.6463796384632587 0
14.876417517662048 6.002027839422226 -6.1465312242507935 0
14.786637246608734 6.0076004266738892 -5.2466979026794434 0
18.192886710166931 11.670616745948792 -5.9292056262493134 0
18.001342579722404 10.967631988227367 -5.3421449605375528 0
17.306063175201416 11.831021666526794 -5.4208685159683228 0
18.055348634719849 11.675080001354218 -4.7264035493135452 0
19.822582960128784 6.4894348084926605 -5.777730405330658 0
19.380928561091423 6.4546565227210522 -5.1596899256110191 0
19.715697169303894 7.6540002822875977 -5.119799017906189 0
19.261682242155075 8.6561595387756824 -5.1835454236716032 0
19.71964693069458 8.7647835910320282 -5.8014735579490662 0
19.65197217464447 6.4884309768676758 -4.449209913611412 0
19.556060194969177 8.7664344608783722 -4.4725366830825806 0
19.555779457092285 9.7554720640182495 -5.1505976915359497 0
18.973928794264793 10.222032941877842 -5.2248967252671719 0
19.373713731765747 10.589158058166504 -5.8400668501853943 0
18.823277592658997 11.243529736995697 -5.2447845190763474 0
19.221624732017517 10.594317972660065 -4.5338011234998703 0
13.058920502662659 2.9177029952406883 -12.416368544101715 0
13.433281160891056 3.9052406568080187 -12.712691813707352 0
13.303076803684235 3.9193834066390991 -12.048864662647247 0
12.769088268280029 3.8735118582844734 -12.776837050914764 0
13.036341607570648 4.8807341009378433 -12.421258866786957 0
13.396313525736332 5.8808621782809496 -12.706192523241043 0
13.280817568302155 5.8705966621637344 -12.048549056053162 0
12.73721981048584 5.8324880599975586 -12.772085428237915 0
14.508563935756683 5.0575758516788483 -3.924068346619606 0
14.972537882626057 4.0906940400600433 -3.7827578522264957 0
14.637812614440918 4.0818446427583694 -4.3508477807044983 0
15.199315577745438 4.0886427853256464 -4.699748657643795 0
14.724867403507233 5.0552506446838379 -4.7957722246646881 0
14.530469179153442 3.1013313233852386 -3.9085785746574402 0
14.975956752896309 2.1151690466795117 -3.7752834632992744 0
14.652904570102692 2.1193074239417911 -4.3399338871240616 0
15.201818250119686 2.1163670221576467 -4.6956650745123625 0
14.742299020290375 3.1009008437395096 -4.7858609855175018 0
14.213374018669128 5.0580279529094696 -3.0712146013975143 0
14.659825354814529 4.0910173580050468 -2.8891985258087516 0
14.383966863155365 4.083275780081749 -3.4876550585031509 0
14.235531628131866 3.1016254425048828 -3.0555036514997482 0
14.663554504513741 2.1136910719797015 -2.8817201238125563 0
14.39944988489151 2.1179011203348637 -3.4713337421417236 0
14.820569753646851 2.1199718723073602 -5.2323064506053925 0
15.339310601353645 2.1154623517068103 -5.6343557611107826 0
14.867553889751434 3.098327711224556 -5.6853232681751251 0
15.336885452270508 4.0845600385218859 -5.6382407248020172 0
14.807837724685669 4.0791785717010498 -5.2377792000770569 0
14.853147804737091 5.0507544279098511 -5.6924222409725189 0
14.911145091056824 2.1172191388905048 -6.1352450549602509 0
14.895767211914062 4.0739761143922806 -6.1392539143562317 0
12.698398888111115 7.6910476088523865 -12.750388503074646 0
13.321686841547489 7.7126076370477676 -12.66313761472702 0
13.001893401145935 6.7942389249801636 -12.407425343990326 0
13.672966361045837 11.298631072044373 -13.004606068134308 0
13.598253361880779 10.209472633898258 -12.931776292622089 0
12.944637298583984 10.736109852790833 -13.031535029411316 0
12.684772193431854 9.3792672753334045 -12.770734488964081 0
13.266912274062634 9.1863363906741142 -12.648693785071373 0
12.958165287971497 8.5792391300201416 -12.393550634384155 0
13.024742960929871 10.111148178577423 -12.490152359008789 0
13.240487992763519 7.7174628376960754 -12.031780540943146 0
13.500897169113159 10.75532990694046 -12.289726197719574 0
13.219184935092926 9.4023445844650269 -12.050252497196198 0
14.256254874169827 4.0878092832863331 -2.0263773561455309 0
13.621191322803497 4.0778096467256546 -1.8381526172161102 0
13.779716715216637 4.0799314007163048 -1.2011808343231678 0
13.827643930912018 5.0546311438083649 -2.2432745918631554 0
14.228335358202457 6.0343744531273842 -2.0346243632957339 0
13.597106099128723 6.0033740103244781 -1.8439399674534798 0
13.750849261879921 6.0256948992609978 -1.2060644853627309 0
13.375627040863037 5.0461109280586243 -1.4492614418268204 0
14.883993670344353 2.1074622968444601 -2.2635734872892499 0
14.057594418525696 2.1164073878899217 -2.6345404088497162 0
14.26086863130331 2.1108563657617196 -2.0242340457625687 0
14.041558742523193 4.0827203840017319 -2.6484141498804092 0
13.847586631774902 3.0998066365718842 -2.2347602769732475 0
14.669582217931747 3.0989027749747038 -1.8171710220631212 0
14.01697963476181 6.0098321139812469 -2.658838614821434 0
17.493527889251709 4.0837858989834785 -14.91240781545639 0
16.800926618278027 4.045785466209054 -15.227320455014706 0
17.152948617935181 2.9864235669374466 -15.455313861370087 0
16.884313032031059 1.9367084220866673 -15.216997556388378 0
17.58702278137207 1.9660070214886218 -14.902256488800049 0
17.057616114616394 5.1951993405818939 -15.460477471351624 0
16.689664006233215 4.0441285744309425 -15.97944438457489 0
16.784748554229736 1.932466262485832 -15.97278892993927 0
14.591654479503632 11.339694261550903 -1.8163924217224121 0
14.497424781322479 10.277318336069584 -1.8736150180920959 0
14.32802551984787 10.797857582569122 -2.4942744970321655 0
13.882910907268524 10.1676145195961 -2.2008269727230072 0
14.117807455360889 9.2632369175553322 -2.0833906140178442 0
13.995894551277161 9.4597505927085876 -2.6646535247564316 0
13.772546350955963 8.6628132164478302 -2.2674621120095253 0
14.158836476504803 7.8169589266180992 -2.0651483130641282 0
13.98568457365036 7.8118580877780914 -2.6716211438179016 0
13.800051212310791 6.925167053937912 -2.2532362043857574 0
13.985583700239658 10.275876864790916 -1.0222805948287714 0
14.073585271835327 11.341867029666901 -0.95527165196835995 0
13.883454501628876 10.794820785522461 -1.6548317670822144 0
13.624599911272526 9.2606650181114674 -1.2666065884259297 0
13.395515620708466 10.167762696743011 -1.4074401073157787 0
13.563543677330017 9.456890732049942 -1.8564783856272697 0
13.672679290175438 7.8116913437843323 -1.2440886655822396 0
13.295987367630005 8.659335732460022 -1.4827745333313942 0
13.5598064661026 7.8073260486125946 -1.8613298013806343 0
13.339182436466217 6.9174794852733612 -1.4615092277526855 0
19.216444611549377 5.3331468105316162 -2.4909599274396896 0
18.898445039987564 4.1972847711294889 -2.5890699196606874 0
19.027522563934326 4.208579033613205 -1.8452196270227432 0
19.440439462661743 4.2159405052661896 -3.1239699870347977 0
19.24043308198452 4.2012392710894346 -3.8526027537882328 0
19.646591186523438 3.1318019479513168 -3.7592474669218063 0
19.316749885678291 2.0676204114861321 -3.8296609818935394 0
18.962052300572395 2.0643353944019509 -2.567106039263308 0
19.529216766357422 2.0741366326110438 -3.0928417295217514 0
19.285010457038879 3.1280195713043213 -2.4684645682573318 0
19.559169054031372 5.3393271863460541 -3.7847734391689301 0
16.135401494801044 -0.060172938683535904 -16.238720633089542 0
16.400969743728638 0.92223555129021406 -16.481443703174591 0
16.888259649276733 -0.047918348573148251 -15.991554021835327 0
16.961664348840714 -0.050310544553212821 -15.219143286347389 0
17.251985788345337 0.94267894397489727 -15.455719649791718 0
17.689437985420227 -0.042951785493642092 -14.910376787185669 0
16.997372895479202 -1.9996518663247116 -15.227795839309692 0
17.343783974647522 -1.0262636088300496 -15.476727783679962 0
17.730726599693298 -2.0089619334321469 -14.913572669029236 0
19.553327038884163 2.0725559876736952 -5.1196849308907986 0
20.011222958564758 2.0866443825652823 -5.737312912940979 0
19.880510807037354 3.1387527883052826 -5.0760330408811569 0
19.466492384672165 4.2036912683397532 -5.1389961019158363 0
19.901615381240845 4.2230484038591385 -5.7567081153392792 0
19.79538369178772 5.3424132764339447 -5.0978786796331406 0
19.836566805839539 2.0803637090139091 -4.3993160426616669 0
19.735071182250977 4.220695897936821 -4.4262554049491882 0
15.395710185170174 0.15625408152118325 -6.5747023522853851 0
14.920515954494476 0.16425567120313644 -6.1374342441558838 0
15.330341644585133 0.15773821505717933 -5.6372774206101894 0
14.937042057514191 1.1398810548707843 -6.5848785042762756 0
14.879825532436371 1.1436505923047662 -5.684993177652359 0
20.145628094673157 1.0518271729815751 -6.4111426174640656 0
19.759305492043495 0.037287149694748223 -6.4267922043800354 0
20.131646633148193 1.0507382962387055 -7.7908810973167419 0
19.739953741431236 0.036917444202117622 -7.7673129178583622 0
20.208203673362732 0.029417872661724687 -7.0965866446495056 0
20.131926655769348 0.030580179998651147 -8.4827487766742706 0
14.90106475353241 1.1303589642047882 -7.4733897745609283 0
15.367803931236267 0.14932881225831807 -7.5052079819142818 0
14.858351349830627 0.14759996347129345 -7.9095349907875061 0
14.938858389854431 0.15884573943912983 -7.0309608280658722 0
16.011829573661089 8.4733467483893037 0.26827027664694469 0
15.352448832243681 8.3385031456127763 -0.16194970444121282 0
15.544930821284652 6.239894799888134 -0.064864086947636679 0
16.183989811688662 6.3189677344635129 0.35024085182521958 0
16.126774644479156 6.25140724144876 -1.0523333903256571 0
16.80404038541019 6.3322702730074525 -0.69759325710037956 0
16.627390855923295 8.4834810504689813 -0.77040730157023063 0
15.928803471848369 8.3467492181807756 -1.1380936900241068 0
16.68553658016026 8.5432938737794757 0.71609355582950229 0
16.814929662272334 6.3834593212231994 0.76925062611917383 0
17.474041428416967 6.3984679961577058 -0.3440899289198569 0
17.342516224831343 8.5552054345607758 -0.39170179664870375 0
15.90256136469543 10.219472534954548 0.21911501420254353 0
15.04643639177084 10.152889905497432 -0.3378117733009276 0
16.515348922461271 10.226138038560748 -0.81537734047742561 0
15.610705487430096 10.157232521101832 -1.2906927917501889 0
16.559702750543753 9.9119892040888473 0.64910549601384748 0
17.211339866121612 9.9213932315508515 -0.44988043536432087 0
16.61344219557941 6.2583748986944556 -2.0907427755882964 0
17.322418868541718 6.3409079620614648 -1.7996790551696904 0
17.141688937321305 8.4895461183041334 -1.8621152161504142 0
16.409867146983743 8.3514022352173924 -2.163937424775213 0
18.027203410863876 6.4088015798479319 -1.5110446323851647 0
17.893748346716166 8.562833396717906 -1.5527273338720988 0
17.026337126269937 10.228997603058815 -1.9013080111326417 0
16.078802112489939 10.159897670149803 -2.2913340281229466 0
17.757572575410208 9.926736695071062 -1.6015272071041786 0
16.918280700221658 8.3228499125689268 -9.9004672914743423 0
17.139555145055056 6.2184524955227971 -9.9409693423658609 0
17.383898880332708 6.2337372824549675 -8.822253012098372 0
17.159536201506853 8.3340224828571081 -8.7992596756666899 0
18.155527859926224 6.3243863293901086 -8.9513138644397259 0
17.95701339840889 8.4743322748690844 -8.9357514698058367 0
17.701342169195414 8.4638847075402737 -10.118582094088197 0
17.896770145744085 6.309496933594346 -10.150223290547729 0
16.56396197155118 10.141859538853168 -9.8185827918350697 0
16.79909835383296 10.149435497820377 -8.7472133813425899 0
17.829987626522779 10.210796361789107 -8.9239074299111962 0
17.577533295378089 10.205646596848965 -10.097224198281765 0
16.571368664503098 8.308051984757185 -10.971894398331642 0
16.787888243794441 6.1990110976621509 -11.030067445710301 0
17.331629868596792 8.4500757195055485 -11.268092339858413 0
17.522916659712791 6.290126359090209 -11.316218111664057 0
16.2267384249717 10.128187859430909 -10.86051924712956 0
17.211077259853482 10.195023851469159 -11.236957635730505 0
18.912415571510792 6.4009695034474134 -9.0749737909063697 0
18.772056117653847 8.5503153959289193 -9.0719123743474483 0
18.503052767366171 8.5407439786940813 -10.34093339368701 0
18.640463840216398 6.3860572036355734 -10.356496879830956 0
18.625728811820348 9.9079053704937294 -9.0562819853425029 0
18.361235305666924 9.9021267041563981 -10.310383619368077 0
18.110062900930643 8.5281180860474706 -11.572939785197377 0
18.247361674904823 6.3664258401840925 -11.601827746257186 0
17.972193175554274 9.8922523051500324 -11.527696985006333 0
15.90507635474205 9.6852934779599309 -8.5891427593305707 0
16.370373861864209 8.0993213094770908 -8.6610861960798502 0
16.144712466746569 8.0877849608659744 -9.6828140411525965 0
15.68763880059123 9.6758501287549734 -9.5718699935823679 0
16.568108923733234 6.1339696878567338 -8.6828598668798804 0
16.339730054140091 6.1183177102357149 -9.7195572536438704 0
15.821509435772896 8.0722507406026125 -10.678186172619462 0
15.37703119777143 9.6608261410146952 -10.528675347566605 0
16.012920770794153 6.0986531809903681 -10.730103658512235 0
15.371992372473082 9.1014664677282173 -8.4910242728888985 0
15.556565575301647 7.8490703562274575 -8.5164950964972377 0
15.348215138539672 7.8375697825103998 -9.4563194680958986 0
15.166854602098464 9.0915541087587677 -9.4181777869661651 0
15.675380781292915 6.0387363117188215 -8.527591286227107 0
15.465589685365558 6.0231312857940793 -9.4760640952736139 0
15.050452822819352 7.8214433053508401 -10.373354094102979 0
14.873571526507536 9.0760692579050861 -10.32182848751545 0
15.166261894628406 6.0033326642587781 -10.40229357033968 0
16.735138934105635 10.17931854724884 -12.330898178741336 0
17.467996528744699 9.8789236913124725 -12.695363029340903 0
17.602450031787157 8.5135592231526971 -12.754796877503395 0
16.852967964485288 8.4337963620200753 -12.372593587264419 0
16.15964974090457 10.167329570278525 -13.368994252756238 0
16.857916717727978 9.8687432562311486 -13.801916576425235 0
16.986009342595935 8.4997590584680438 -13.873591769486666 0
16.272848308086395 8.4170423671603203 -13.421588949859142 0
15.789085417985916 10.111395116895437 -11.861856902018189 0
16.12265675701201 8.2903503980487585 -12.003576846793294 0
15.259166611358523 10.096420058980584 -12.814041389152408 0
15.578841269016266 8.2711402829736471 -12.986772328615189 0
17.737545900046825 6.3432957110926509 -12.795465864241123 0
17.039003942161798 6.266866397112608 -12.436529802158475 0
17.117650937289 6.3177661504596472 -13.924694161862135 0
16.45211373269558 6.2403821926563978 -13.501290472224355 0
16.333421485498548 6.1754182730801404 -12.07965642772615 0
15.78218818642199 6.147934305947274 -13.082059619948268 0
14.973856939002872 9.6433243937790394 -11.450125673785806 0
14.485612787306309 9.6254259785637259 -12.329556448385119 0
14.035426504413287 9.0384721020857484 -12.032108637690545 0
14.494310522576173 9.0579229014615219 -11.195266454418501 0
14.204230377450585 7.7800994645804167 -12.115808010101318 0
14.668000925332308 7.8020302979275584 -11.262180875986814 0
15.404388571158051 8.0536070829257369 -11.639223175123334 0
14.898419622331858 8.0328650185838342 -12.558524284511805 0
14.318354522809386 5.9494834528304636 -12.168155714869499 0
14.782611217349768 5.9787865737453103 -11.301417604088783 0
15.591724628582597 6.0746001182124019 -11.707176120951772 0
15.08041512966156 6.0462377234362066 -12.644700171425939 0
16.420144384726882 4.0331421822775155 -12.087044447660446 0
16.874128820374608 4.0608576298691332 -11.032838163897395 0
17.143931284546852 4.0636504008434713 -12.44668435305357 0
17.629020448774099 4.0911650867201388 -11.320576101541519 0
15.868926152586937 3.9994276317302138 -13.096114968881011 0
16.555012715980411 4.0304150886368006 -13.518408110365272 0
16.440819300711155 1.9883905621436497 -12.060692224651575 0
16.890504555776715 2.0153064470845266 -11.008638994768262 0
17.191705023869872 1.9817405753589128 -12.424808159470558 0
17.675014294683933 2.0076501558562541 -11.299421912059188 0
15.893883278593421 1.9559854371412939 -13.069813521578908 0
16.603582354262471 1.9508697802421011 -13.497337689623237 0
17.835412677377462 4.09923265571706 -12.796604879200459 0
18.346616711467505 4.1274794391356409 -11.597917668521404 0
17.213636541739106 4.0658541354350746 -13.931159870699048 0
17.913742873817682 1.9903954924486698 -12.779735069721937 0
18.428030051290989 2.0167089645250371 -11.579934177920222 0
17.286354118958116 1.9600059583475513 -13.914718795567751 0
17.22527964413166 4.0831031072884798 -9.9398667868226767 0
17.469028890132904 4.100350643042475 -8.8177383644506335 0
18.003376431763172 4.1131682996638119 -10.14919612929225 0
18.262429598718882 4.129667900968343 -8.9458090998232365 0
17.237916704267263 2.036956284668122 -9.9189363084733486 0
17.478881251066923 2.053302278778574 -8.8006787188351154 0
18.047021456062794 2.0283876584608151 -10.129862124100327 0
18.304273422807455 2.0434425381026813 -8.9295667642727494 0
18.740258682519197 4.1501651084981859 -10.34806521050632 0
19.014767430722713 4.1667359615676105 -9.0640011383220553 0
18.822553008794785 2.0376252838286746 -10.330735139548779 0
19.099326100200415 2.0520438590156118 -9.0500260544940829 0
15.648967154324055 4.0092191968578845 -11.707275943830609 0
15.140478292480111 3.9748552024830133 -12.649865500628948 0
16.068116215988994 4.0374759405385703 -10.727666731923819 0
15.6526541672647 2.0020676338227759 -11.680031891912222 0
15.150208245962858 1.9684861039584121 -12.621715493500233 0
16.066738992929459 2.0299841288651805 -10.703694066032767 0
14.816078132018447 3.9906968176364899 -11.298412183299661 0
14.357028229162097 3.9554887250997126 -12.169020500034094 0
15.198466232046485 4.0193902491591871 -10.398309484124184 0
14.81708799302578 2.0143283971119672 -11.277095999568701 0
14.364694783464074 1.9800572646631736 -12.146187672391534 0
15.195022232830524 2.0426730141771259 -10.380437582731247 0
16.39364574290812 4.0602417238987982 -9.715398283675313 0
16.621694482862949 4.0783189502544701 -8.6773219676688313 0
16.388902639970183 2.0526475976512302 -9.6955809835344553 0
16.615325385704637 2.070275003410643 -8.661742988973856 0
15.496216984465718 4.0423311553895473 -9.4708761721849442 0
15.707452746108174 4.0606213249266148 -8.5216353526338935 0
15.492091717198491 2.0657103376288433 -9.4565364141017199 0
15.705138148739934 2.0839230126730399 -8.5101892920210958 0
16.427829977124929 0.028364692929244484 -12.027018621563911 0
15.88677747733891 0.0016966426849194249 -13.035860968753695 0
15.850751426070929 -1.9409608822376185 -13.005797207355499 0
16.384486228227615 -1.9258940676036218 -11.995471032336354 0
16.582074915990233 -1.9656147973391853 -13.442519698292017 0
17.15110600553453 -1.9518990106129195 -12.363078862428665 0
17.201479122042656 0.0038814444412764715 -12.395937347784638 0
16.617589389905334 -0.021236577917079558 -13.469773851335049 0
16.871794942766428 0.052573457564221826 -10.977809961885214 0
16.821851367130876 -1.9107044260841803 -10.947078034281731 0
17.617120821028948 -1.9370607633115924 -11.237826231867075 0
17.680055852979422 0.027654337759940972 -11.272251147776842 0
17.320437207818031 -1.9897821859764235 -13.879555374383926 0
17.91830886900425 -1.9800141751363753 -12.726537534967065 0
17.974165257066488 -0.013062945325600595 -12.765132347121835 0
17.340852556750178 -0.035007309073762372 -13.900880502536893 0
18.405863489955664 -1.9657256165088484 -11.5208943746984 0
18.490421216934919 0.0099752987991905684 -11.566375253722072 0
17.214176576584578 0.072557967432658188 -9.8928757961839437 0
17.158426973968744 -1.8974297228196519 -9.8656235467642546 0
17.974951099604368 -1.9238662867110179 -10.075181361287832 0
18.047319367527962 0.0472751290526503 -10.106500249356031 0
17.451205607503653 0.086869001373997889 -8.7804745845496655 0
17.390797089785337 -1.8878341805757373 -8.7589550008997321 0
18.222622938454151 -1.915038538070803 -8.8867832506075501 0
18.300838354974985 0.060478008221252821 -8.911432608962059 0
18.78053080663085 -1.9519929444541049 -10.276569863781333 0
18.883270177990198 0.029458732875355054 -10.318619286641479 0
19.045660376548767 -1.9444228065131028 -9.0091097010299563 0
19.15809154137969 0.041435629962506937 -9.0407955348491669 0
16.014178762212396 -1.8902550863858778 -10.648623546585441 0
15.608535476028919 -1.9057170838003685 -11.620409149676561 0
15.636714372783899 0.053069948193979144 -11.648050596937537 0
16.045821001753211 0.077535026764962822 -10.675173407420516 0
15.114333989098668 -1.9212183567854026 -12.561058521270752 0
15.139515427872539 0.025784744599604892 -12.588444039225578 0
15.183062044903636 -1.8798378225619672 -10.338558891788125 0
14.809952864423394 -1.8956462622154504 -11.231617249548435 0
14.813619077205658 0.07009991817176342 -11.252549797296524 0
15.187753247097135 0.094457096158294007 -10.359031276777387 0
14.359109211713076 -1.9110812586882275 -12.099281484261155 0
14.365707784891129 0.043041730209552043 -12.120496431365609 0
16.547540977597237 -1.8662939510832075 -8.6247922880575061 0
16.328430864959955 -1.8765924572653603 -9.6484342124313116 0
16.364092214033008 0.098009449371602386 -9.6720119975507259 0
16.587670659646392 0.11341738636838272 -8.6436752984300256 0
15.684543455019593 -1.8537394379236503 -8.482527649961412 0
15.475950129330158 -1.8652813473891001 -9.4208813738077879 0
15.483300099149346 0.11531350103905424 -9.4392968192696571 0
15.697210632264614 0.13186841245624237 -8.4975800169631839 0
11.628445986658335 6.2094989186152816 -19.082119971513748 0
11.255321066826582 6.0869555152021348 -18.450707323849201 0
11.338949028402567 3.7628432970959693 -18.705034852027893 0
11.809966895729303 3.8879012367688119 -19.043423223010905 0
12.365918733179569 3.7902364928741008 -18.007610145956278 0
12.809773072600365 3.8386076565366238 -18.605718344449997 0
12.279806360602379 6.1033024759963155 -17.822794202715158 0
12.709250178188086 6.2112180572003126 -18.432238779962063 0
10.875737272202969 5.9587631109170616 -17.767278216779232 0
10.933970540761948 3.7323368729557842 -17.958355858922005 0
11.909096067771316 3.7612307879608124 -17.328390769660473 0
11.843252461403608 5.985548687633127 -17.178526850417256 0
13.340567205101252 3.8404422271996737 -17.226358130574226 0
13.829597733914852 3.886538912076503 -17.78536918759346 0
13.250992419198155 6.1255730530247092 -17.106183044612408 0
13.73546183668077 6.2225285400636494 -17.690626200288534 0
12.834428234025836 3.8084148147609085 -16.608454125002027 0
12.761061795055866 6.016197488643229 -16.50230610743165 0
12.593199638649821 8.4540842995047569 -18.284079130738974 0
12.49620994925499 9.8342222491900131 -18.154025941093764 0
13.51415868451198 9.8393629451592766 -17.452454868952433 0
13.617855824530125 8.4582157600671053 -17.57047064602375 0
13.01022064872086 10.125052345916629 -16.815090259537101 0
13.104884879663587 8.3545916210860014 -16.924595108255744 0
12.141366032883525 8.3419451350346208 -17.604472849518061 0
12.051074847579002 10.113204518333077 -17.476855950430036 0
11.423149626453718 9.830828991532325 -18.765308958292007 0
11.511921137571335 8.4513910477980971 -18.906530227512121 0
11.124536434188485 8.3290186673402786 -18.196450550109148 0
11.039511017501354 10.101482825353742 -18.050005294382572 0
12.360759681090713 10.033638142980635 -15.998917719349265 0
12.602158265188336 8.1889249719679356 -16.295451376587152 0
11.697404323145747 8.1684295814484358 -16.937003031373024 0
11.478586258366704 10.015024037100375 -16.609921442344785 0
10.743917163461447 8.1467775916680694 -17.493899973109365 0
10.549598254263401 9.9953278182074428 -17.137521620839834 0
14.791928404942155 3.9363528662361205 -16.913431661203504 0
14.697410527616739 6.2407346912659705 -16.863152245059609 0
14.161986084654927 6.1520494036376476 -16.309352131560445 0
14.256223944947124 3.8943165810778737 -16.383102532476187 0
15.681880800053477 3.9836189830675721 -15.984147472307086 0
15.586120918393135 6.2642051209695637 -15.957286046817899 0
15.004553696140647 6.181333867367357 -15.439929436892271 0
15.102498661726713 3.9452496476005763 -15.484565595164895 0
14.868397403508425 1.8358662842365447 -16.926324440166354 0
13.915323136374354 1.7721915001311572 -17.849107004702091 0
14.308567659929395 1.8169969812151976 -16.398059759289026 0
13.39227707311511 1.7527133796684211 -17.287221727892756 0
15.75526774302125 1.8850158643253963 -15.978307696059346 0
15.154139865189791 1.870076524111937 -15.477272126823664 0
13.622198954224586 6.0493164760991931 -15.746835488826036 0
13.701856780797243 3.8612110558897257 -15.815985355526209 0
14.418226031586528 6.0835316330194473 -14.920744633302093 0
14.501865601167083 3.9126396414358169 -14.963168989866972 0
13.733440183103085 1.821228959634027 -15.822509532794356 0
12.862157197669148 1.7661078605233342 -16.646668845787644 0
14.533386304974556 1.8724605917445842 -14.950448585674167 0
17.551003228873014 4.1662254682742059 -0.32536234703366063 0
18.101844057440758 4.1762284697033465 -1.4919376319685398 0
17.406414464116096 4.1506230519153178 -1.776433925901074 0
16.88651823438704 4.1429078485816717 -0.67350316193187609 0
16.893314406275749 4.1521171620115638 0.78564880090380029 0
16.266002414748073 4.1308860904537141 0.37456731830025092 0
16.681851791217923 4.1295705889351666 -2.0721713146194816 0
16.19394251331687 4.1234454410150647 -1.0334078947780654 0
15.611798504367471 4.1129459952935576 -0.045888458553235978 0
16.933034993708134 10.15586793795228 -7.6586789460852742 0
17.972793690860271 10.219042321667075 -7.7336171874776483 0
18.099041890352964 8.4825817970559001 -7.7354421000927687 0
17.294635256752372 8.3423413820564747 -7.6800068737939 0
18.77509155670802 9.916434642672538 -7.7867383492489655 0
18.922228079289198 8.5587494326755404 -7.7880838848650455 0
18.297862604260445 6.335140380077064 -7.73563736025244 0
17.51928411051631 6.2452815249562263 -7.6856270860880613 0
19.064135517925024 6.4112378349527717 -7.7799908686429262 0
16.964398812502623 10.158568076789379 -6.5634574685245752 0
18.002927765250206 10.223964165896177 -6.5394745646044612 0
18.127777472138405 8.4882793892174959 -6.5320509737357497 0
17.323884923011065 8.3479373240843415 -6.5541170323267579 0
18.806039420763653 9.9229095016916595 -6.5162689131995037 0
18.953518375754356 8.5647764531895518 -6.5051511200144887 0
18.324683792889118 6.3421916868537664 -6.5179056851193309 0
17.546477776020765 6.2534673549234867 -6.5427006147801876 0
19.096447315067053 6.4172746539115906 -6.487719701603055 0
19.16533474624157 4.1773941810242832 -7.7665896592661738 0
19.191498320549726 4.1834524837322533 -6.4711391553282738 0
18.426607709378004 4.1489893821999431 -6.5042113652452826 0
18.403260756283998 4.1413342342711985 -7.7261269353330135 0
19.246784441173077 2.0599127088134992 -7.7542135361582041 0
19.265127379447222 2.0632089072678355 -6.457871537655592 0
18.462235104292631 2.0585067277352209 -6.4929561372846365 0
18.442501787096262 2.0531813609195524 -7.7128832554444671 0
17.627748720347881 4.122139856684953 -6.531722055748105 0
17.60304756462574 4.1131873382255435 -7.6778658619150519 0
17.632493481040001 2.0712936118507059 -6.5222764248028398 0
17.610495917499065 2.0645568691252265 -7.6646910598501563 0
13.832171721383929 0.014361883254423446 -12.955529514700174 0
13.82768977060914 1.9399850434424479 -12.980393048375845 0
14.559622995555401 1.9290481914850943 -13.524673590436578 0
14.553891088813543 -0.0029538334304106684 -13.492707950994372 0
13.209249958395958 -0.014999801108388056 -13.744722288101912 0
13.204540239647031 1.8953721943075834 -13.767686488106847 0
13.885126894339919 1.8843353718848448 -14.382485013455153 0
13.883516568690538 -0.031860693672570051 -14.354741839691997 0
13.825077185407281 -1.9243464869646232 -12.934892278164625 0
14.532758308574557 -1.9348360777747757 -13.466629205271602 0
15.255794150754809 1.9174752260894365 -14.033310888335109 0
15.25453931465745 -0.025875981974877504 -14.001865135505795 0
14.537465430796146 -0.053292265732125088 -14.924620892852545 0
15.226551739498973 -1.9538669411688261 -13.974912941455841 0
12.516639601439238 -0.042617673457243654 -14.485653344541788 0
12.511073833331466 1.8494587474374384 -14.502849401906133 0
13.135411001741886 1.8364132670412801 -15.190155724063516 0
13.136389337480068 -0.059476460261066677 -15.1698910407722 0
13.741312375292182 -0.080039843465783633 -15.806266495957971 0
14.467671655118465 9.8466473688681919 -16.662217333912849 0
14.577008988708258 8.4653757298365235 -16.767454214394093 0
14.007517514750361 8.3686395194381475 -16.161017488688231 0
13.908694239333272 10.138084361329675 -16.068328304216266 0
13.450634330511093 8.2094513289630413 -15.573670333251357 0
13.187378030270338 10.052427183836699 -15.307754961773753 0
15.350098333756128 9.8546995674570397 -15.789155173301697 0
15.464185332879424 8.4755734531208873 -15.882017284631729 0
14.841988034546375 8.3842244455590844 -15.319680565968156 0
14.73946887627244 10.149411916732788 -15.24218974262476 0
14.234955057501793 8.2302233278751373 -14.777699811384082 0
13.951715085655451 10.068036947399378 -14.542821820825338 0
12.300218453630805 3.7862350351642817 -15.920707415789366 0
12.246723422780633 5.9025873318314552 -15.846219703555107 0
11.690904129296541 5.7978834910318255 -15.113195937126875 0
11.733864726498723 3.7680695643648505 -15.162912517786026 0
10.88873066753149 5.7592425346374512 -15.675781544297934 0
10.9221525862813 3.7238952503539622 -15.73957191593945 0
11.428885672241449 3.7412094753235579 -16.570796512067318 0
11.384300095960498 5.8664803858846426 -16.470111975446343 0
12.316628465428948 1.7893515666582971 -15.938471242785454 0
11.753739088773727 1.806894505287346 -15.175012154504657 0
10.936189074069262 1.7727784636736033 -15.765900691971183 0
11.437581427395344 1.7508915689104469 -16.610617440193892 0
10.049244893714786 5.7233594949357212 -16.160698322579265 0
10.071323370561004 3.6898224581964314 -16.234635051339865 0
10.512358509004116 3.7094457566272467 -17.132422713562846 0
10.477666852995753 5.8332893531769514 -17.009681906551123 0
12.106521312147379 7.9369476558640599 -15.663400769233704 0
11.803353702649474 9.5445697484537959 -15.28867119923234 0
11.477549019952615 8.9470513092974819 -14.852731359998385 0
11.600162042304873 7.676205150783062 -14.995831158012152 0
10.699395970503488 8.92078682531913 -15.387122863531113 0
10.810420084744692 7.6474160682410002 -15.545323114842176 0
11.25900056399405 7.9110135063529015 -16.261575885117054 0
10.987292837351561 9.5214203763753176 -15.85373948328197 0
9.8872658168276146 8.8931964692970116 -15.85305891831716 0
9.9843098483979702 7.617482703179121 -16.021464439108968 0
10.368543287739158 7.8837618669494987 -16.779764017090201 0
10.131374336779118 9.496688200160861 -16.343151330947876 0
12.48689728230238 3.8171713137999177 -14.502561261877418 0
13.115093559026718 3.836846771882847 -15.192188134416938 0
12.443132726475596 5.8376320125535131 -14.472328145056963 0
13.056141048669815 5.9400297603569925 -15.143255606293678 0
13.183057747781277 3.8670100010931492 -13.779358828440309 0
13.865426335483789 3.8874065566342324 -14.39909366518259 0
13.137242939323187 5.8774872613139451 -13.761147385463119 0
13.803809262812138 5.9776785173453391 -14.370126437395811 0
12.344168623909354 7.7038260474801064 -14.372810492292047 0
12.902911320328712 7.9620437836274505 -14.987782618030906 0
12.209918545683225 8.9718638618787132 -14.244044470787049 0
12.569156859070063 9.5668965708464384 -14.647439582273364 0
13.0324816852808 7.7301081791520119 -13.679518735036254 0
13.639344021677971 7.9864142136648297 -14.240377390757203 0
12.886361045142015 8.9946566472450904 -13.56548314144214 0
13.277026398107409 9.5869877459481359 -13.935797275975347 0
17.432362526655197 10.230479538440704 -3.0254987857770175 0
17.730857308954 10.230164797976613 -4.1781274029053748 0
16.720869308337569 10.161394029855728 -4.3900336013175547 0
16.449666135013103 10.161259509623051 -3.3274560649879277 0
17.070882901549339 8.3535447223111987 -4.3198697250336409 0
16.791301121935248 8.3535288432613015 -3.2278361215721816 0
17.550145044922829 8.4928355328738689 -2.9935290683060884 0
17.850709997117519 8.4936965070664883 -4.1542644985020161 0
18.192847047249476 9.9298754240075748 -2.7925022572899856 0
18.512862967451412 9.9304598132769257 -4.0131097943832472 0
18.331967636942863 8.5676459688693285 -2.7529792101122439 0
18.652998197823763 8.5697606513276696 -3.9831169103272259 0
17.285282589495182 6.2614463260397315 -4.2761207274161279 0
17.00036796182394 6.2614868180826306 -3.1687879108358175 0
17.734708342701197 6.3456544550135732 -2.9424306806176901 0
18.03947589173913 6.3471992472186685 -4.1151643791235983 0
18.465740412473679 6.4154459424316883 -2.7176273714285344 0
18.788177415728569 6.4189465660601854 -3.9537093210965395 0
15.67670751735568 7.8561649667099118 -7.5571228703483939 0
15.708508133888245 7.8599350582808256 -6.585814343765378 0
15.525150746603808 9.1067979204157989 -6.5886778178314369 0
15.491916109124819 9.1060301922261715 -7.5452316458026569 0
16.064436543732882 9.6923707108944654 -6.5806211270391941 0
16.031127536669374 9.6906033391132951 -7.5894015468657017 0
16.498357035219669 8.1073821093887091 -7.6211162116378546 0
16.528989629819989 8.1125683868303895 -6.5716645698994398 0
15.797783834859729 6.0507675567641854 -7.5602718079462647 0
15.83197539485991 6.0598260592669249 -6.5804603761062026 0
16.697127258405089 6.1461264165118337 -7.6278883321210742 0
16.726927237585187 6.1551475282758474 -6.5631865542382002 0
16.750432584434748 4.0922207324765623 -7.6208733543753624 0
16.77883524633944 4.1021740338765085 -6.5545586375519633 0
15.832121603190899 4.0749434246681631 -7.5539060048758984 0
15.866480341181159 4.0853658500127494 -6.5732628311961889 0
16.742789391428232 2.0828862129856134 -7.6092367507517338 0
16.768731471151114 2.090673401064123 -6.5468124384060502 0
15.832033773884177 2.0975248222675873 -7.5454618874937296 0
15.863959264010191 2.1063080685271416 -6.5672557568177581 0
15.493626162409782 10.159754889085889 -14.342214392498136 0
14.645305052399635 10.082597050815821 -13.710213392972946 0
14.947251817211509 8.2510425020009279 -13.913713719695807 0
15.600295523181558 8.4006627053022385 -14.406043535098433 0
16.152194770673908 9.8628135790427525 -14.837390072147052 0
16.272306963801384 8.4876152081415057 -14.919649230316281 0
15.141146188601851 6.1169823352247477 -14.030910538509488 0
15.77119105309248 6.2114559505134821 -14.503673681989312 0
16.397789632901549 6.2908874251879752 -14.980485854670405 0
16.300709256902337 8.1179248364642262 -4.481249441858381 0
16.492014832794666 6.1652541793882847 -4.4421540666371584 0
15.625066734850407 6.0707089649513364 -4.6188865527510643 0
15.505543194711208 7.8635267512872815 -4.6438206997700036 0
15.384870393201709 6.0726051330566406 -3.6615590630099177 0
15.269510377198458 7.8637707242742181 -3.6955134151503444 0
16.042517023161054 8.118408172391355 -3.4586893953382969 0
16.228709783405066 6.1665208144113421 -3.4052529367618263 0
15.847620552405715 9.6939079128205776 -4.5720874685794115 0
15.326340585947037 9.1066259885827705 -4.679342960690458 0
15.096290415525436 9.1060014426708218 -3.7461314643422767 0
15.601218594238162 9.693785771727562 -3.5891753202304244 0
15.055514574050903 6.0716636553406715 -2.7277356185950339 0
14.943691801279783 7.8624913832172751 -2.7694783194456249 0
15.687660608440638 8.1170991929247975 -2.4621424400247633 0
15.868683146312833 6.1647197306156158 -2.3956709273625165 0
14.775411668916544 9.1043486977616936 -2.8350930044427516 0
15.260553048923612 9.6925356257706881 -2.6305585110094398 0
16.00162854231894 9.6932606399059296 -5.5720592942088842 0
15.468927831947804 9.1068309617539249 -5.6306127769251662 0
15.651122830808163 7.8621278125792742 -5.611610796302557 0
16.462565612047911 8.115863585844636 -5.5220460528507829 0
16.892446143552661 10.159842796623707 -5.4711575694382191 0
17.248550983145833 8.3515291837975383 -5.4313046960160136 0
15.773063456639647 6.0664041098207235 -5.5964303398504853 0
16.657896956428885 6.1614073486998677 -5.4981249906122684 0
17.467650849372149 6.2587357610464096 -5.4034880567342043 0
18.237441405653954 6.3460517441853881 -5.3088971781544387 0
18.044109221547842 8.4919195882976055 -5.3358431519009173 0
17.921199973672628 10.22669729590416 -5.3515892326831818 0
19.003386192023754 6.4196328949183226 -5.2101991488598287 0
18.863002024590969 8.5684497440233827 -5.2343071959912777 0
18.718171411752699 9.9272263760368027 -5.2556290734559301 0
14.544036133214831 3.9340824605897069 -13.549730006605387 0
15.226951446384192 3.9591934711206704 -14.055822426453233 0
13.812857342883945 3.9139069591183215 -13.000460049137473 0
14.4820502307266 6.0136739807203412 -13.535114465281367 0
13.768019074574113 5.9154543317854404 -12.991411549970508 0
16.539433240890503 4.1128509556874633 -4.4311867039650679 0
17.359369989484549 4.1309714787639678 -4.260307586286217 0
17.071163216605783 4.1317593376152217 -3.1513447046745569 0
16.274513471871614 4.1145540694706142 -3.3933681705966592 0
16.52429112419486 2.0956117146997713 -4.4325067419558764 0
17.357497464865446 2.0756152470421512 -4.2593531436286867 0
17.066691752523184 2.0747416042868281 -3.1549765490926802 0
16.25858698785305 2.0948332761909114 -3.3985205218195915 0
15.658555943518877 4.0965753924101591 -4.6091920235194266 0
15.418816424906254 4.0987069625407457 -3.649997390806675 0
15.651265924796462 2.111599502779427 -4.6079046092927456 0
15.41182592138648 2.1106424871977651 -3.6486115911975503 0
15.913538860157132 4.1134234615601599 -2.3836572493892163 0
16.6760816834867 2.0719700048139202 -2.0805143150500953 0
15.898124812170863 2.0925179469777504 -2.3928098119795322 0
15.089053403586149 4.0985455834306777 -2.7161552715115249 0
15.082785649225116 2.1088564601668622 -2.7163757851812989 0
17.54701691865921 2.0746106700535165 -5.384351946413517 0
17.545501116663218 4.1278283405117691 -5.3897507423534989 0
16.707501467317343 4.1088022347539663 -5.4881685469299555 0
16.694469008594751 2.0945325262582628 -5.484924235381186 0
15.806723263114691 4.0923053901642561 -5.5880612526088953 0
15.800446663051844 2.1106260489905253 -5.5847382973879576 0
14.307922000065446 8.0102808894589543 -13.428353909403086 0
13.657963981851935 7.75577487424016 -12.92492077127099 0
13.919020382687449 9.6065002251416445 -13.161161232739687 0
13.499330663681031 9.0172195663054779 -12.825503158072632 0
14.636047966778278 6.066990690305829 -1.8246481103706174 0
14.668737525120378 4.0946853146888316 -1.8157826368696988 0
14.169328771531582 4.0863146837800741 -0.95644494245061651 0
14.135662401095033 6.0582358837127686 -0.96269956760806963 0
14.871504627168179 6.1492704469710588 -0.49556848611973692 0
14.916860945522785 4.0991270868107677 -0.48616035270970315 0
15.414353197440505 6.1591295087710023 -1.4224543746458949 0
15.45896858535707 4.1084638745523989 -1.4116217778646387 0
16.566599996760488 1.9255386579316109 -14.982380747795105 0
16.494395945221186 4.0271853485610336 -14.99511088244617 0
15.871876619756222 3.9908970494288951 -14.531180266290903 0
15.921900626271963 1.9140951219434328 -14.514139553532004 0
18.35615598410368 0.066750432073604316 -5.2774875746108592 0
18.454442761838436 0.068285239234683104 -6.4839885206893086 0
17.599117323756218 0.097836975211976096 -6.5147472899407148 0
17.511106684803963 0.096634463843656704 -5.3837325228378177 0
18.366409838199615 2.0607470762042794 -5.2818330200389028 0
15.238218041136861 8.1136247301474214 -1.5001606503719813 0
14.82892806455493 9.6898694941774011 -1.7036205062468071 0
14.527708064764738 7.8593995422124863 -1.872373063582927 0
14.36539391775926 9.1016067869961255 -1.9525856645467381 0
14.698925128206611 8.1072418754920363 -0.58400156519928714 0
14.304369265213609 9.686167967505753 -0.82146703072066884 0
14.024464540183544 7.8542980831116438 -1.0183075525674212 0
13.863852467636267 9.0981260776519779 -1.1123693409472859 0
17.421052746474743 2.0562938302318798 -1.7779006094788201 0
17.842155925929546 2.0597551118535193 -2.9173038075678051 0
17.822636466473341 4.1541846822947264 -2.9206488258205354 0
18.54522268474102 4.1820669411681592 -2.6978170850779861 0
18.15779285877943 2.0611310992717335 -4.0879946821369231 0
18.132508162409067 4.1547111989930272 -4.0950877456925809 0
18.593044735491276 2.0585976411399542 -2.6833936537150294 0
18.934348788112402 2.0611909773979278 -3.9162009605206549 0
18.876291774213314 4.1846198472194374 -3.9328613593243062 0
16.62180800549686 -0.052894308464601636 -14.974899362772703 0
15.816301191225648 -0.068183938434231095 -15.979977807030082 0
15.941066393628716 -0.045726205901928552 -14.491114167496562 0
15.178993368521333 -0.069085115224879701 -15.46130977012217 0
16.631675379350781 -1.9939128279220313 -14.971763227134943 0
15.920580608770251 -1.9760565608320348 -14.47117967531085 0
18.335205782204866 4.1531502003781497 -5.2913972930982709 0
19.094630040228367 4.1855449555441737 -5.1906274911016226 0
19.162055589258671 2.0633319404259964 -5.1750552402809262 0
16.655923748388886 0.12667010750737973 -5.4859112231060863 0
16.73392734862864 0.127140329714166 -6.5407827440649271 0
15.778052907437086 0.14959977078251541 -5.5867702774703503 0
15.847202787175775 0.14899389789206907 -6.5636966908350587 0
19.318163998425007 0.045472679470549338 -6.4472632929682732 0
18.436270669102669 0.066860873354016803 -7.699609225615859 0
19.299502488225698 0.045090358893503435 -7.7451281659305096 0
17.579782705754042 0.095039968320634216 -7.6506871916353703 0
16.711937222629786 0.12305705863400362 -7.5968634784221649 0
15.821422837674618 0.14327134311315604 -7.5371560212224722 0
17.328964948654175 8.7296441867947578 1.1531073840596946 0
18.025654524564743 8.743718296289444 -0.027903008303837851 0
18.123578190803528 6.4598478898406029 -0.00080624845577403903 0
17.426242083311081 6.4432714432477951 1.1831709185789805 0
14.684053614735603 11.718426004052162 -0.55596800521016121 0
15.232251465320587 11.716222286224365 -1.4784747730009258 0
16.712388023734093 11.687233850359917 -0.70201034029014409 0
16.087503373622894 11.685052454471588 0.35745358478743583 0
17.047630473971367 10.575481832027435 0.98189236572943628 0
17.728954046964645 10.584956422448158 -0.17103708442300558 0
18.616584569215775 8.7539293169975281 -1.2561759596428601 0
18.716796159744263 6.4717182070016861 -1.2308672366489191 0
15.680014371871948 11.719425320625305 -2.4466713927686214 0
17.230340495705605 11.683084100484848 -1.8114353030687198 0
18.302595138549805 10.590649262070656 -1.3740471408236772 0
16.130627453327179 11.730477154254913 -9.7119140326976776 0
17.788905695080757 11.663643538951874 -10.159898832440376 0
18.040692448616028 11.652248159050941 -8.9629622921347618 0
16.359317272901535 11.730722546577454 -8.6763430684804916 0
15.806792393326759 11.713957488536835 -10.719502508640289 0
17.416791930794716 11.660247638821602 -11.325381919741631 0
19.358306884765625 6.4573733136057854 -10.557051554322243 0
19.641200125217438 6.4730935916304588 -9.1913911029696465 0
19.552558213472366 8.7469879016280174 -9.200149767100811 0
19.273293167352676 8.7376525476574898 -10.556416258215904 0
18.944471776485443 10.56810374557972 -10.471749573945999 0
19.212483912706375 10.567459747195244 -9.1551016196608543 0
18.950084716081619 6.4371715858578682 -11.882810696959496 0
18.856471657752991 8.7256086245179176 -11.870323970913887 0
18.537912905216217 10.561437800526619 -11.74902905523777 0
15.070067822933197 10.824775025248528 -8.4476859122514725 0
14.868111297488213 10.816617980599403 -9.358519434928894 0
14.584784209728241 10.798302426934242 -10.243558421730995 0
14.696269854903221 9.4775456562638283 -8.3728447780013084 0
14.506326958537102 9.4682403653860092 -9.2356624156236649 0
14.701690226793289 7.8033707514405251 -8.3656533062458038 0
14.511757165193558 7.7917444482445717 -9.2189180850982666 0
14.732869416475296 5.9788170382380486 -8.3624987825751305 0
14.544301554560661 5.9636260643601418 -9.2181849181652069 0
14.235296726226807 9.4516653046011925 -10.076925665140152 0
14.240043506026268 7.7749100252985954 -10.054215416312218 0
14.273013606667519 5.9437104165554047 -10.056233122944832 0
16.928682968020439 11.637025013566017 -12.438648447394371 0
18.011171132326126 10.548295944929123 -12.971941024065018 0
18.323570132255554 8.7125951945781708 -13.129594445228577 0
16.344931393861771 11.632548093795776 -13.492651984095573 0
17.376268327236176 10.542268365621567 -14.129988357424736 0
17.672095000743866 8.7008162587881088 -14.317522391676903 0
15.383571535348892 11.694049879908562 -11.682550430297852 0
14.870530784130096 11.685418680310249 -12.595195978879929 0
18.418565601110458 6.4139136448502541 -13.151461645960808 0
17.768787860870361 6.3890373930335045 -14.347250446677208 0
13.456676810979843 9.4132725596427917 -11.672706961631775 0
13.752728939056396 10.765056565403938 -11.899577707052231 0
14.208746954798698 10.780936792492867 -11.090868055820465 0
13.881863459944725 9.4330741688609123 -10.890878602862358 0
13.894653514027596 7.7542048394680023 -10.868640556931496 0
13.478092133998871 7.7303195521235466 -11.653820380568504 0
13.928950741887093 5.9186746068298817 -10.874805450439453 0
13.518561184406281 5.8879557922482491 -11.667745143175125 0
19.037557005882263 4.1667847409844398 -11.86842168867588 0
18.505181849002838 4.1367461625486612 -13.141576781868935 0
17.85493791103363 4.1022560745477676 -14.34133480489254 0
19.157701909542084 2.0440951573400525 -11.852749392390251 0
18.615275532007217 2.0149026267026784 -13.130867376923561 0
17.949763923883438 1.9821343975199852 -14.329389944672585 0
19.73567870259285 4.2090269848704338 -9.1746578142046928 0
19.445413649082184 4.1911137960851192 -10.539532080292702 0
19.872354835271835 2.0815947221562965 -9.1644881665706635 0
19.571245044469833 2.0666508088033879 -10.523856446146965 0
13.533171206712723 3.9403036627918482 -11.664049908518791 0
13.936371237039566 3.9768169838935137 -10.868003845214844 0
14.283619731664658 4.0056622959673405 -10.050874590873718 0
13.545122995972633 1.9865729078301229 -11.650489136576653 0
13.94170606136322 2.0214403758291155 -10.856946691870689 0
14.285535499453545 2.0497519318014383 -10.042678162455559 0
14.551337853074074 4.0282793641090393 -9.2110860496759415 0
14.744426235556602 4.0458576679229736 -8.3542352318763733 0
14.558051034808159 2.0723061118042096 -9.2045874297618866 0
14.757636561989784 2.0899247888009995 -8.3473197668790817 0
18.060056924819946 -0.038623753527645022 -14.336344376206398 0
18.068382203578949 -2.0116795418725815 -14.317873418331146 0
18.687322735786438 -2.0098007381166099 -13.084104970097542 0
18.758485436439514 -0.021779610338853672 -13.144181475043297 0
19.18595764040947 -1.9958430578262778 -11.793241381645203 0
19.319986492395401 -5.3161726100370288e-05 -11.867764174938202 0
19.570724576711655 -1.9803680432814872 -10.468069031834602 0
19.739033937454224 0.019471110863378271 -10.535088762640953 0
19.855690747499466 -1.9747659398271935 -9.1270467266440392 0
20.043363958597183 0.030138990638079122 -9.1732542142271996 0
14.300353243947029 0.10150571539998055 -10.031110137701035 0
14.328951478004456 -1.8788510020822287 -10.017749831080437 0
13.98766978085041 -1.8950766099151224 -10.829887017607689 0
13.959140717983246 0.077661359217017889 -10.843295395374298 0
13.583031326532364 -1.9098263517371379 -11.621954426169395 0
13.567707061767578 0.051733977510593832 -11.637077480554581 0
14.602130383253098 -1.8627686050022021 -9.1835938692092896 0
14.574404940009117 0.12243899726308882 -9.1951472014188766 0
14.782617449760437 0.14004752459004521 -8.3421255350112915 0
13.264309346675873 3.9254646431654692 -19.142267137765884 0
13.129942804574966 6.3158547878265381 -19.01309871673584 0
14.315619617700577 3.9469315316528082 -18.311406910419464 0
14.210896253585815 6.3130782693624496 -18.259713530540466 0
12.818532466888428 10.529490023851395 -18.662120789289474 0
13.881892114877701 10.530720815062523 -17.934542626142502 0
13.133588373661041 11.626854598522186 -16.991575792431831 0
12.154667764902115 11.615765675902367 -17.655728057026863 0
13.025162249803543 8.6758942008018494 -18.938152313232422 0
14.109302625060081 8.6725157350301743 -18.196799367666245 0
11.700089260935783 10.5328678637743 -19.298848241567612 0
11.122019380331039 11.605039969086647 -18.226497650146484 0
11.882167309522629 8.682793565094471 -19.58493036031723 0
11.995040088891983 6.3333453387022018 -19.668209135532379 0
12.070532083511353 11.645575404167175 -15.648137912154198 0
11.218211740255356 11.627580001950264 -16.228299960494041 0
10.320133447647095 11.608727216720581 -16.724180549383163 0
15.321317911148071 3.983215318992734 -17.430004954338074 0
15.222926989197731 6.3219458125531673 -17.408093273639679 0
16.2505873888731 4.0234644934535027 -16.477983593940735 0
16.154272943735123 6.3394633904099464 -16.469061806797981 0
14.447687864303589 1.834206732804887 -18.354479789733887 0
15.424864426255226 1.8758410578593612 -17.432893931865692 0
16.346514448523521 1.9144344113301486 -16.472368240356445 0
18.196525007486343 4.1906565204262733 0.013003228494198993 0
18.777475714683533 4.2033478803932667 -1.2168079046095954 0
17.502605706453323 4.1738335341215134 1.19118097894534 0
18.189841598272324 11.667778208851814 -7.7523604482412338 0
16.492560237646103 11.73583135008812 -7.6259919703006744 0
19.712114363908768 8.7559597790241241 -7.8357586935162544 0
19.369646072387695 10.57848747074604 -7.8279348984360695 0
19.804993152618408 6.4833244755864143 -7.8192883729934692 0
18.221142500638962 11.672223925590515 -6.535387322306633 0
16.527659922838211 11.731503263115883 -6.5689757615327835 0
19.750087589025497 8.7626015841960907 -6.4760254323482513 0
19.403232574462891 10.586611777544022 -6.5003619939088821 0
19.851812332868576 6.4885064959526062 -6.4537813290953636 0
19.899477779865265 4.2188529781997204 -7.8014799803495407 0
19.933427542448044 4.2226556688547134 -6.4336855113506317 0
20.032133013010025 2.0867194623569958 -7.7903011664748192 0
20.047422289848328 2.087401638564188 -6.41788100451231 0
13.094272702932358 0.024073527405562345 -12.397171273827553 0
13.068625450134277 1.9456655018693709 -12.409975841641426 0
12.515767768025398 -0.0057514640648150817 -13.103268966078758 0
12.499531507492065 1.9003456415739493 -13.119674280285835 0
13.101613596081734 -1.9218375488453603 -12.383013591170311 0
11.880338475108147 -0.033669787364488002 -13.767961174249649 0
11.867193937301636 1.8545079167779477 -13.779791817069054 0
14.878561660647392 10.535282492637634 -17.11381234228611 0
14.051490113139153 11.641570240259171 -16.237740159034729 0
15.122822701931 8.6739800572395325 -17.357872724533081 0
12.867748603224754 11.667912691831589 -14.985803082585335 0
15.802679389715195 10.540467351675034 -16.206811845302582 0
14.900840938091278 11.646387875080109 -15.399312376976013 0
16.061261728405952 8.680693544447422 -16.432486787438393 0
13.607983827590942 11.675655230879784 -14.252421051263809 0
11.109966114163399 5.7290065847337246 -14.333650976419449 0
11.147890120744705 3.7505657114088535 -14.361750587821007 0
10.398017898201942 3.7061885502189398 -14.860164985060692 0
10.370088905096054 5.6898055486381054 -14.829429492354393 0
11.178950816392899 1.8142653052927926 -14.377392083406448 0
10.427975758910179 1.7813531464780681 -14.89006769657135 0
9.6167724579572678 3.6707678455859423 -15.290364503860474 0
9.6009138971567154 5.6535516157746315 -15.257682606577873 0
11.2790607213974 10.686410069465637 -14.62783819437027 0
11.064822807908058 9.3212962448596954 -14.310561209917068 0
10.330253913998604 9.2955358102917671 -14.800449222326279 0
10.520866990089417 10.665197610855103 -15.14287394285202 0
11.068145766854286 7.621449738740921 -14.287510126829147 0
10.337113678455353 7.5909744054079056 -14.784034729003906 0
9.5711752623319626 9.2674475908279419 -15.236169949173927 0
9.7282204329967499 10.641134947538376 -15.589548051357269 0
9.5769023001194 7.559739850461483 -15.215488791465759 0
11.827304735779762 3.7993093710392714 -13.766648411750793 0
11.801308929920197 5.7705900743603706 -13.760899439454079 0
12.468255922198296 3.8491639997810125 -13.118746727705002 0
12.437161073088646 5.8121932670474052 -13.11464935541153 0
11.75884722173214 7.6505247727036476 -13.723563492298126 0
11.98579865694046 10.709343373775482 -14.037554711103439 0
11.754436522722244 9.3457281738519669 -13.745523437857628 0
12.397743791341782 7.6777204573154449 -13.089295491576195 0
12.640003696084023 10.727429568767548 -13.381055846810341 0
12.388901576399803 9.3677776157855988 -13.11084409058094 0
16.295482829213142 11.726081743836403 -4.4732888787984848 0
17.946202844381332 11.680392533540726 -4.1312120221555233 0
17.642513692378998 11.682183876633644 -2.9571490362286568 0
16.035563513636589 11.722845196723938 -3.4476656578481197 0
19.099030882120132 10.596365228295326 -3.8890184946358204 0
18.761678248643875 10.595059543848038 -2.6163435373455286 0
19.426942020654678 8.7657540813088417 -3.8179252371191978 0
19.087699830532074 8.7613478675484657 -2.5217147413641214 0
19.51861035823822 6.4866121262311935 -3.7956322208046913 0
19.183237046003342 6.4805253967642784 -2.4992248117923737 0
14.852258309721947 9.4753016605973244 -6.5959047749638557 0
14.846401005983353 7.8125347048044205 -6.5985804200172424 0
14.813929364085197 7.8099453002214432 -7.4893660917878151 0
14.813598990440369 9.4790149703621864 -7.4899628981947899 0
15.196196630597115 10.824610650539398 -7.5226425603032112 0
15.240238726139069 10.817883595824242 -6.5901284292340279 0
14.890553668141365 5.9984305500984192 -6.5954794734716415 0
14.848930612206459 5.9899972006678581 -7.4860298857092857 0
14.909318283200264 4.0701204277575016 -6.588706910610199 0
14.866243243217468 4.0596249736845493 -7.4788683652877808 0
14.92836606502533 2.1140948298852891 -6.5849446132779121 0
14.888373747467995 2.1039620153605938 -7.4743075966835022 0
15.672029465436935 11.647659212350845 -14.484491527080536 0
14.27889259159565 11.680512890219688 -13.455011665821075 0
16.645079329609871 10.545772165060043 -15.216891705989838 0
16.921410501003265 8.6910207644104958 -15.4274762570858 0
17.011555552482605 6.3635605722665787 -15.457596555352211 0
14.71145886182785 6.0094753950834274 -4.8008910454809666 0
14.669485360383987 7.8148557245731354 -4.810366153717041 0
14.455894842743874 7.8150897696614265 -3.9429722018539906 0
14.493589535355568 6.0115557610988617 -3.9306986890733242 0
15.046514585614204 10.81073771417141 -4.7307016216218472 0
14.823988944292068 10.806574732065201 -3.8197774030268192 0
14.46829742193222 9.4661924093961716 -3.9362528249621391 0
14.675811126828194 9.4692151695489883 -4.8078374862670898 0
14.163353577256203 7.8134011030197144 -3.0912678204476833 0
14.198844358325005 6.0112651959061623 -3.0774606950581074 0
14.511456862092018 10.802213355898857 -2.9303835853934288 0
14.173004984855652 9.4623944461345673 -3.0835819430649281 0
15.183921247720718 10.81486588716507 -5.6574268341064453 0
14.803817987442017 9.4724544957280159 -5.6998512968420982 0
14.798437312245369 7.8139055222272873 -5.7027040421962738 0
16.459471806883812 11.726489886641502 -5.5158693790435791 0
14.840805545449257 6.0051300153136253 -5.696532666683197 0
18.137115746736526 11.670420482754707 -5.3259756974875927 0
19.756184965372086 6.4893787130713463 -5.1088428311049938 0
19.655151575803757 8.7660930454730988 -5.1329747885465622 0
19.313261300325394 10.591497555375099 -5.1840676330029964 0
13.04941637814045 3.8970233295112848 -12.420842587947845 0
13.020299509167671 5.8520633019506931 -12.4169941842556 0
14.520475074648857 4.0826224684715271 -3.916902769356966 0
14.734194993972778 4.0807580836117268 -4.7907274663448334 0
14.53611233830452 2.1184677935671061 -3.9024284668266773 0
14.748249426484108 2.1199615905061364 -4.7833824120461941 0
14.225318059325218 4.0834324583411217 -3.0643953010439873 0
14.240687236189842 2.1173125898931175 -3.0481907203793526 0
14.873617619276047 2.1191278586629778 -5.6838719993829727 0
14.86095654964447 4.0769649632275105 -5.6884667575359344 0
12.981167316436768 7.7042883932590485 -12.397846207022667 0
13.232157647609711 10.745272740721703 -12.667893543839455 0
12.962739706039429 9.3909170776605606 -12.416874170303345 0
13.838309600949287 4.080919474363327 -2.2396778427064419 0
13.385186567902565 4.0735436156392097 -1.448936034925282 0
13.815065756440163 6.0072706639766693 -2.2472331654280424 0
13.361052647233009 5.9984874501824379 -1.4522941261529922 0
14.663907939568162 2.1055022050422849 -1.8206251309602521 0
13.853852167725563 2.1150114079937339 -2.2298068907111883 0
17.106107860803604 4.064447145909071 -15.459889724850655 0
17.2007155418396 1.9496577756362967 -15.452130347490311 0
14.120915144681931 10.794474437832832 -2.06780044734478 0
13.794501423835754 9.4575742110610008 -2.2544036451727152 0
13.785058632493019 7.8098410069942474 -2.2603053171187639 0
13.62363563477993 10.795724034309387 -1.252251282799989 0
13.312030956149101 9.4562207013368607 -1.4684204244986176 0
13.315624609589577 7.8040934428572655 -1.4729787092655897 0
19.249129712581635 4.2128678858280182 -2.4812043085694313 0
19.602177917957306 4.2183616049587727 -3.7726194299757481 0
19.697396010160446 2.0762202645710204 -3.7428786940872669 0
19.329103261232376 2.0722323327618142 -2.4509907979518175 0
16.45477882027626 -0.049585690256208181 -16.497693061828613 0
17.301446288824081 -0.045599370147101581 -15.464459538459778 0
17.366681516170502 -2.004235639993567 -15.48600073158741 0
19.942564129829407 2.0845205527439248 -5.063634030520916 0
19.835942566394806 4.2224294692277908 -5.0869332030415535 0
14.941550031304359 0.16225298540666699 -6.5856085792183876 0
14.879734009504318 0.16474524093791842 -5.6878458112478256 0
20.203951984643936 0.030201003770343959 -6.4056340605020523 0
20.183776140213013 0.029645808157511055 -7.789355956017971 0
14.911454379558563 0.15397953242063522 -7.4725749716162682 0
Hexahedra
4512
4623 2472 565 2475 2482 568 1 569 0
2472 4624 2473 565 568 2483 570 1 0
565 2473 4625 2474 1 570 2476 566 0
2475 565 2474 4626 569 1 566 2478 0
2482 568 1 569 4629 2481 567 2479 0
568 2483 570 1 2481 4630 2480 567 0
1 570 2476 566 567 2480 4627 2477 0
569 1 566 2478 2479 567 2477 4628 0
4631 2484 571 2486 2491 574 2 575 0
2484 4623 2475 571 574 2482 569 2 0
571 2475 4626 2485 2 569 2478 572 0
2486 571 2485 4632 575 2 572 2488 0
2491 574 2 575 4634 2490 573 2489 0
574 2482 569 2 2490 4629 2479 573 0
2 569 2478 572 573 2479 4628 2487 0
575 2 572 2488 2489 573 2487 4633 0
4635 2492 576 2494 2498 578 3 579 0
2492 4636 2493 576 578 2499 580 3 0
576 2493 4624 2472 3 580 2483 568 0
2494 576 2472 4623 579 3 568 2482 0
2498 578 3 579 4637 2497 577 2495 0
578 2499 580 3 2497 4638 2496 577 0
3 580 2483 568 577 2496 4630 2481 0
579 3 568 2482 2495 577 2481 4629 0
4639 2500 581 2501 2504 583 4 584 0
2500 4635 2494 581 583 2498 579 4 0
581 2494 4623 2484 4 579 2482 574 0
2501 581 2484 4631 584 4 574 2491 0
2504 583 4 584 4640 2503 582 2502 0
583 2498 579 4 2503 4637 2495 582 0
4 579 2482 574 582 2495 4629 2490 0
584 4 574 2491 2502 582 2490 4634 0
2479 567 2477 4628 588 5 585 2507 0
4629 2481 567 2479 2511 587 5 588 0
2481 4630 2480 567 587 2512 589 5 0
567 2480 4627 2477 5 589 2505 585 0
2507 588 5 585 4642 2508 586 2506 0
588 2511 587 5 2508 4643 2510 586 0
5 587 2512 589 586 2510 4644 2509 0
585 5 589 2505 2506 586 2509 4641 0
2489 573 2487 4633 593 6 590 2514 0
4634 2490 573 2489 2517 592 6 593 0
2490 4629 2479 573 592 2511 588 6 0
573 2479 4628 2487 6 588 2507 590 0
2514 593 6 590 4645 2515 591 2513 0
593 2517 592 6 2515 4646 2516 591 0
6 592 2511 588 591 2516 4643 2508 0
590 6 588 2507 2513 591 2508 4642 0
2495 577 2481 4629 596 7 587 2511 0
4637 2497 577 2495 2521 595 7 596 0
2497 4638 2496 577 595 2522 597 7 0
577 2496 4630 2481 7 597 2512 587 0
2511 596 7 587 4643 2518 594 2510 0
596 2521 595 7 2518 4647 2520 594 0
7 595 2522 597 594 2520 4648 2519 0
587 7 597 2512 2510 594 2519 4644 0
2502 582 2490 4634 600 8 592 2517 0
4640 2503 582 2502 2525 599 8 600 0
2503 4637 2495 582 599 2521 596 8 0
582 2495 4629 2490 8 596 2511 592 0
2517 600 8 592 4646 2523 598 2516 0
600 2525 599 8 2523 4649 2524 598 0
8 599 2521 596 598 2524 4647 2518 0
592 8 596 2511 2516 598 2518 4643 0
4651 2526 601 2527 2537 604 9 606 0
2526 4650 2529 601 604 2536 605 9 0
601 2529 4653 2528 9 605 2532 602 0
2527 601 2528 4652 606 9 602 2530 0
2537 604 9 606 4657 2535 603 2534 0
604 2536 605 9 2535 4656 2533 603 0
9 605 2532 602 603 2533 4655 2531 0
606 9 602 2530 2534 603 2531 4654 0
4650 2538 607 2529 2536 610 10 605 0
2538 4658 2540 607 610 2545 611 10 0
607 2540 4659 2539 10 611 2542 608 0
2529 607 2539 4653 605 10 608 2532 0
2536 610 10 605 4656 2544 609 2533 0
610 2545 611 10 2544 4661 2543 609 0
10 611 2542 608 609 2543 4660 2541 0
605 10 608 2532 2533 609 2541 4655 0
4663 2546 612 2547 2553 614 11 616 0
2546 4662 2548 612 614 2552 615 11 0
612 2548 4650 2526 11 615 2536 604 0
2547 612 2526 4651 616 11 604 2537 0
2553 614 11 616 4665 2551 613 2550 0
614 2552 615 11 2551 4664 2549 613 0
11 615 2536 604 613 2549 4656 2535 0
616 11 604 2537 2550 613 2535 4657 0
4662 2554 617 2548 2552 619 12 615 0
2554 4666 2555 617 619 2558 620 12 0
617 2555 4658 2538 12 620 2545 610 0
2548 617 2538 4650 615 12 610 2536 0
2552 619 12 615 4664 2557 618 2549 0
619 2558 620 12 2557 4667 2556 618 0
12 620 2545 610 618 2556 4661 2544 0
615 12 610 2536 2549 618 2544 4656 0
603 2531 4655 2533 13 621 2561 624 0
2535 603 2533 4656 623 13 624 2565 0
4657 2534 603 2535 2566 625 13 623 0
2534 4654 2531 603 625 2559 621 13 0
2561 624 13 621 4669 2562 622 2560 0
624 2565 623 13 2562 4670 2564 622 0
13 623 2566 625 622 2564 4671 2563 0
621 13 625 2559 2560 622 2563 4668 0
609 2541 4660 2543 14 626 2568 629 0
2544 609 2543 4661 628 14 629 2571 0
4656 2533 609 2544 2565 624 14 628 0
2533 4655 2541 609 624 2561 626 14 0
2568 629 14 626 4672 2569 627 2567 0
629 2571 628 14 2569 4673 2570 627 0
14 628 2565 624 627 2570 4670 2562 0
626 14 624 2561 2567 627 2562 4669 0
613 2535 4656 2549 15 623 2565 632 0
2551 613 2549 4664 631 15 632 2575 0
4665 2550 613 2551 2576 633 15 631 0
2550 4657 2535 613 633 2566 623 15 0
2565 632 15 623 4670 2572 630 2564 0
632 2575 631 15 2572 4674 2574 630 0
15 631 2576 633 630 2574 4675 2573 0
623 15 633 2566 2564 630 2573 4671 0
618 2544 4661 2556 16 628 2571 636 0
2557 618 2556 4667 635 16 636 2579 0
4664 2549 618 2557 2575 632 16 635 0
2549 4656 2544 618 632 2565 628 16 0
2571 636 16 628 4673 2577 634 2570 0
636 2579 635 16 2577 4676 2578 634 0
16 635 2575 632 634 2578 4674 2572 0
628 16 632 2565 2570 634 2572 4670 0
4650 2538 607 2529 2586 639 17 640 0
2538 4658 2540 607 639 2587 641 17 0
607 2540 4659 2539 17 641 2580 637 0
2529 607 2539 4653 640 17 637 2582 0
2586 639 17 640 4679 2585 638 2583 0
639 2587 641 17 2585 4680 2584 638 0
17 641 2580 637 638 2584 4677 2581 0
640 17 637 2582 2583 638 2581 4678 0
4651 2526 601 2527 2592 644 18 645 0
2526 4650 2529 601 644 2586 640 18 0
601 2529 4653 2528 18 640 2582 642 0
2527 601 2528 4652 645 18 642 2589 0
2592 644 18 645 4682 2591 643 2590 0
644 2586 640 18 2591 4679 2583 643 0
18 640 2582 642 643 2583 4678 2588 0
645 18 642 2589 2590 643 2588 4681 0
4662 2554 617 2548 2596 647 19 648 0
2554 4666 2555 617 647 2597 649 19 0
617 2555 4658 2538 19 649 2587 639 0
2548 617 2538 4650 648 19 639 2586 0
2596 647 19 648 4683 2595 646 2593 0
647 2597 649 19 2595 4684 2594 646 0
19 649 2587 639 646 2594 4680 2585 0
648 19 639 2586 2593 646 2585 4679 0
4663 2546 612 2547 2600 651 20 652 0
2546 4662 2548 612 651 2596 648 20 0
612 2548 4650 2526 20 648 2586 644 0
2547 612 2526 4651 652 20 644 2592 0
2600 651 20 652 4685 2599 650 2598 0
651 2596 648 20 2599 4683 2593 650 0
20 648 2586 644 650 2593 4679 2591 0
652 20 644 2592 2598 650 2591 4682 0
2583 638 2581 4678 656 21 653 2603 0
4679 2585 638 2583 2607 655 21 656 0
2585 4680 2584 638 655 2608 657 21 0
638 2584 4677 2581 21 657 2601 653 0
2603 656 21 653 4687 2604 654 2602 0
656 2607 655 21 2604 4688 2606 654 0
21 655 2608 657 654 2606 4689 2605 0
653 21 657 2601 2602 654 2605 4686 0
2590 643 2588 4681 661 22 658 2610 0
4682 2591 643 2590 2613 660 22 661 0
2591 4679 2583 643 660 2607 656 22 0
643 2583 4678 2588 22 656 2603 658 0
2610 661 22 658 4690 2611 659 2609 0
661 2613 660 22 2611 4691 2612 659 0
22 660 2607 656 659 2612 4688 2604 0
658 22 656 2603 2609 659 2604 4687 0
2593 646 2585 4679 664 23 655 2607 0
4683 2595 646 2593 2617 663 23 664 0
2595 4684 2594 646 663 2618 665 23 0
646 2594 4680 2585 23 665 2608 655 0
2607 664 23 655 4688 2614 662 2606 0
664 2617 663 23 2614 4692 2616 662 0
23 663 2618 665 662 2616 4693 2615 0
655 23 665 2608 2606 662 2615 4689 0
2598 650 2591 4682 668 24 660 2613 0
4685 2599 650 2598 2621 667 24 668 0
2599 4683 2593 650 667 2617 664 24 0
650 2593 4679 2591 24 664 2607 660 0
2613 668 24 660 4691 2619 666 2612 0
668 2621 667 24 2619 4694 2620 666 0
24 667 2617 664 666 2620 4692 2614 0
660 24 664 2607 2612 666 2614 4688 0
4667 2622 669 2579 2557 672 25 635 0
2622 4695 2624 669 672 2629 673 25 0
669 2624 4696 2623 25 673 2626 670 0
2579 669 2623 4676 635 25 670 2578 0
2557 672 25 635 4664 2628 671 2575 0
672 2629 673 25 2628 4698 2627 671 0
25 673 2626 670 671 2627 4697 2625 0
635 25 670 2578 2575 671 2625 4674 0
4695 2630 674 2624 2629 677 26 673 0
2630 4699 2632 674 677 2637 678 26 0
674 2632 4700 2631 26 678 2634 675 0
2624 674 2631 4696 673 26 675 2626 0
2629 677 26 673 4698 2636 676 2627 0
677 2637 678 26 2636 4702 2635 676 0
26 678 2634 675 676 2635 4701 2633 0
673 26 675 2626 2627 676 2633 4697 0
4666 2638 679 2558 2554 681 27 619 0
2638 4703 2639 679 681 2642 682 27 0
679 2639 4695 2622 27 682 2629 672 0
2558 679 2622 4667 619 27 672 2557 0
2554 681 27 619 4662 2641 680 2552 0
681 2642 682 27 2641 4704 2640 680 0
27 682 2629 672 680 2640 4698 2628 0
619 27 672 2557 2552 680 2628 4664 0
4703 2643 683 2639 2642 685 28 682 0
2643 4705 2644 683 685 2647 686 28 0
683 2644 4699 2630 28 686 2637 677 0
2639 683 2630 4695 682 28 677 2629 0
2642 685 28 682 4704 2646 684 2640 0
685 2647 686 28 2646 4706 2645 684 0
28 686 2637 677 684 2645 4702 2636 0
682 28 677 2629 2640 684 2636 4698 0
671 2625 4697 2627 29 687 2649 690 0
2628 671 2627 4698 689 29 690 2652 0
4664 2575 671 2628 2551 631 29 689 0
2575 4674 2625 671 631 2574 687 29 0
2649 690 29 687 4707 2650 688 2648 0
690 2652 689 29 2650 4708 2651 688 0
29 689 2551 631 688 2651 4665 2576 0
687 29 631 2574 2648 688 2576 4675 0
676 2633 4701 2635 30 691 2654 694 0
2636 676 2635 4702 693 30 694 2657 0
4698 2627 676 2636 2652 690 30 693 0
2627 4697 2633 676 690 2649 691 30 0
2654 694 30 691 4709 2655 692 2653 0
694 2657 693 30 2655 4710 2656 692 0
30 693 2652 690 692 2656 4708 2650 0
691 30 690 2649 2653 692 2650 4707 0
680 2628 4698 2640 31 689 2652 697 0
2641 680 2640 4704 696 31 697 2660 0
4662 2552 680 2641 2546 614 31 696 0
2552 4664 2628 680 614 2551 689 31 0
2652 697 31 689 4708 2658 695 2651 0
697 2660 696 31 2658 4711 2659 695 0
31 696 2546 614 695 2659 4663 2553 0
689 31 614 2551 2651 695 2553 4665 0
684 2636 4702 2645 32 693 2657 700 0
2646 684 2645 4706 699 32 700 2663 0
4704 2640 684 2646 2660 697 32 699 0
2640 4698 2636 684 697 2652 693 32 0
2657 700 32 693 4710 2661 698 2656 0
700 2663 699 32 2661 4712 2662 698 0
32 699 2660 697 698 2662 4711 2658 0
693 32 697 2652 2656 698 2658 4708 0
4714 2664 701 2665 2675 704 33 706 0
2664 4713 2667 701 704 2674 705 33 0
701 2667 4716 2666 33 705 2670 702 0
2665 701 2666 4715 706 33 702 2668 0
2675 704 33 706 4720 2673 703 2672 0
704 2674 705 33 2673 4719 2671 703 0
33 705 2670 702 703 2671 4718 2669 0
706 33 702 2668 2672 703 2669 4717 0
4713 2676 707 2667 2674 710 34 705 0
2676 4684 2618 707 710 2595 663 34 0
707 2618 4693 2677 34 663 2616 708 0
2667 707 2677 4716 705 34 708 2670 0
2674 710 34 705 4719 2679 709 2671 0
710 2595 663 34 2679 4683 2617 709 0
34 663 2616 708 709 2617 4692 2678 0
705 34 708 2670 2671 709 2678 4718 0
4705 2643 711 2680 2647 685 35 714 0
2643 4703 2681 711 685 2642 713 35 0
711 2681 4713 2664 35 713 2674 704 0
2680 711 2664 4714 714 35 704 2675 0
2647 685 35 714 4706 2646 712 2683 0
685 2642 713 35 2646 4704 2682 712 0
35 713 2674 704 712 2682 4719 2673 0
714 35 704 2675 2683 712 2673 4720 0
4703 2638 715 2681 2642 681 36 713 0
2638 4666 2597 715 681 2554 647 36 0
715 2597 4684 2676 36 647 2595 710 0
2681 715 2676 4713 713 36 710 2674 0
2642 681 36 713 4704 2641 716 2682 0
681 2554 647 36 2641 4662 2596 716 0
36 647 2595 710 716 2596 4683 2679 0
713 36 710 2674 2682 716 2679 4719 0
703 2669 4718 2671 37 717 2686 720 0
2673 703 2671 4719 719 37 720 2690 0
4720 2672 703 2673 2691 721 37 719 0
2672 4717 2669 703 721 2684 717 37 0
2686 720 37 717 4722 2687 718 2685 0
720 2690 719 37 2687 4723 2689 718 0
37 719 2691 721 718 2689 4724 2688 0
717 37 721 2684 2685 718 2688 4721 0
709 2678 4692 2617 38 722 2620 667 0
2679 709 2617 4683 724 38 667 2599 0
4719 2671 709 2679 2690 720 38 724 0
2671 4718 2678 709 720 2686 722 38 0
2620 667 38 722 4694 2621 723 2692 0
667 2599 724 38 2621 4685 2693 723 0
38 724 2690 720 723 2693 4723 2687 0
722 38 720 2686 2692 723 2687 4722 0
712 2673 4719 2682 39 719 2690 726 0
2646 712 2682 4704 699 39 726 2660 0
4706 2683 712 2646 2663 727 39 699 0
2683 4720 2673 712 727 2691 719 39 0
2690 726 39 719 4723 2694 725 2689 0
726 2660 699 39 2694 4711 2662 725 0
39 699 2663 727 725 2662 4712 2695 0
719 39 727 2691 2689 725 2695 4724 0
716 2679 4683 2596 40 724 2599 651 0
2641 716 2596 4662 696 40 651 2546 0
4704 2682 716 2641 2660 726 40 696 0
2682 4719 2679 716 726 2690 724 40 0
2599 651 40 724 4685 2600 728 2693 0
651 2546 696 40 2600 4663 2659 728 0
40 696 2660 726 728 2659 4711 2694 0
724 40 726 2690 2693 728 2694 4723 0
4726 2696 729 2697 2703 731 41 733 0
2696 4725 2698 729 731 2702 732 41 0
729 2698 4711 2659 41 732 2658 695 0
2697 729 2659 4663 733 41 695 2553 0
2703 731 41 733 4728 2701 730 2700 0
731 2702 732 41 2701 4727 2699 730 0
41 732 2658 695 730 2699 4708 2651 0
733 41 695 2553 2700 730 2651 4665 0
4725 2704 734 2698 2702 736 42 732 0
2704 4729 2705 734 736 2708 737 42 0
734 2705 4712 2662 42 737 2661 698 0
2698 734 2662 4711 732 42 698 2658 0
2702 736 42 732 4727 2707 735 2699 0
736 2708 737 42 2707 4730 2706 735 0
42 737 2661 698 735 2706 4710 2656 0
732 42 698 2658 2699 735 2656 4708 0
4732 2709 738 2710 2716 740 43 742 0
2709 4731 2711 738 740 2715 741 43 0
738 2711 4725 2696 43 741 2702 731 0
2710 738 2696 4726 742 43 731 2703 0
2716 740 43 742 4734 2714 739 2713 0
740 2715 741 43 2714 4733 2712 739 0
43 741 2702 731 739 2712 4727 2701 0
742 43 731 2703 2713 739 2701 4728 0
4731 2717 743 2711 2715 745 44 741 0
2717 4735 2718 743 745 2721 746 44 0
743 2718 4729 2704 44 746 2708 736 0
2711 743 2704 4725 741 44 736 2702 0
2715 745 44 741 4733 2720 744 2712 0
745 2721 746 44 2720 4736 2719 744 0
44 746 2708 736 744 2719 4730 2707 0
741 44 736 2702 2712 744 2707 4727 0
730 2651 4708 2699 45 688 2650 749 0
2701 730 2699 4727 748 45 749 2725 0
4728 2700 730 2701 2726 750 45 748 0
2700 4665 2651 730 750 2576 688 45 0
2650 749 45 688 4707 2722 747 2648 0
749 2725 748 45 2722 4737 2724 747 0
45 748 2726 750 747 2724 4738 2723 0
688 45 750 2576 2648 747 2723 4675 0
735 2656 4710 2706 46 692 2655 753 0
2707 735 2706 4730 752 46 753 2729 0
4727 2699 735 2707 2725 749 46 752 0
2699 4708 2656 735 749 2650 692 46 0
2655 753 46 692 4709 2727 751 2653 0
753 2729 752 46 2727 4739 2728 751 0
46 752 2725 749 751 2728 4737 2722 0
692 46 749 2650 2653 751 2722 4707 0
739 2701 4727 2712 47 748 2725 756 0
2714 739 2712 4733 755 47 756 2733 0
4734 2713 739 2714 2734 757 47 755 0
2713 4728 2701 739 757 2726 748 47 0
2725 756 47 748 4737 2730 754 2724 0
756 2733 755 47 2730 4740 2732 754 0
47 755 2734 757 754 2732 4741 2731 0
748 47 757 2726 2724 754 2731 4738 0
744 2707 4730 2719 48 752 2729 760 0
2720 744 2719 4736 759 48 760 2737 0
4733 2712 744 2720 2733 756 48 759 0
2712 4727 2707 744 756 2725 752 48 0
2729 760 48 752 4739 2735 758 2728 0
760 2737 759 48 2735 4742 2736 758 0
48 759 2733 756 758 2736 4740 2730 0
752 48 756 2725 2728 758 2730 4737 0
4744 2738 761 2739 2745 763 49 765 0
2738 4743 2740 761 763 2744 764 49 0
761 2740 4651 2527 49 764 2537 606 0
2739 761 2527 4652 765 49 606 2530 0
2745 763 49 765 4746 2743 762 2742 0
763 2744 764 49 2743 4745 2741 762 0
49 764 2537 606 762 2741 4657 2534 0
765 49 606 2530 2742 762 2534 4654 0
4743 2746 766 2740 2744 768 50 764 0
2746 4726 2697 766 768 2703 733 50 0
766 2697 4663 2547 50 733 2553 616 0
2740 766 2547 4651 764 50 616 2537 0
2744 768 50 764 4745 2747 767 2741 0
768 2703 733 50 2747 4728 2700 767 0
50 733 2553 616 767 2700 4665 2550 0
764 50 616 2537 2741 767 2550 4657 0
4748 2748 769 2749 2755 771 51 773 0
2748 4747 2750 769 771 2754 772 51 0
769 2750 4743 2738 51 772 2744 763 0
2749 769 2738 4744 773 51 763 2745 0
2755 771 51 773 4750 2753 770 2752 0
771 2754 772 51 2753 4749 2751 770 0
51 772 2744 763 770 2751 4745 2743 0
773 51 763 2745 2752 770 2743 4746 0
4747 2756 774 2750 2754 776 52 772 0
2756 4732 2710 774 776 2716 742 52 0
774 2710 4726 2746 52 742 2703 768 0
2750 774 2746 4743 772 52 768 2744 0
2754 776 52 772 4749 2757 775 2751 0
776 2716 742 52 2757 4734 2713 775 0
52 742 2703 768 775 2713 4728 2747 0
772 52 768 2744 2751 775 2747 4745 0
762 2534 4657 2741 53 625 2566 779 0
2743 762 2741 4745 778 53 779 2761 0
4746 2742 762 2743 2762 780 53 778 0
2742 4654 2534 762 780 2559 625 53 0
2566 779 53 625 4671 2758 777 2563 0
779 2761 778 53 2758 4751 2760 777 0
53 778 2762 780 777 2760 4752 2759 0
625 53 780 2559 2563 777 2759 4668 0
767 2550 4665 2700 54 633 2576 750 0
2747 767 2700 4728 782 54 750 2726 0
4745 2741 767 2747 2761 779 54 782 0
2741 4657 2550 767 779 2566 633 54 0
2576 750 54 633 4675 2723 781 2573 0
750 2726 782 54 2723 4738 2763 781 0
54 782 2761 779 781 2763 4751 2758 0
633 54 779 2566 2573 781 2758 4671 0
770 2743 4745 2751 55 778 2761 785 0
2753 770 2751 4749 784 55 785 2767 0
4750 2752 770 2753 2768 786 55 784 0
2752 4746 2743 770 786 2762 778 55 0
2761 785 55 778 4751 2764 783 2760 0
785 2767 784 55 2764 4753 2766 783 0
55 784 2768 786 783 2766 4754 2765 0
778 55 786 2762 2760 783 2765 4752 0
775 2747 4728 2713 56 782 2726 757 0
2757 775 2713 4734 788 56 757 2734 0
4749 2751 775 2757 2767 785 56 788 0
2751 4745 2747 775 785 2761 782 56 0
2726 757 56 782 4738 2731 787 2763 0
757 2734 788 56 2731 4741 2769 787 0
56 788 2767 785 787 2769 4753 2764 0
782 56 785 2761 2763 787 2764 4751 0
4725 2704 734 2698 2773 790 57 791 0
2704 4729 2705 734 790 2774 792 57 0
734 2705 4712 2662 57 792 2695 725 0
2698 734 2662 4711 791 57 725 2694 0
2773 790 57 791 4755 2772 789 2770 0
790 2774 792 57 2772 4756 2771 789 0
57 792 2695 725 789 2771 4724 2689 0
791 57 725 2694 2770 789 2689 4723 0
4726 2696 729 2697 2777 794 58 795 0
2696 4725 2698 729 794 2773 791 58 0
729 2698 4711 2659 58 791 2694 728 0
2697 729 2659 4663 795 58 728 2600 0
2777 794 58 795 4757 2776 793 2775 0
794 2773 791 58 2776 4755 2770 793 0
58 791 2694 728 793 2770 4723 2693 0
795 58 728 2600 2775 793 2693 4685 0
4731 2717 743 2711 2781 797 59 798 0
2717 4735 2718 743 797 2782 799 59 0
743 2718 4729 2704 59 799 2774 790 0
2711 743 2704 4725 798 59 790 2773 0
2781 797 59 798 4758 2780 796 2778 0
797 2782 799 59 2780 4759 2779 796 0
59 799 2774 790 796 2779 4756 2772 0
798 59 790 2773 2778 796 2772 4755 0
4732 2709 738 2710 2785 801 60 802 0
2709 4731 2711 738 801 2781 798 60 0
738 2711 4725 2696 60 798 2773 794 0
2710 738 2696 4726 802 60 794 2777 0
2785 801 60 802 4760 2784 800 2783 0
801 2781 798 60 2784 4758 2778 800 0
60 798 2773 794 800 2778 4755 2776 0
802 60 794 2777 2783 800 2776 4757 0
2770 789 2689 4723 805 61 718 2687 0
4755 2772 789 2770 2789 804 61 805 0
2772 4756 2771 789 804 2790 806 61 0
789 2771 4724 2689 61 806 2688 718 0
2687 805 61 718 4722 2786 803 2685 0
805 2789 804 61 2786 4761 2788 803 0
61 804 2790 806 803 2788 4762 2787 0
718 61 806 2688 2685 803 2787 4721 0
2775 793 2693 4685 809 62 723 2621 0
4757 2776 793 2775 2793 808 62 809 0
2776 4755 2770 793 808 2789 805 62 0
793 2770 4723 2693 62 805 2687 723 0
2621 809 62 723 4694 2791 807 2692 0
809 2793 808 62 2791 4763 2792 807 0
62 808 2789 805 807 2792 4761 2786 0
723 62 805 2687 2692 807 2786 4722 0
2778 796 2772 4755 812 63 804 2789 0
4758 2780 796 2778 2797 811 63 812 0
2780 4759 2779 796 811 2798 813 63 0
796 2779 4756 2772 63 813 2790 804 0
2789 812 63 804 4761 2794 810 2788 0
812 2797 811 63 2794 4764 2796 810 0
63 811 2798 813 810 2796 4765 2795 0
804 63 813 2790 2788 810 2795 4762 0
2783 800 2776 4757 816 64 808 2793 0
4760 2784 800 2783 2801 815 64 816 0
2784 4758 2778 800 815 2797 812 64 0
800 2778 4755 2776 64 812 2789 808 0
2793 816 64 808 4763 2799 814 2792 0
816 2801 815 64 2799 4766 2800 814 0
64 815 2797 812 814 2800 4764 2794 0
808 64 812 2789 2792 814 2794 4761 0
4743 2746 766 2740 2804 818 65 819 0
2746 4726 2697 766 818 2777 795 65 0
766 2697 4663 2547 65 795 2600 652 0
2740 766 2547 4651 819 65 652 2592 0
2804 818 65 819 4767 2803 817 2802 0
818 2777 795 65 2803 4757 2775 817 0
65 795 2600 652 817 2775 4685 2598 0
819 65 652 2592 2802 817 2598 4682 0
4744 2738 761 2739 2807 821 66 822 0
2738 4743 2740 761 821 2804 819 66 0
761 2740 4651 2527 66 819 2592 645 0
2739 761 2527 4652 822 66 645 2589 0
2807 821 66 822 4768 2806 820 2805 0
821 2804 819 66 2806 4767 2802 820 0
66 819 2592 645 820 2802 4682 2590 0
822 66 645 2589 2805 820 2590 4681 0
4747 2756 774 2750 2810 824 67 825 0
2756 4732 2710 774 824 2785 802 67 0
774 2710 4726 2746 67 802 2777 818 0
2750 774 2746 4743 825 67 818 2804 0
2810 824 67 825 4769 2809 823 2808 0
824 2785 802 67 2809 4760 2783 823 0
67 802 2777 818 823 2783 4757 2803 0
825 67 818 2804 2808 823 2803 4767 0
4748 2748 769 2749 2813 827 68 828 0
2748 4747 2750 769 827 2810 825 68 0
769 2750 4743 2738 68 825 2804 821 0
2749 769 2738 4744 828 68 821 2807 0
2813 827 68 828 4770 2812 826 2811 0
827 2810 825 68 2812 4769 2808 826 0
68 825 2804 821 826 2808 4767 2806 0
828 68 821 2807 2811 826 2806 4768 0
2802 817 2598 4682 831 69 668 2613 0
4767 2803 817 2802 2816 830 69 831 0
2803 4757 2775 817 830 2793 809 69 0
817 2775 4685 2598 69 809 2621 668 0
2613 831 69 668 4691 2814 829 2619 0
831 2816 830 69 2814 4771 2815 829 0
69 830 2793 809 829 2815 4763 2791 0
668 69 809 2621 2619 829 2791 4694 0
2805 820 2590 4681 834 70 661 2610 0
4768 2806 820 2805 2819 833 70 834 0
2806 4767 2802 820 833 2816 831 70 0
820 2802 4682 2590 70 831 2613 661 0
2610 834 70 661 4690 2817 832 2611 0
834 2819 833 70 2817 4772 2818 832 0
70 833 2816 831 832 2818 4771 2814 0
661 70 831 2613 2611 832 2814 4691 0
2808 823 2803 4767 837 71 830 2816 0
4769 2809 823 2808 2822 836 71 837 0
2809 4760 2783 823 836 2801 816 71 0
823 2783 4757 2803 71 816 2793 830 0
2816 837 71 830 4771 2820 835 2815 0
837 2822 836 71 2820 4773 2821 835 0
71 836 2801 816 835 2821 4766 2799 0
830 71 816 2793 2815 835 2799 4763 0
2811 826 2806 4768 840 72 833 2819 0
4770 2812 826 2811 2825 839 72 840 0
2812 4769 2808 826 839 2822 837 72 0
826 2808 4767 2806 72 837 2816 833 0
2819 840 72 833 4772 2823 838 2818 0
840 2825 839 72 2823 4774 2824 838 0
72 839 2822 837 838 2824 4773 2820 0
833 72 837 2816 2818 838 2820 4771 0
4776 2826 841 2827 2837 844 73 846 0
2826 4775 2829 841 844 2836 845 73 0
841 2829 4778 2828 73 845 2832 842 0
2827 841 2828 4777 846 73 842 2830 0
2837 844 73 846 4782 2835 843 2834 0
844 2836 845 73 2835 4781 2833 843 0
73 845 2832 842 843 2833 4780 2831 0
846 73 842 2830 2834 843 2831 4779 0
4775 2838 847 2829 2836 850 74 845 0
2838 4783 2840 847 850 2845 851 74 0
847 2840 4784 2839 74 851 2842 848 0
2829 847 2839 4778 845 74 848 2832 0
2836 850 74 845 4781 2844 849 2833 0
850 2845 851 74 2844 4786 2843 849 0
74 851 2842 848 849 2843 4785 2841 0
845 74 848 2832 2833 849 2841 4780 0
4735 2717 852 2846 2721 745 75 855 0
2717 4731 2847 852 745 2715 854 75 0
852 2847 4775 2826 75 854 2836 844 0
2846 852 2826 4776 855 75 844 2837 0
2721 745 75 855 4736 2720 853 2849 0
745 2715 854 75 2720 4733 2848 853 0
75 854 2836 844 853 2848 4781 2835 0
855 75 844 2837 2849 853 2835 4782 0
4731 2709 856 2847 2715 740 76 854 0
2709 4732 2850 856 740 2716 858 76 0
856 2850 4783 2838 76 858 2845 850 0
2847 856 2838 4775 854 76 850 2836 0
2715 740 76 854 4733 2714 857 2848 0
740 2716 858 76 2714 4734 2851 857 0
76 858 2845 850 857 2851 4786 2844 0
854 76 850 2836 2848 857 2844 4781 0
843 2831 4780 2833 77 859 2854 862 0
2835 843 2833 4781 861 77 862 2858 0
4782 2834 843 2835 2859 863 77 861 0
2834 4779 2831 843 863 2852 859 77 0
2854 862 77 859 4788 2855 860 2853 0
862 2858 861 77 2855 4789 2857 860 0
77 861 2859 863 860 2857 4790 2856 0
859 77 863 2852 2853 860 2856 4787 0
849 2841 4785 2843 78 864 2861 867 0
2844 849 2843 4786 866 78 867 2864 0
4781 2833 849 2844 2858 862 78 866 0
2833 4780 2841 849 862 2854 864 78 0
2861 867 78 864 4791 2862 865 2860 0
867 2864 866 78 2862 4792 2863 865 0
78 866 2858 862 865 2863 4789 2855 0
864 78 862 2854 2860 865 2855 4788 0
853 2835 4781 2848 79 861 2858 869 0
2720 853 2848 4733 759 79 869 2733 0
4736 2849 853 2720 2737 870 79 759 0
2849 4782 2835 853 870 2859 861 79 0
2858 869 79 861 4789 2865 868 2857 0
869 2733 759 79 2865 4740 2736 868 0
79 759 2737 870 868 2736 4742 2866 0
861 79 870 2859 2857 868 2866 4790 0
857 2844 4786 2851 80 866 2864 872 0
2714 857 2851 4734 755 80 872 2734 0
4733 2848 857 2714 2733 869 80 755 0
2848 4781 2844 857 869 2858 866 80 0
2864 872 80 866 4792 2867 871 2863 0
872 2734 755 80 2867 4741 2732 871 0
80 755 2733 869 871 2732 4740 2865 0
866 80 869 2858 2863 871 2865 4789 0
4783 2868 873 2840 2845 876 81 851 0
2868 4793 2870 873 876 2875 877 81 0
873 2870 4794 2869 81 877 2872 874 0
2840 873 2869 4784 851 81 874 2842 0
2845 876 81 851 4786 2874 875 2843 0
876 2875 877 81 2874 4796 2873 875 0
81 877 2872 874 875 2873 4795 2871 0
851 81 874 2842 2843 875 2871 4785 0
4793 2876 878 2870 2875 881 82 877 0
2876 4797 2878 878 881 2883 882 82 0
878 2878 4798 2877 82 882 2880 879 0
2870 878 2877 4794 877 82 879 2872 0
2875 881 82 877 4796 2882 880 2873 0
881 2883 882 82 2882 4800 2881 880 0
82 882 2880 879 880 2881 4799 2879 0
877 82 879 2872 2873 880 2879 4795 0
4732 2756 883 2850 2716 776 83 858 0
2756 4747 2884 883 776 2754 885 83 0
883 2884 4793 2868 83 885 2875 876 0
2850 883 2868 4783 858 83 876 2845 0
2716 776 83 858 4734 2757 884 2851 0
776 2754 885 83 2757 4749 2885 884 0
83 885 2875 876 884 2885 4796 2874 0
858 83 876 2845 2851 884 2874 4786 0
4747 2748 886 2884 2754 771 84 885 0
2748 4748 2886 886 771 2755 888 84 0
886 2886 4797 2876 84 888 2883 881 0
2884 886 2876 4793 885 84 881 2875 0
2754 771 84 885 4749 2753 887 2885 0
771 2755 888 84 2753 4750 2887 887 0
84 888 2883 881 887 2887 4800 2882 0
885 84 881 2875 2885 887 2882 4796 0
875 2871 4795 2873 85 889 2889 892 0
2874 875 2873 4796 891 85 892 2892 0
4786 2843 875 2874 2864 867 85 891 0
2843 4785 2871 875 867 2861 889 85 0
2889 892 85 889 4801 2890 890 2888 0
892 2892 891 85 2890 4802 2891 890 0
85 891 2864 867 890 2891 4792 2862 0
889 85 867 2861 2888 890 2862 4791 0
880 2879 4799 2881 86 893 2894 896 0
2882 880 2881 4800 895 86 896 2897 0
4796 2873 880 2882 2892 892 86 895 0
2873 4795 2879 880 892 2889 893 86 0
2894 896 86 893 4803 2895 894 2893 0
896 2897 895 86 2895 4804 2896 894 0
86 895 2892 892 894 2896 4802 2890 0
893 86 892 2889 2893 894 2890 4801 0
884 2874 4796 2885 87 891 2892 898 0
2757 884 2885 4749 788 87 898 2767 0
4734 2851 884 2757 2734 872 87 788 0
2851 4786 2874 884 872 2864 891 87 0
2892 898 87 891 4802 2898 897 2891 0
898 2767 788 87 2898 4753 2769 897 0
87 788 2734 872 897 2769 4741 2867 0
891 87 872 2864 2891 897 2867 4792 0
887 2882 4800 2887 88 895 2897 900 0
2753 887 2887 4750 784 88 900 2768 0
4749 2885 887 2753 2767 898 88 784 0
2885 4796 2882 887 898 2892 895 88 0
2897 900 88 895 4804 2899 899 2896 0
900 2768 784 88 2899 4754 2766 899 0
88 784 2767 898 899 2766 4753 2898 0
895 88 898 2892 2896 899 2898 4802 0
4775 2838 847 2829 2906 903 89 904 0
2838 4783 2840 847 903 2907 905 89 0
847 2840 4784 2839 89 905 2900 901 0
2829 847 2839 4778 904 89 901 2902 0
2906 903 89 904 4807 2905 902 2903 0
903 2907 905 89 2905 4808 2904 902 0
89 905 2900 901 902 2904 4805 2901 0
904 89 901 2902 2903 902 2901 4806 0
4776 2826 841 2827 2912 908 90 909 0
2826 4775 2829 841 908 2906 904 90 0
841 2829 4778 2828 90 904 2902 906 0
2827 841 2828 4777 909 90 906 2909 0
2912 908 90 909 4810 2911 907 2910 0
908 2906 904 90 2911 4807 2903 907 0
90 904 2902 906 907 2903 4806 2908 0
909 90 906 2909 2910 907 2908 4809 0
4731 2709 856 2847 2781 801 91 911 0
2709 4732 2850 856 801 2785 912 91 0
856 2850 4783 2838 91 912 2907 903 0
2847 856 2838 4775 911 91 903 2906 0
2781 801 91 911 4758 2784 910 2913 0
801 2785 912 91 2784 4760 2914 910 0
91 912 2907 903 910 2914 4808 2905 0
911 91 903 2906 2913 910 2905 4807 0
4735 2717 852 2846 2782 797 92 914 0
2717 4731 2847 852 797 2781 911 92 0
852 2847 4775 2826 92 911 2906 908 0
2846 852 2826 4776 914 92 908 2912 0
2782 797 92 914 4759 2780 913 2915 0
797 2781 911 92 2780 4758 2913 913 0
92 911 2906 908 913 2913 4807 2911 0
914 92 908 2912 2915 913 2911 4810 0
2903 902 2901 4806 918 93 915 2918 0
4807 2905 902 2903 2922 917 93 918 0
2905 4808 2904 902 917 2923 919 93 0
902 2904 4805 2901 93 919 2916 915 0
2918 918 93 915 4812 2919 916 2917 0
918 2922 917 93 2919 4813 2921 916 0
93 917 2923 919 916 2921 4814 2920 0
915 93 919 2916 2917 916 2920 4811 0
2910 907 2908 4809 923 94 920 2925 0
4810 2911 907 2910 2928 922 94 923 0
2911 4807 2903 907 922 2922 918 94 0
907 2903 4806 2908 94 918 2918 920 0
2925 923 94 920 4815 2926 921 2924 0
923 2928 922 94 2926 4816 2927 921 0
94 922 2922 918 921 2927 4813 2919 0
920 94 918 2918 2924 921 2919 4812 0
2913 910 2905 4807 925 95 917 2922 0
4758 2784 910 2913 2797 815 95 925 0
2784 4760 2914 910 815 2801 926 95 0
910 2914 4808 2905 95 926 2923 917 0
2922 925 95 917 4813 2929 924 2921 0
925 2797 815 95 2929 4764 2800 924 0
95 815 2801 926 924 2800 4766 2930 0
917 95 926 2923 2921 924 2930 4814 0
2915 913 2911 4810 928 96 922 2928 0
4759 2780 913 2915 2798 811 96 928 0
2780 4758 2913 913 811 2797 925 96 0
913 2913 4807 2911 96 925 2922 922 0
2928 928 96 922 4816 2931 927 2927 0
928 2798 811 96 2931 4765 2796 927 0
96 811 2797 925 927 2796 4764 2929 0
922 96 925 2922 2927 927 2929 4813 0
4793 2876 878 2870 2938 931 97 932 0
2876 4797 2878 878 931 2939 933 97 0
878 2878 4798 2877 97 933 2932 929 0
2870 878 2877 4794 932 97 929 2934 0
2938 931 97 932 4819 2937 930 2935 0
931 2939 933 97 2937 4820 2936 930 0
97 933 2932 929 930 2936 4817 2933 0
932 97 929 2934 2935 930 2933 4818 0
4783 2868 873 2840 2907 936 98 905 0
2868 4793 2870 873 936 2938 932 98 0
873 2870 4794 2869 98 932 2934 934 0
2840 873 2869 4784 905 98 934 2900 0
2907 936 98 905 4808 2941 935 2904 0
936 2938 932 98 2941 4819 2935 935 0
98 932 2934 934 935 2935 4818 2940 0
905 98 934 2900 2904 935 2940 4805 0
4747 2748 886 2884 2810 827 99 938 0
2748 4748 2886 886 827 2813 939 99 0
886 2886 4797 2876 99 939 2939 931 0
2884 886 2876 4793 938 99 931 2938 0
2810 827 99 938 4769 2812 937 2942 0
827 2813 939 99 2812 4770 2943 937 0
99 939 2939 931 937 2943 4820 2937 0
938 99 931 2938 2942 937 2937 4819 0
4732 2756 883 2850 2785 824 100 912 0
2756 4747 2884 883 824 2810 938 100 0
883 2884 4793 2868 100 938 2938 936 0
2850 883 2868 4783 912 100 936 2907 0
2785 824 100 912 4760 2809 940 2914 0
824 2810 938 100 2809 4769 2942 940 0
100 938 2938 936 940 2942 4819 2941 0
912 100 936 2907 2914 940 2941 4808 0
2935 930 2933 4818 944 101 941 2946 0
4819 2937 930 2935 2950 943 101 944 0
2937 4820 2936 930 943 2951 945 101 0
930 2936 4817 2933 101 945 2944 941 0
2946 944 101 941 4822 2947 942 2945 0
944 2950 943 101 2947 4823 2949 942 0
101 943 2951 945 942 2949 4824 2948 0
941 101 945 2944 2945 942 2948 4821 0
2904 935 2940 4805 919 102 946 2916 0
4808 2941 935 2904 2923 948 102 919 0
2941 4819 2935 935 948 2950 944 102 0
935 2935 4818 2940 102 944 2946 946 0
2916 919 102 946 4811 2920 947 2952 0
919 2923 948 102 2920 4814 2953 947 0
102 948 2950 944 947 2953 4823 2947 0
946 102 944 2946 2952 947 2947 4822 0
2942 937 2937 4819 950 103 943 2950 0
4769 2812 937 2942 2822 839 103 950 0
2812 4770 2943 937 839 2825 951 103 0
937 2943 4820 2937 103 951 2951 943 0
2950 950 103 943 4823 2954 949 2949 0
950 2822 839 103 2954 4773 2824 949 0
103 839 2825 951 949 2824 4774 2955 0
943 103 951 2951 2949 949 2955 4824 0
2914 940 2941 4808 926 104 948 2923 0
4760 2809 940 2914 2801 836 104 926 0
2809 4769 2942 940 836 2822 950 104 0
940 2942 4819 2941 104 950 2950 948 0
2923 926 104 948 4814 2930 952 2953 0
926 2801 836 104 2930 4766 2821 952 0
104 836 2822 950 952 2821 4773 2954 0
948 104 950 2950 2953 952 2954 4823 0
4826 2956 953 2957 2966 956 105 957 0
2956 4825 2959 953 956 2967 958 105 0
953 2959 4828 2958 105 958 2962 954 0
2957 953 2958 4827 957 105 954 2960 0
2966 956 105 957 4831 2965 955 2963 0
956 2967 958 105 2965 4832 2964 955 0
105 958 2962 954 955 2964 4830 2961 0
957 105 954 2960 2963 955 2961 4829 0
4833 2968 959 2969 2975 962 106 963 0
2968 4826 2957 959 962 2966 957 106 0
959 2957 4827 2970 106 957 2960 960 0
2969 959 2970 4834 963 106 960 2971 0
2975 962 106 963 4836 2974 961 2973 0
962 2966 957 106 2974 4831 2963 961 0
106 957 2960 960 961 2963 4829 2972 0
963 106 960 2971 2973 961 2972 4835 0
2963 955 2961 4829 967 107 964 2976 0
4831 2965 955 2963 2982 966 107 967 0
2965 4832 2964 955 966 2983 968 107 0
955 2964 4830 2961 107 968 2978 964 0
2976 967 107 964 4837 2979 965 2977 0
967 2982 966 107 2979 4839 2981 965 0
107 966 2983 968 965 2981 4840 2980 0
964 107 968 2978 2977 965 2980 4838 0
2973 961 2972 4835 972 108 969 2984 0
4836 2974 961 2973 2988 971 108 972 0
2974 4831 2963 961 971 2982 967 108 0
961 2963 4829 2972 108 967 2976 969 0
2984 972 108 969 4841 2986 970 2985 0
972 2988 971 108 2986 4842 2987 970 0
108 971 2982 967 970 2987 4839 2979 0
969 108 967 2976 2985 970 2979 4837 0
4844 2989 973 2990 3000 976 109 978 0
2989 4843 2992 973 976 2999 977 109 0
973 2992 4846 2991 109 977 2995 974 0
2990 973 2991 4845 978 109 974 2993 0
3000 976 109 978 4850 2998 975 2997 0
976 2999 977 109 2998 4849 2996 975 0
109 977 2995 974 975 2996 4848 2994 0
978 109 974 2993 2997 975 2994 4847 0
4843 3001 979 2992 2999 982 110 977 0
3001 4832 2983 979 982 2965 966 110 0
979 2983 4840 3002 110 966 2981 980 0
2992 979 3002 4846 977 110 980 2995 0
2999 982 110 977 4849 3004 981 2996 0
982 2965 966 110 3004 4831 2982 981 0
110 966 2981 980 981 2982 4839 3003 0
977 110 980 2995 2996 981 3003 4848 0
4851 3005 983 3006 3011 985 111 987 0
3005 4852 3007 983 985 3012 986 111 0
983 3007 4843 2989 111 986 2999 976 0
3006 983 2989 4844 987 111 976 3000 0
3011 985 111 987 4854 3010 984 3009 0
985 3012 986 111 3010 4853 3008 984 0
111 986 2999 976 984 3008 4849 2998 0
987 111 976 3000 3009 984 2998 4850 0
4852 3013 988 3007 3012 990 112 986 0
3013 4825 2967 988 990 2956 956 112 0
988 2967 4832 3001 112 956 2965 982 0
3007 988 3001 4843 986 112 982 2999 0
3012 990 112 986 4853 3014 989 3008 0
990 2956 956 112 3014 4826 2966 989 0
112 956 2965 982 989 2966 4831 3004 0
986 112 982 2999 3008 989 3004 4849 0
975 2994 4848 2996 113 991 3017 994 0
2998 975 2996 4849 993 113 994 3021 0
4850 2997 975 2998 3022 995 113 993 0
2997 4847 2994 975 995 3015 991 113 0
3017 994 113 991 4856 3018 992 3016 0
994 3021 993 113 3018 4857 3020 992 0
113 993 3022 995 992 3020 4858 3019 0
991 113 995 3015 3016 992 3019 4855 0
981 3003 4839 2982 114 996 2987 971 0
3004 981 2982 4831 998 114 971 2974 0
4849 2996 981 3004 3021 994 114 998 0
2996 4848 3003 981 994 3017 996 114 0
2987 971 114 996 4842 2988 997 3023 0
971 2974 998 114 2988 4836 3024 997 0
114 998 3021 994 997 3024 4857 3018 0
996 114 994 3017 3023 997 3018 4856 0
984 2998 4849 3008 115 993 3021 1001 0
3010 984 3008 4853 1000 115 1001 3029 0
4854 3009 984 3010 3028 1002 115 1000 0
3009 4850 2998 984 1002 3022 993 115 0
3021 1001 115 993 4857 3025 999 3020 0
1001 3029 1000 115 3025 4859 3027 999 0
115 1000 3028 1002 999 3027 4860 3026 0
993 115 1002 3022 3020 999 3026 4858 0
989 3004 4831 2966 116 998 2974 962 0
3014 989 2966 4826 1004 116 962 2968 0
4853 3008 989 3014 3029 1001 116 1004 0
3008 4849 3004 989 1001 3021 998 116 0
2974 962 116 998 4836 2975 1003 3024 0
962 2968 1004 116 2975 4833 3030 1003 0
116 1004 3029 1001 1003 3030 4859 3025 0
998 116 1001 3021 3024 1003 3025 4857 0
4838 3031 1005 2980 2977 1008 117 965 0
3031 4861 3033 1005 1008 3038 1009 117 0
1005 3033 4862 3032 117 1009 3035 1006 0
2980 1005 3032 4840 965 117 1006 2981 0
2977 1008 117 965 4837 3037 1007 2979 0
1008 3038 1009 117 3037 4864 3036 1007 0
117 1009 3035 1006 1007 3036 4863 3034 0
965 117 1006 2981 2979 1007 3034 4839 0
4861 3039 1010 3033 3038 1013 118 1009 0
3039 4865 3041 1010 1013 3046 1014 118 0
1010 3041 4866 3040 118 1014 3043 1011 0
3033 1010 3040 4862 1009 118 1011 3035 0
3038 1013 118 1009 4864 3045 1012 3036 0
1013 3046 1014 118 3045 4868 3044 1012 0
118 1014 3043 1011 1012 3044 4867 3042 0
1009 118 1011 3035 3036 1012 3042 4863 0
4870 3047 1015 3048 3054 1017 119 1019 0
3047 4869 3049 1015 1017 3053 1018 119 0
1015 3049 4861 3031 119 1018 3038 1008 0
3048 1015 3031 4838 1019 119 1008 2977 0
3054 1017 119 1019 4872 3052 1016 3051 0
1017 3053 1018 119 3052 4871 3050 1016 0
119 1018 3038 1008 1016 3050 4864 3037 0
1019 119 1008 2977 3051 1016 3037 4837 0
4869 3055 1020 3049 3053 1022 120 1018 0
3055 4873 3056 1020 1022 3059 1023 120 0
1020 3056 4865 3039 120 1023 3046 1013 0
3049 1020 3039 4861 1018 120 1013 3038 0
3053 1022 120 1018 4871 3058 1021 3050 0
1022 3059 1023 120 3058 4874 3057 1021 0
120 1023 3046 1013 1021 3057 4868 3045 0
1018 120 1013 3038 3050 1021 3045 4864 0
1007 3034 4863 3036 121 1024 3061 1027 0
3037 1007 3036 4864 1026 121 1027 3064 0
4837 2979 1007 3037 2985 970 121 1026 0
2979 4839 3034 1007 970 2987 1024 121 0
3061 1027 121 1024 4875 3062 1025 3060 0
1027 3064 1026 121 3062 4876 3063 1025 0
121 1026 2985 970 1025 3063 4841 2986 0
1024 121 970 2987 3060 1025 2986 4842 0
1012 3042 4867 3044 122 1028 3066 1031 0
3045 1012 3044 4868 1030 122 1031 3069 0
4864 3036 1012 3045 3064 1027 122 1030 0
3036 4863 3042 1012 1027 3061 1028 122 0
3066 1031 122 1028 4877 3067 1029 3065 0
1031 3069 1030 122 3067 4878 3068 1029 0
122 1030 3064 1027 1029 3068 4876 3062 0
1028 122 1027 3061 3065 1029 3062 4875 0
1016 3037 4864 3050 123 1026 3064 1034 0
3052 1016 3050 4871 1033 123 1034 3073 0
4872 3051 1016 3052 3074 1035 123 1033 0
3051 4837 3037 1016 1035 2985 1026 123 0
3064 1034 123 1026 4876 3070 1032 3063 0
1034 3073 1033 123 3070 4879 3072 1032 0
123 1033 3074 1035 1032 3072 4880 3071 0
1026 123 1035 2985 3063 1032 3071 4841 0
1021 3045 4868 3057 124 1030 3069 1038 0
3058 1021 3057 4874 1037 124 1038 3077 0
4871 3050 1021 3058 3073 1034 124 1037 0
3050 4864 3045 1021 1034 3064 1030 124 0
3069 1038 124 1030 4878 3075 1036 3068 0
1038 3077 1037 124 3075 4881 3076 1036 0
124 1037 3073 1034 1036 3076 4879 3070 0
1030 124 1034 3064 3068 1036 3070 4876 0
4882 3078 1039 3079 3085 1042 125 1043 0
3078 4633 2514 1039 1042 2487 590 125 0
1039 2514 4645 3080 125 590 2513 1040 0
3079 1039 3080 4883 1043 125 1040 3081 0
3085 1042 125 1043 4885 3084 1041 3083 0
1042 2487 590 125 3084 4628 2507 1041 0
125 590 2513 1040 1041 2507 4642 3082 0
1043 125 1040 3081 3083 1041 3082 4884 0
4886 3086 1044 3087 3090 1046 126 1047 0
3086 4632 2488 1044 1046 2485 572 126 0
1044 2488 4633 3078 126 572 2487 1042 0
3087 1044 3078 4882 1047 126 1042 3085 0
3090 1046 126 1047 4887 3089 1045 3088 0
1046 2485 572 126 3089 4626 2478 1045 0
126 572 2487 1042 1045 2478 4628 3084 0
1047 126 1042 3085 3088 1045 3084 4885 0
1041 3082 4642 2507 127 1048 2506 585 0
3084 1041 2507 4628 1050 127 585 2477 0
4885 3083 1041 3084 3095 1051 127 1050 0
3083 4884 3082 1041 1051 3091 1048 127 0
2506 585 127 1048 4641 2505 1049 3092 0
585 2477 1050 127 2505 4627 3094 1049 0
127 1050 3095 1051 1049 3094 4889 3093 0
1048 127 1051 3091 3092 1049 3093 4888 0
1045 3084 4628 2478 128 1050 2477 566 0
3089 1045 2478 4626 1053 128 566 2474 0
4887 3088 1045 3089 3098 1054 128 1053 0
3088 4885 3084 1045 1054 3095 1050 128 0
2477 566 128 1050 4627 2476 1052 3094 0
566 2474 1053 128 2476 4625 3097 1052 0
128 1053 3098 1054 1052 3097 4890 3096 0
1050 128 1054 3095 3094 1052 3096 4889 0
2539 608 2532 4653 1059 129 1057 3106 0
4659 2542 608 2539 3099 1055 129 1059 0
2542 4660 2541 608 1055 3101 1058 129 0
608 2541 4655 2532 129 1058 3105 1057 0
3106 1059 129 1057 4894 3103 1056 3104 0
1059 3099 1055 129 3103 4891 3100 1056 0
129 1055 3101 1058 1056 3100 4892 3102 0
1057 129 1058 3105 3104 1056 3102 4893 0
4655 2541 626 2561 3105 1058 130 1062 0
2541 4660 2568 626 1058 3101 1060 130 0
626 2568 4672 2567 130 1060 3108 1063 0
2561 626 2567 4669 1062 130 1063 3111 0
3105 1058 130 1062 4893 3102 1061 3110 0
1058 3101 1060 130 3102 4892 3107 1061 0
130 1060 3108 1063 1061 3107 4895 3109 0
1062 130 1063 3111 3110 1061 3109 4896 0
2528 602 2530 4652 1067 131 1065 3116 0
4653 2532 602 2528 3106 1057 131 1067 0
2532 4655 2531 602 1057 3105 1066 131 0
602 2531 4654 2530 131 1066 3115 1065 0
3116 1067 131 1065 4898 3113 1064 3114 0
1067 3106 1057 131 3113 4894 3104 1064 0
131 1057 3105 1066 1064 3104 4893 3112 0
1065 131 1066 3115 3114 1064 3112 4897 0
4654 2531 621 2559 3115 1066 132 1069 0
2531 4655 2561 621 1066 3105 1062 132 0
621 2561 4669 2560 132 1062 3111 1070 0
2559 621 2560 4668 1069 132 1070 3119 0
3115 1066 132 1069 4897 3112 1068 3118 0
1066 3105 1062 132 3112 4893 3110 1068 0
132 1062 3111 1070 1068 3110 4896 3117 0
1069 132 1070 3119 3118 1068 3117 4899 0
1056 3100 4892 3102 133 1071 3122 1074 0
3104 1056 3102 4893 1073 133 1074 3126 0
4894 3103 1056 3104 3127 1075 133 1073 0
3103 4891 3100 1056 1075 3120 1071 133 0
3122 1074 133 1071 4901 3123 1072 3121 0
1074 3126 1073 133 3123 4902 3125 1072 0
133 1073 3127 1075 1072 3125 4903 3124 0
1071 133 1075 3120 3121 1072 3124 4900 0
1061 3107 4895 3109 134 1076 3129 1079 0
3110 1061 3109 4896 1078 134 1079 3132 0
4893 3102 1061 3110 3126 1074 134 1078 0
3102 4892 3107 1061 1074 3122 1076 134 0
3129 1079 134 1076 4904 3130 1077 3128 0
1079 3132 1078 134 3130 4905 3131 1077 0
134 1078 3126 1074 1077 3131 4902 3123 0
1076 134 1074 3122 3128 1077 3123 4901 0
1064 3104 4893 3112 135 1073 3126 1082 0
3114 1064 3112 4897 1081 135 1082 3136 0
4898 3113 1064 3114 3137 1083 135 1081 0
3113 4894 3104 1064 1083 3127 1073 135 0
3126 1082 135 1073 4902 3133 1080 3125 0
1082 3136 1081 135 3133 4906 3135 1080 0
135 1081 3137 1083 1080 3135 4907 3134 0
1073 135 1083 3127 3125 1080 3134 4903 0
1068 3110 4896 3117 136 1078 3132 1086 0
3118 1068 3117 4899 1085 136 1086 3140 0
4897 3112 1068 3118 3136 1082 136 1085 0
3112 4893 3110 1068 1082 3126 1078 136 0
3132 1086 136 1078 4905 3138 1084 3131 0
1086 3140 1085 136 3138 4908 3139 1084 0
136 1085 3136 1082 1084 3139 4906 3133 0
1078 136 1082 3126 3131 1084 3133 4902 0
4899 3141 1087 3140 3118 1090 137 1085 0
3141 4909 3143 1087 1090 3148 1091 137 0
1087 3143 4910 3142 137 1091 3145 1088 0
3140 1087 3142 4908 1085 137 1088 3139 0
3118 1090 137 1085 4897 3147 1089 3136 0
1090 3148 1091 137 3147 4912 3146 1089 0
137 1091 3145 1088 1089 3146 4911 3144 0
1085 137 1088 3139 3136 1089 3144 4906 0
4909 3149 1092 3143 3148 1095 138 1091 0
3149 4913 3151 1092 1095 3156 1096 138 0
1092 3151 4914 3150 138 1096 3153 1093 0
3143 1092 3150 4910 1091 138 1093 3145 0
3148 1095 138 1091 4912 3155 1094 3146 0
1095 3156 1096 138 3155 4916 3154 1094 0
138 1096 3153 1093 1094 3154 4915 3152 0
1091 138 1093 3145 3146 1094 3152 4911 0
4668 2759 1097 3119 2559 780 139 1069 0
2759 4752 3157 1097 780 2762 1099 139 0
1097 3157 4909 3141 139 1099 3148 1090 0
3119 1097 3141 4899 1069 139 1090 3118 0
2559 780 139 1069 4654 2742 1098 3115 0
780 2762 1099 139 2742 4746 3158 1098 0
139 1099 3148 1090 1098 3158 4912 3147 0
1069 139 1090 3118 3115 1098 3147 4897 0
4752 2765 1100 3157 2762 786 140 1099 0
2765 4754 3159 1100 786 2768 1102 140 0
1100 3159 4913 3149 140 1102 3156 1095 0
3157 1100 3149 4909 1099 140 1095 3148 0
2762 786 140 1099 4746 2752 1101 3158 0
786 2768 1102 140 2752 4750 3160 1101 0
140 1102 3156 1095 1101 3160 4916 3155 0
1099 140 1095 3148 3158 1101 3155 4912 0
1089 3144 4911 3146 141 1103 3162 1106 0
3147 1089 3146 4912 1105 141 1106 3165 0
4897 3136 1089 3147 3114 1081 141 1105 0
3136 4906 3144 1089 1081 3135 1103 141 0
3162 1106 141 1103 4917 3163 1104 3161 0
1106 3165 1105 141 3163 4918 3164 1104 0
141 1105 3114 1081 1104 3164 4898 3137 0
1103 141 1081 3135 3161 1104 3137 4907 0
1094 3152 4915 3154 142 1107 3167 1110 0
3155 1094 3154 4916 1109 142 1110 3170 0
4912 3146 1094 3155 3165 1106 142 1109 0
3146 4911 3152 1094 1106 3162 1107 142 0
3167 1110 142 1107 4919 3168 1108 3166 0
1110 3170 1109 142 3168 4920 3169 1108 0
142 1109 3165 1106 1108 3169 4918 3163 0
1107 142 1106 3162 3166 1108 3163 4917 0
1098 3147 4912 3158 143 1105 3165 1112 0
2742 1098 3158 4746 765 143 1112 2745 0
4654 3115 1098 2742 2530 1065 143 765 0
3115 4897 3147 1098 1065 3114 1105 143 0
3165 1112 143 1105 4918 3171 1111 3164 0
1112 2745 765 143 3171 4744 2739 1111 0
143 765 2530 1065 1111 2739 4652 3116 0
1105 143 1065 3114 3164 1111 3116 4898 0
1101 3155 4916 3160 144 1109 3170 1114 0
2752 1101 3160 4750 773 144 1114 2755 0
4746 3158 1101 2752 2745 1112 144 773 0
3158 4912 3155 1101 1112 3165 1109 144 0
3170 1114 144 1109 4920 3172 1113 3169 0
1114 2755 773 144 3172 4748 2749 1113 0
144 773 2745 1112 1113 2749 4744 3171 0
1109 144 1112 3165 3169 1113 3171 4918 0
4816 3173 1115 2931 2928 1118 145 928 0
3173 4921 3175 1115 1118 3180 1119 145 0
1115 3175 4922 3174 145 1119 3177 1116 0
2931 1115 3174 4765 928 145 1116 2798 0
2928 1118 145 928 4810 3179 1117 2915 0
1118 3180 1119 145 3179 4924 3178 1117 0
145 1119 3177 1116 1117 3178 4923 3176 0
928 145 1116 2798 2915 1117 3176 4759 0
4921 3181 1120 3175 3180 1123 146 1119 0
3181 4925 3183 1120 1123 3188 1124 146 0
1120 3183 4926 3182 146 1124 3185 1121 0
3175 1120 3182 4922 1119 146 1121 3177 0
3180 1123 146 1119 4924 3187 1122 3178 0
1123 3188 1124 146 3187 4928 3186 1122 0
146 1124 3185 1121 1122 3186 4927 3184 0
1119 146 1121 3177 3178 1122 3184 4923 0
4815 3189 1125 2926 2925 1127 147 923 0
3189 4929 3190 1125 1127 3193 1128 147 0
1125 3190 4921 3173 147 1128 3180 1118 0
2926 1125 3173 4816 923 147 1118 2928 0
2925 1127 147 923 4809 3192 1126 2910 0
1127 3193 1128 147 3192 4930 3191 1126 0
147 1128 3180 1118 1126 3191 4924 3179 0
923 147 1118 2928 2910 1126 3179 4810 0
1117 3176 4923 3178 148 1129 3195 1132 0
3179 1117 3178 4924 1131 148 1132 3198 0
4810 2915 1117 3179 2912 914 148 1131 0
2915 4759 3176 1117 914 2782 1129 148 0
3195 1132 148 1129 4931 3196 1130 3194 0
1132 3198 1131 148 3196 4932 3197 1130 0
148 1131 2912 914 1130 3197 4776 2846 0
1129 148 914 2782 3194 1130 2846 4735 0
1122 3184 4927 3186 149 1133 3200 1136 0
3187 1122 3186 4928 1135 149 1136 3203 0
4924 3178 1122 3187 3198 1132 149 1135 0
3178 4923 3184 1122 1132 3195 1133 149 0
3200 1136 149 1133 4881 3201 1134 3199 0
1136 3203 1135 149 3201 4933 3202 1134 0
149 1135 3198 1132 1134 3202 4932 3196 0
1133 149 1132 3195 3199 1134 3196 4931 0
1126 3179 4924 3191 150 1131 3198 1139 0
3192 1126 3191 4930 1138 150 1139 3206 0
4809 2910 1126 3192 2909 909 150 1138 0
2910 4810 3179 1126 909 2912 1131 150 0
3198 1139 150 1131 4932 3204 1137 3197 0
1139 3206 1138 150 3204 4934 3205 1137 0
150 1138 2909 909 1137 3205 4777 2827 0
1131 150 909 2912 3197 1137 2827 4776 0
4925 3207 1140 3183 3188 1143 151 1124 0
3207 4935 3209 1140 1143 3214 1144 151 0
1140 3209 4936 3208 151 1144 3211 1141 0
3183 1140 3208 4926 1124 151 1141 3185 0
3188 1143 151 1124 4928 3213 1142 3186 0
1143 3214 1144 151 3213 4938 3212 1142 0
151 1144 3211 1141 1142 3212 4937 3210 0
1124 151 1141 3185 3186 1142 3210 4927 0
1142 3210 4937 3212 152 1145 3215 1148 0
3213 1142 3212 4938 1147 152 1148 3218 0
4928 3186 1142 3213 3203 1136 152 1147 0
3186 4927 3210 1142 1136 3200 1145 152 0
3215 1148 152 1145 4879 3216 1146 3076 0
1148 3218 1147 152 3216 4939 3217 1146 0
152 1147 3203 1136 1146 3217 4933 3201 0
1145 152 1136 3200 3076 1146 3201 4881 0
2991 974 2993 4845 1149 153 1153 3219 0
4846 2995 974 2991 3221 1152 153 1149 0
2995 4848 2994 974 1152 3225 1151 153 0
974 2994 4847 2993 153 1151 3226 1153 0
3219 1149 153 1153 4940 3220 1150 3223 0
1149 3221 1152 153 3220 4941 3222 1150 0
153 1152 3225 1151 1150 3222 4942 3224 0
1153 153 1151 3226 3223 1150 3224 4943 0
3002 980 2995 4846 1154 154 1152 3221 0
4840 2981 980 3002 3032 1006 154 1154 0
2981 4839 3003 980 1006 3034 1156 154 0
980 3003 4848 2995 154 1156 3225 1152 0
3221 1154 154 1152 4941 3227 1155 3222 0
1154 3032 1006 154 3227 4862 3035 1155 0
154 1006 3034 1156 1155 3035 4863 3228 0
1152 154 1156 3225 3222 1155 3228 4942 0
4847 2994 991 3015 3226 1151 155 1160 0
2994 4848 3017 991 1151 3225 1159 155 0
991 3017 4856 3016 155 1159 3232 1158 0
3015 991 3016 4855 1160 155 1158 3233 0
3226 1151 155 1160 4943 3224 1157 3230 0
1151 3225 1159 155 3224 4942 3229 1157 0
155 1159 3232 1158 1157 3229 4944 3231 0
1160 155 1158 3233 3230 1157 3231 4945 0
4848 3003 996 3017 3225 1156 156 1159 0
3003 4839 2987 996 1156 3034 1024 156 0
996 2987 4842 3023 156 1024 3060 1162 0
3017 996 3023 4856 1159 156 1162 3232 0
3225 1156 156 1159 4942 3228 1161 3229 0
1156 3034 1024 156 3228 4863 3061 1161 0
156 1024 3060 1162 1161 3061 4875 3234 0
1159 156 1162 3232 3229 1161 3234 4944 0
3220 4941 3222 1150 1163 3237 1166 157 0
1150 3222 4942 3224 157 1166 3241 1165 0
3223 1150 3224 4943 1167 157 1165 3242 0
4940 3220 1150 3223 3235 1163 157 1167 0
3237 1166 157 1163 4947 3238 1164 3236 0
1166 3241 1165 157 3238 4948 3240 1164 0
157 1165 3242 1167 1164 3240 4949 3239 0
1163 157 1167 3235 3236 1164 3239 4946 0
3227 4862 3035 1155 1168 3040 1011 158 0
1155 3035 4863 3228 158 1011 3042 1170 0
3222 1155 3228 4942 1166 158 1170 3241 0
4941 3227 1155 3222 3237 1168 158 1166 0
3040 1011 158 1168 4866 3043 1169 3243 0
1011 3042 1170 158 3043 4867 3244 1169 0
158 1170 3241 1166 1169 3244 4948 3238 0
1168 158 1166 3237 3243 1169 3238 4947 0
3224 4942 3229 1157 1165 3241 1173 159 0
1157 3229 4944 3231 159 1173 3248 1172 0
3230 1157 3231 4945 1174 159 1172 3249 0
4943 3224 1157 3230 3242 1165 159 1174 0
3241 1173 159 1165 4948 3245 1171 3240 0
1173 3248 1172 159 3245 4950 3247 1171 0
159 1172 3249 1174 1171 3247 4951 3246 0
1165 159 1174 3242 3240 1171 3246 4949 0
3228 4863 3061 1161 1170 3042 1028 160 0
1161 3061 4875 3234 160 1028 3065 1176 0
3229 1161 3234 4944 1173 160 1176 3248 0
4942 3228 1161 3229 3241 1170 160 1173 0
3042 1028 160 1170 4867 3066 1175 3244 0
1028 3065 1176 160 3066 4877 3250 1175 0
160 1176 3248 1173 1175 3250 4950 3245 0
1170 160 1173 3241 3244 1175 3245 4948 0
4953 3251 1177 3252 3262 1180 161 1182 0
3251 4952 3254 1177 1180 3261 1181 161 0
1177 3254 4955 3253 161 1181 3257 1178 0
3252 1177 3253 4954 1182 161 1178 3255 0
3262 1180 161 1182 4959 3260 1179 3259 0
1180 3261 1181 161 3260 4958 3258 1179 0
161 1181 3257 1178 1179 3258 4957 3256 0
1182 161 1178 3255 3259 1179 3256 4956 0
4952 3263 1183 3254 3261 1186 162 1181 0
3263 4960 3265 1183 1186 3270 1187 162 0
1183 3265 4961 3264 162 1187 3267 1184 0
3254 1183 3264 4955 1181 162 1184 3257 0
3261 1186 162 1181 4958 3269 1185 3258 0
1186 3270 1187 162 3269 4963 3268 1185 0
162 1187 3267 1184 1185 3268 4962 3266 0
1181 162 1184 3257 3258 1185 3266 4957 0
4842 2986 1188 3271 2988 972 163 1191 0
2986 4841 3272 1188 972 2984 1190 163 0
1188 3272 4952 3251 163 1190 3261 1180 0
3271 1188 3251 4953 1191 163 1180 3262 0
2988 972 163 1191 4836 2973 1189 3274 0
972 2984 1190 163 2973 4835 3273 1189 0
163 1190 3261 1180 1189 3273 4958 3260 0
1191 163 1180 3262 3274 1189 3260 4959 0
1179 3256 4957 3258 164 1192 3277 1195 0
3260 1179 3258 4958 1194 164 1195 3281 0
4959 3259 1179 3260 3282 1196 164 1194 0
3259 4956 3256 1179 1196 3275 1192 164 0
3277 1195 164 1192 4965 3278 1193 3276 0
1195 3281 1194 164 3278 4966 3280 1193 0
164 1194 3282 1196 1193 3280 4967 3279 0
1192 164 1196 3275 3276 1193 3279 4964 0
1189 3260 4958 3273 165 1194 3281 1198 0
2973 1189 3273 4835 963 165 1198 2971 0
4836 3274 1189 2973 2975 1199 165 963 0
3274 4959 3260 1189 1199 3282 1194 165 0
3281 1198 165 1194 4966 3283 1197 3280 0
1198 2971 963 165 3283 4834 2969 1197 0
165 963 2975 1199 1197 2969 4833 3284 0
1194 165 1199 3282 3280 1197 3284 4967 0
4969 3285 1200 3286 3296 1203 166 1205 0
3285 4968 3288 1200 1203 3295 1204 166 0
1200 3288 4971 3287 166 1204 3291 1201 0
3286 1200 3287 4970 1205 166 1201 3289 0
3296 1203 166 1205 4975 3294 1202 3293 0
1203 3295 1204 166 3294 4974 3292 1202 0
166 1204 3291 1201 1202 3292 4973 3290 0
1205 166 1201 3289 3293 1202 3290 4972 0
4968 3297 1206 3288 3295 1209 167 1204 0
3297 4953 3252 1206 1209 3262 1182 167 0
1206 3252 4954 3298 167 1182 3255 1207 0
3288 1206 3298 4971 1204 167 1207 3291 0
3295 1209 167 1204 4974 3300 1208 3292 0
1209 3262 1182 167 3300 4959 3259 1208 0
167 1182 3255 1207 1208 3259 4956 3299 0
1204 167 1207 3291 3292 1208 3299 4973 0
4855 3016 1210 3301 3019 992 168 1213 0
3016 4856 3302 1210 992 3018 1212 168 0
1210 3302 4968 3285 168 1212 3295 1203 0
3301 1210 3285 4969 1213 168 1203 3296 0
3019 992 168 1213 4858 3020 1211 3304 0
992 3018 1212 168 3020 4857 3303 1211 0
168 1212 3295 1203 1211 3303 4974 3294 0
1213 168 1203 3296 3304 1211 3294 4975 0
4856 3023 1214 3302 3018 997 169 1212 0
3023 4842 3271 1214 997 2988 1191 169 0
1214 3271 4953 3297 169 1191 3262 1209 0
3302 1214 3297 4968 1212 169 1209 3295 0
3018 997 169 1212 4857 3024 1215 3303 0
997 2988 1191 169 3024 4836 3274 1215 0
169 1191 3262 1209 1215 3274 4959 3300 0
1212 169 1209 3295 3303 1215 3300 4974 0
1202 3290 4973 3292 170 1216 3307 1219 0
3294 1202 3292 4974 1218 170 1219 3311 0
4975 3293 1202 3294 3312 1220 170 1218 0
3293 4972 3290 1202 1220 3305 1216 170 0
3307 1219 170 1216 4977 3308 1217 3306 0
1219 3311 1218 170 3308 4978 3309 1217 0
170 1218 3312 1220 1217 3309 4979 3310 0
1216 170 1220 3305 3306 1217 3310 4976 0
1208 3299 4956 3259 171 1221 3275 1196 0
3300 1208 3259 4959 1223 171 1196 3282 0
4974 3292 1208 3300 3311 1219 171 1223 0
3292 4973 3299 1208 1219 3307 1221 171 0
3275 1196 171 1221 4964 3279 1222 3313 0
1196 3282 1223 171 3279 4967 3314 1222 0
171 1223 3311 1219 1222 3314 4978 3308 0
1221 171 1219 3307 3313 1222 3308 4977 0
1211 3294 4974 3303 172 1218 3311 1225 0
3020 1211 3303 4857 999 172 1225 3025 0
4858 3304 1211 3020 3026 1226 172 999 0
3304 4975 3294 1211 1226 3312 1218 172 0
3311 1225 172 1218 4978 3315 1224 3309 0
1225 3025 999 172 3315 4859 3027 1224 0
172 999 3026 1226 1224 3027 4860 3316 0
1218 172 1226 3312 3309 1224 3316 4979 0
1215 3300 4959 3274 173 1223 3282 1199 0
3024 1215 3274 4836 1003 173 1199 2975 0
4857 3303 1215 3024 3025 1225 173 1003 0
3303 4974 3300 1215 1225 3311 1223 173 0
3282 1199 173 1223 4967 3284 1227 3314 0
1199 2975 1003 173 3284 4833 3030 1227 0
173 1003 3025 1225 1227 3030 4859 3315 0
1223 173 1225 3311 3314 1227 3315 4978 0
4952 3263 1183 3254 3322 1230 174 1231 0
3263 4960 3265 1183 1230 3323 1232 174 0
1183 3265 4961 3264 174 1232 3317 1228 0
3254 1183 3264 4955 1231 174 1228 3319 0
3322 1230 174 1231 4981 3321 1229 3320 0
1230 3323 1232 174 3321 4937 3211 1229 0
174 1232 3317 1228 1229 3211 4936 3318 0
1231 174 1228 3319 3320 1229 3318 4980 0
4953 3251 1177 3252 3328 1235 175 1236 0
3251 4952 3254 1177 1235 3322 1231 175 0
1177 3254 4955 3253 175 1231 3319 1233 0
3252 1177 3253 4954 1236 175 1233 3325 0
3328 1235 175 1236 4983 3327 1234 3326 0
1235 3322 1231 175 3327 4981 3320 1234 0
175 1231 3319 1233 1234 3320 4980 3324 0
1236 175 1233 3325 3326 1234 3324 4982 0
4841 3071 1237 3272 3063 1032 176 1239 0
3071 4880 3329 1237 1032 3072 1240 176 0
1237 3329 4960 3263 176 1240 3323 1230 0
3272 1237 3263 4952 1239 176 1230 3322 0
3063 1032 176 1239 4876 3070 1238 3330 0
1032 3072 1240 176 3070 4879 3215 1238 0
176 1240 3323 1230 1238 3215 4937 3321 0
1239 176 1230 3322 3330 1238 3321 4981 0
4842 2986 1188 3271 3060 1025 177 1242 0
2986 4841 3272 1188 1025 3063 1239 177 0
1188 3272 4952 3251 177 1239 3322 1235 0
3271 1188 3251 4953 1242 177 1235 3328 0
3060 1025 177 1242 4875 3062 1241 3331 0
1025 3063 1239 177 3062 4876 3330 1241 0
177 1239 3322 1235 1241 3330 4981 3327 0
1242 177 1235 3328 3331 1241 3327 4983 0
3320 1229 3318 4980 1246 178 1243 3333 0
4981 3321 1229 3320 3336 1245 178 1246 0
3321 4937 3211 1229 1245 3210 1141 178 0
1229 3211 4936 3318 178 1141 3208 1243 0
3333 1246 178 1243 4984 3334 1244 3332 0
1246 3336 1245 178 3334 4985 3335 1244 0
178 1245 3210 1141 1244 3335 4927 3185 0
1243 178 1141 3208 3332 1244 3185 4926 0
3326 1234 3324 4982 1250 179 1247 3338 0
4983 3327 1234 3326 3341 1249 179 1250 0
3327 4981 3320 1234 1249 3336 1246 179 0
1234 3320 4980 3324 179 1246 3333 1247 0
3338 1250 179 1247 4986 3339 1248 3337 0
1250 3341 1249 179 3339 4987 3340 1248 0
179 1249 3336 1246 1248 3340 4985 3334 0
1247 179 1246 3333 3337 1248 3334 4984 0
3330 1238 3321 4981 1252 180 1245 3336 0
4876 3070 1238 3330 3068 1036 180 1252 0
3070 4879 3215 1238 1036 3076 1145 180 0
1238 3215 4937 3321 180 1145 3210 1245 0
3336 1252 180 1245 4985 3342 1251 3335 0
1252 3068 1036 180 3342 4878 3075 1251 0
180 1036 3076 1145 1251 3075 4881 3200 0
1245 180 1145 3210 3335 1251 3200 4927 0
3331 1241 3327 4983 1254 181 1249 3341 0
4875 3062 1241 3331 3065 1029 181 1254 0
3062 4876 3330 1241 1029 3068 1252 181 0
1241 3330 4981 3327 181 1252 3336 1249 0
3341 1254 181 1249 4987 3343 1253 3340 0
1254 3065 1029 181 3343 4877 3067 1253 0
181 1029 3068 1252 1253 3067 4878 3342 0
1249 181 1252 3336 3340 1253 3342 4985 0
4968 3297 1206 3288 3348 1257 182 1258 0
3297 4953 3252 1206 1257 3328 1236 182 0
1206 3252 4954 3298 182 1236 3325 1255 0
3288 1206 3298 4971 1258 182 1255 3345 0
3348 1257 182 1258 4989 3347 1256 3346 0
1257 3328 1236 182 3347 4983 3326 1256 0
182 1236 3325 1255 1256 3326 4982 3344 0
1258 182 1255 3345 3346 1256 3344 4988 0
4969 3285 1200 3286 3353 1261 183 1262 0
3285 4968 3288 1200 1261 3348 1258 183 0
1200 3288 4971 3287 183 1258 3345 1259 0
3286 1200 3287 4970 1262 183 1259 3350 0
3353 1261 183 1262 4991 3352 1260 3351 0
1261 3348 1258 183 3352 4989 3346 1260 0
183 1258 3345 1259 1260 3346 4988 3349 0
1262 183 1259 3350 3351 1260 3349 4990 0
4856 3023 1214 3302 3232 1162 184 1264 0
3023 4842 3271 1214 1162 3060 1242 184 0
1214 3271 4953 3297 184 1242 3328 1257 0
3302 1214 3297 4968 1264 184 1257 3348 0
3232 1162 184 1264 4944 3234 1263 3354 0
1162 3060 1242 184 3234 4875 3331 1263 0
184 1242 3328 1257 1263 3331 4983 3347 0
1264 184 1257 3348 3354 1263 3347 4989 0
4855 3016 1210 3301 3233 1158 185 1266 0
3016 4856 3302 1210 1158 3232 1264 185 0
1210 3302 4968 3285 185 1264 3348 1261 0
3301 1210 3285 4969 1266 185 1261 3353 0
3233 1158 185 1266 4945 3231 1265 3355 0
1158 3232 1264 185 3231 4944 3354 1265 0
185 1264 3348 1261 1265 3354 4989 3352 0
1266 185 1261 3353 3355 1265 3352 4991 0
3346 1256 3344 4988 1270 186 1267 3357 0
4989 3347 1256 3346 3360 1269 186 1270 0
3347 4983 3326 1256 1269 3341 1250 186 0
1256 3326 4982 3344 186 1250 3338 1267 0
3357 1270 186 1267 4992 3358 1268 3356 0
1270 3360 1269 186 3358 4993 3359 1268 0
186 1269 3341 1250 1268 3359 4987 3339 0
1267 186 1250 3338 3356 1268 3339 4986 0
3351 1260 3349 4990 1274 187 1271 3362 0
4991 3352 1260 3351 3365 1273 187 1274 0
3352 4989 3346 1260 1273 3360 1270 187 0
1260 3346 4988 3349 187 1270 3357 1271 0
3362 1274 187 1271 4994 3363 1272 3361 0
1274 3365 1273 187 3363 4995 3364 1272 0
187 1273 3360 1270 1272 3364 4993 3358 0
1271 187 1270 3357 3361 1272 3358 4992 0
3354 1263 3347 4989 1276 188 1269 3360 0
4944 3234 1263 3354 3248 1176 188 1276 0
3234 4875 3331 1263 1176 3065 1254 188 0
1263 3331 4983 3347 188 1254 3341 1269 0
3360 1276 188 1269 4993 3366 1275 3359 0
1276 3248 1176 188 3366 4950 3250 1275 0
188 1176 3065 1254 1275 3250 4877 3343 0
1269 188 1254 3341 3359 1275 3343 4987 0
3355 1265 3352 4991 1278 189 1273 3365 0
4945 3231 1265 3355 3249 1172 189 1278 0
3231 4944 3354 1265 1172 3248 1276 189 0
1265 3354 4989 3352 189 1276 3360 1273 0
3365 1278 189 1273 4995 3367 1277 3364 0
1278 3249 1172 189 3367 4951 3247 1277 0
189 1172 3248 1276 1277 3247 4950 3366 0
1273 189 1276 3360 3364 1277 3366 4993 0
4997 3368 1279 3369 3379 1282 190 1284 0
3368 4996 3371 1279 1282 3378 1283 190 0
1279 3371 4999 3370 190 1283 3374 1280 0
3369 1279 3370 4998 1284 190 1280 3372 0
3379 1282 190 1284 5003 3377 1281 3376 0
1282 3378 1283 190 3377 5002 3375 1281 0
190 1283 3374 1280 1281 3375 5001 3373 0
1284 190 1280 3372 3376 1281 3373 5000 0
4996 3380 1285 3371 3378 1288 191 1283 0
3380 4647 2520 1285 1288 2518 594 191 0
1285 2520 4648 3381 191 594 2519 1286 0
3371 1285 3381 4999 1283 191 1286 3374 0
3378 1288 191 1283 5002 3383 1287 3375 0
1288 2518 594 191 3383 4643 2510 1287 0
191 594 2519 1286 1287 2510 4644 3382 0
1283 191 1286 3374 3375 1287 3382 5001 0
5005 3384 1289 3385 3391 1291 192 1293 0
3384 5004 3386 1289 1291 3390 1292 192 0
1289 3386 4996 3368 192 1292 3378 1282 0
3385 1289 3368 4997 1293 192 1282 3379 0
3391 1291 192 1293 5007 3389 1290 3388 0
1291 3390 1292 192 3389 5006 3387 1290 0
192 1292 3378 1282 1290 3387 5002 3377 0
1293 192 1282 3379 3388 1290 3377 5003 0
5004 3392 1294 3386 3390 1296 193 1292 0
3392 4649 2524 1294 1296 2523 598 193 0
1294 2524 4647 3380 193 598 2518 1288 0
3386 1294 3380 4996 1292 193 1288 3378 0
3390 1296 193 1292 5006 3393 1295 3387 0
1296 2523 598 193 3393 4646 2516 1295 0
193 598 2518 1288 1295 2516 4643 3383 0
1292 193 1288 3378 3387 1295 3383 5002 0
1281 3373 5001 3375 194 1297 3396 1300 0
3377 1281 3375 5002 1299 194 1300 3400 0
5003 3376 1281 3377 3401 1301 194 1299 0
3376 5000 3373 1281 1301 3394 1297 194 0
3396 1300 194 1297 5009 3397 1298 3395 0
1300 3400 1299 194 3397 5010 3399 1298 0
194 1299 3401 1301 1298 3399 5011 3398 0
1297 194 1301 3394 3395 1298 3398 5008 0
1287 3382 4644 2510 195 1302 2509 586 0
3383 1287 2510 4643 1304 195 586 2508 0
5002 3375 1287 3383 3400 1300 195 1304 0
3375 5001 3382 1287 1300 3396 1302 195 0
2509 586 195 1302 4641 2506 1303 3402 0
586 2508 1304 195 2506 4642 3403 1303 0
195 1304 3400 1300 1303 3403 5010 3397 0
1302 195 1300 3396 3402 1303 3397 5009 0
1290 3377 5002 3387 196 1299 3400 1307 0
3389 1290 3387 5006 1306 196 1307 3407 0
5007 3388 1290 3389 3408 1308 196 1306 0
3388 5003 3377 1290 1308 3401 1299 196 0
3400 1307 196 1299 5010 3404 1305 3399 0
1307 3407 1306 196 3404 5012 3406 1305 0
196 1306 3408 1308 1305 3406 5013 3405 0
1299 196 1308 3401 3399 1305 3405 5011 0
1295 3383 4643 2516 197 1304 2508 591 0
3393 1295 2516 4646 1310 197 591 2515 0
5006 3387 1295 3393 3407 1307 197 1310 0
3387 5002 3383 1295 1307 3400 1304 197 0
2508 591 197 1304 4642 2513 1309 3403 0
591 2515 1310 197 2513 4645 3409 1309 0
197 1310 3407 1307 1309 3409 5012 3404 0
1304 197 1307 3400 3403 1309 3404 5010 0
5015 3410 1311 3411 3421 1314 198 1316 0
3410 5014 3413 1311 1314 3420 1315 198 0
1311 3413 5017 3412 198 1315 3416 1312 0
3411 1311 3412 5016 1316 198 1312 3414 0
3421 1314 198 1316 5021 3419 1313 3418 0
1314 3420 1315 198 3419 5020 3417 1313 0
198 1315 3416 1312 1313 3417 5019 3415 0
1316 198 1312 3414 3418 1313 3415 5018 0
5014 3422 1317 3413 3420 1320 199 1315 0
3422 4687 2602 1317 1320 2603 653 199 0
1317 2602 4686 3423 199 653 2601 1318 0
3413 1317 3423 5017 1315 199 1318 3416 0
3420 1320 199 1315 5020 3425 1319 3417 0
1320 2603 653 199 3425 4678 2581 1319 0
199 653 2601 1318 1319 2581 4677 3424 0
1315 199 1318 3416 3417 1319 3424 5019 0
5023 3426 1321 3427 3433 1323 200 1325 0
3426 5022 3428 1321 1323 3432 1324 200 0
1321 3428 5014 3410 200 1324 3420 1314 0
3427 1321 3410 5015 1325 200 1314 3421 0
3433 1323 200 1325 5025 3431 1322 3430 0
1323 3432 1324 200 3431 5024 3429 1322 0
200 1324 3420 1314 1322 3429 5020 3419 0
1325 200 1314 3421 3430 1322 3419 5021 0
5022 3434 1326 3428 3432 1328 201 1324 0
3434 4690 2609 1326 1328 2610 658 201 0
1326 2609 4687 3422 201 658 2603 1320 0
3428 1326 3422 5014 1324 201 1320 3420 0
3432 1328 201 1324 5024 3435 1327 3429 0
1328 2610 658 201 3435 4681 2588 1327 0
201 658 2603 1320 1327 2588 4678 3425 0
1324 201 1320 3420 3429 1327 3425 5020 0
1313 3415 5019 3417 202 1329 3437 1331 0
3419 1313 3417 5020 1330 202 1331 3438 0
5021 3418 1313 3419 3439 1332 202 1330 0
3418 5018 3415 1313 1332 3436 1329 202 0
3437 1331 202 1329 4891 3103 1075 3120 0
1331 3438 1330 202 3103 4894 3127 1075 0
202 1330 3439 1332 1075 3127 4903 3124 0
1329 202 1332 3436 3120 1075 3124 4900 0
1319 3424 4677 2581 203 1333 2580 637 0
3425 1319 2581 4678 1334 203 637 2582 0
5020 3417 1319 3425 3438 1331 203 1334 0
3417 5019 3424 1319 1331 3437 1333 203 0
2580 637 203 1333 4659 2539 1059 3099 0
637 2582 1334 203 2539 4653 3106 1059 0
203 1334 3438 1331 1059 3106 4894 3103 0
1333 203 1331 3437 3099 1059 3103 4891 0
1322 3419 5020 3429 204 1330 3438 1336 0
3431 1322 3429 5024 1335 204 1336 3440 0
5025 3430 1322 3431 3441 1337 204 1335 0
3430 5021 3419 1322 1337 3439 1330 204 0
3438 1336 204 1330 4894 3113 1083 3127 0
1336 3440 1335 204 3113 4898 3137 1083 0
204 1335 3441 1337 1083 3137 4907 3134 0
1330 204 1337 3439 3127 1083 3134 4903 0
1327 3425 4678 2588 205 1334 2582 642 0
3435 1327 2588 4681 1338 205 642 2589 0
5024 3429 1327 3435 3440 1336 205 1338 0
3429 5020 3425 1327 1336 3438 1334 205 0
2582 642 205 1334 4653 2528 1067 3106 0
642 2589 1338 205 2528 4652 3116 1067 0
205 1338 3440 1336 1067 3116 4898 3113 0
1334 205 1336 3438 3106 1067 3113 4894 0
5024 3431 1335 3440 3445 1340 206 1341 0
3431 5025 3441 1335 1340 3446 1342 206 0
1335 3441 4907 3137 206 1342 3161 1104 0
3440 1335 3137 4898 1341 206 1104 3164 0
3445 1340 206 1341 5026 3444 1339 3442 0
1340 3446 1342 206 3444 5027 3443 1339 0
206 1342 3161 1104 1339 3443 4917 3163 0
1341 206 1104 3164 3442 1339 3163 4918 0
4681 3435 1338 2589 2805 1344 207 822 0
3435 5024 3440 1338 1344 3445 1341 207 0
1338 3440 4898 3116 207 1341 3164 1111 0
2589 1338 3116 4652 822 207 1111 2739 0
2805 1344 207 822 4768 3447 1343 2807 0
1344 3445 1341 207 3447 5026 3442 1343 0
207 1341 3164 1111 1343 3442 4918 3171 0
822 207 1111 2739 2807 1343 3171 4744 0
3426 1323 3432 5022 1346 208 1347 3451 0
5023 3433 1323 3426 3452 1348 208 1346 0
3433 5025 3431 1323 1348 3446 1340 208 0
1323 3431 5024 3432 208 1340 3445 1347 0
3451 1346 208 1347 5028 3450 1345 3448 0
1346 3452 1348 208 3450 5029 3449 1345 0
208 1348 3446 1340 1345 3449 5027 3444 0
1347 208 1340 3445 3448 1345 3444 5026 0
3434 1328 2610 4690 1350 209 834 2817 0
5022 3432 1328 3434 3451 1347 209 1350 0
3432 5024 3435 1328 1347 3445 1344 209 0
1328 3435 4681 2610 209 1344 2805 834 0
2817 1350 209 834 4772 3453 1349 2819 0
1350 3451 1347 209 3453 5028 3448 1349 0
209 1347 3445 1344 1349 3448 5026 3447 0
834 209 1344 2805 2819 1349 3447 4768 0
3442 1339 3163 4918 1353 210 1108 3169 0
5026 3444 1339 3442 3457 1352 210 1353 0
3444 5027 3443 1339 1352 3458 1354 210 0
1339 3443 4917 3163 210 1354 3166 1108 0
3169 1353 210 1108 4920 3454 1351 3168 0
1353 3457 1352 210 3454 5030 3456 1351 0
210 1352 3458 1354 1351 3456 5031 3455 0
1108 210 1354 3166 3168 1351 3455 4919 0
2807 1343 3171 4744 828 211 1113 2749 0
4768 3447 1343 2807 2811 1356 211 828 0
3447 5026 3442 1343 1356 3457 1353 211 0
1343 3442 4918 3171 211 1353 3169 1113 0
2749 828 211 1113 4748 2813 1355 3172 0
828 2811 1356 211 2813 4770 3459 1355 0
211 1356 3457 1353 1355 3459 5030 3454 0
1113 211 1353 3169 3172 1355 3454 4920 0
3448 1345 3444 5026 1359 212 1352 3457 0
5028 3450 1345 3448 3463 1358 212 1359 0
3450 5029 3449 1345 1358 3464 1360 212 0
1345 3449 5027 3444 212 1360 3458 1352 0
3457 1359 212 1352 5030 3460 1357 3456 0
1359 3463 1358 212 3460 5032 3462 1357 0
212 1358 3464 1360 1357 3462 5033 3461 0
1352 212 1360 3458 3456 1357 3461 5031 0
2819 1349 3447 4768 840 213 1356 2811 0
4772 3453 1349 2819 2823 1362 213 840 0
3453 5028 3448 1349 1362 3463 1359 213 0
1349 3448 5026 3447 213 1359 3457 1356 0
2811 840 213 1356 4770 2825 1361 3459 0
840 2823 1362 213 2825 4774 3465 1361 0
213 1362 3463 1359 1361 3465 5032 3460 0
1356 213 1359 3457 3459 1361 3460 5030 0
4949 3466 1363 3246 3240 1366 214 1171 0
3466 5034 3468 1363 1366 3473 1367 214 0
1363 3468 5035 3467 214 1367 3470 1364 0
3246 1363 3467 4951 1171 214 1364 3247 0
3240 1366 214 1171 4948 3472 1365 3245 0
1366 3473 1367 214 3472 5037 3471 1365 0
214 1367 3470 1364 1365 3471 5036 3469 0
1171 214 1364 3247 3245 1365 3469 4950 0
5034 3474 1368 3468 3473 1371 215 1367 0
3474 4699 2644 1368 1371 2637 686 215 0
1368 2644 4705 3475 215 686 2647 1369 0
3468 1368 3475 5035 1367 215 1369 3470 0
3473 1371 215 1367 5037 3477 1370 3471 0
1371 2637 686 215 3477 4702 2645 1370 0
215 686 2647 1369 1370 2645 4706 3476 0
1367 215 1369 3470 3471 1370 3476 5036 0
4946 3478 1372 3239 3236 1374 216 1164 0
3478 5038 3479 1372 1374 3482 1375 216 0
1372 3479 5034 3466 216 1375 3473 1366 0
3239 1372 3466 4949 1164 216 1366 3240 0
3236 1374 216 1164 4947 3481 1373 3238 0
1374 3482 1375 216 3481 5039 3480 1373 0
216 1375 3473 1366 1373 3480 5037 3472 0
1164 216 1366 3240 3238 1373 3472 4948 0
5038 3483 1376 3479 3482 1378 217 1375 0
3483 4700 2632 1376 1378 2634 678 217 0
1376 2632 4699 3474 217 678 2637 1371 0
3479 1376 3474 5034 1375 217 1371 3473 0
3482 1378 217 1375 5039 3484 1377 3480 0
1378 2634 678 217 3484 4701 2635 1377 0
217 678 2637 1371 1377 2635 4702 3477 0
1375 217 1371 3473 3480 1377 3477 5037 0
1365 3469 5036 3471 218 1379 3486 1382 0
3472 1365 3471 5037 1381 218 1382 3489 0
4948 3245 1365 3472 3244 1175 218 1381 0
3245 4950 3469 1365 1175 3250 1379 218 0
3486 1382 218 1379 5040 3487 1380 3485 0
1382 3489 1381 218 3487 5041 3488 1380 0
218 1381 3244 1175 1380 3488 4867 3066 0
1379 218 1175 3250 3485 1380 3066 4877 0
1370 3476 4706 2645 219 1383 2663 700 0
3477 1370 2645 4702 1385 219 700 2657 0
5037 3471 1370 3477 3489 1382 219 1385 0
3471 5036 3476 1370 1382 3486 1383 219 0
2663 700 219 1383 4712 2661 1384 3490 0
700 2657 1385 219 2661 4710 3491 1384 0
219 1385 3489 1382 1384 3491 5041 3487 0
1383 219 1382 3486 3490 1384 3487 5040 0
1373 3472 5037 3480 220 1381 3489 1388 0
3481 1373 3480 5039 1387 220 1388 3494 0
4947 3238 1373 3481 3243 1169 220 1387 0
3238 4948 3472 1373 1169 3244 1381 220 0
3489 1388 220 1381 5041 3492 1386 3488 0
1388 3494 1387 220 3492 5042 3493 1386 0
220 1387 3243 1169 1386 3493 4866 3043 0
1381 220 1169 3244 3488 1386 3043 4867 0
1377 3477 4702 2635 221 1385 2657 694 0
3484 1377 2635 4701 1390 221 694 2654 0
5039 3480 1377 3484 3494 1388 221 1390 0
3480 5037 3477 1377 1388 3489 1385 221 0
2657 694 221 1385 4710 2655 1389 3491 0
694 2654 1390 221 2655 4709 3495 1389 0
221 1390 3494 1388 1389 3495 5042 3492 0
1385 221 1388 3489 3491 1389 3492 5041 0
5044 3496 1391 3497 3507 1394 222 1396 0
3496 5043 3499 1391 1394 3506 1395 222 0
1391 3499 5046 3498 222 1395 3502 1392 0
3497 1391 3498 5045 1396 222 1392 3500 0
3507 1394 222 1396 5050 3505 1393 3504 0
1394 3506 1395 222 3505 5049 3503 1393 0
222 1395 3502 1392 1393 3503 5048 3501 0
1396 222 1392 3500 3504 1393 3501 5047 0
5043 3508 1397 3499 3506 1400 223 1395 0
3508 5051 3510 1397 1400 3515 1401 223 0
1397 3510 5052 3509 223 1401 3512 1398 0
3499 1397 3509 5046 1395 223 1398 3502 0
3506 1400 223 1395 5049 3514 1399 3503 0
1400 3515 1401 223 3514 5054 3513 1399 0
223 1401 3512 1398 1399 3513 5053 3511 0
1395 223 1398 3502 3503 1399 3511 5048 0
5008 3394 1402 3516 3395 1297 224 1405 0
3394 5000 3517 1402 1297 3373 1404 224 0
1402 3517 5043 3496 224 1404 3506 1394 0
3516 1402 3496 5044 1405 224 1394 3507 0
3395 1297 224 1405 5009 3396 1403 3519 0
1297 3373 1404 224 3396 5001 3518 1403 0
224 1404 3506 1394 1403 3518 5049 3505 0
1405 224 1394 3507 3519 1403 3505 5050 0
5000 3372 1406 3517 3373 1280 225 1404 0
3372 4998 3520 1406 1280 3370 1408 225 0
1406 3520 5051 3508 225 1408 3515 1400 0
3517 1406 3508 5043 1404 225 1400 3506 0
3373 1280 225 1404 5001 3374 1407 3518 0
1280 3370 1408 225 3374 4999 3521 1407 0
225 1408 3515 1400 1407 3521 5054 3514 0
1404 225 1400 3506 3518 1407 3514 5049 0
1393 3501 5048 3503 226 1409 3524 1412 0
3505 1393 3503 5049 1411 226 1412 3528 0
5050 3504 1393 3505 3529 1413 226 1411 0
3504 5047 3501 1393 1413 3522 1409 226 0
3524 1412 226 1409 5056 3525 1410 3523 0
1412 3528 1411 226 3525 5057 3527 1410 0
226 1411 3529 1413 1410 3527 5058 3526 0
1409 226 1413 3522 3523 1410 3526 5055 0
1399 3511 5053 3513 227 1414 3531 1417 0
3514 1399 3513 5054 1416 227 1417 3534 0
5049 3503 1399 3514 3528 1412 227 1416 0
3503 5048 3511 1399 1412 3524 1414 227 0
3531 1417 227 1414 5059 3532 1415 3530 0
1417 3534 1416 227 3532 5060 3533 1415 0
227 1416 3528 1412 1415 3533 5057 3525 0
1414 227 1412 3524 3530 1415 3525 5056 0
1403 3505 5049 3518 228 1411 3528 1419 0
3396 1403 3518 5001 1302 228 1419 3382 0
5009 3519 1403 3396 3402 1420 228 1302 0
3519 5050 3505 1403 1420 3529 1411 228 0
3528 1419 228 1411 5057 3535 1418 3527 0
1419 3382 1302 228 3535 4644 2509 1418 0
228 1302 3402 1420 1418 2509 4641 3536 0
1411 228 1420 3529 3527 1418 3536 5058 0
1407 3514 5054 3521 229 1416 3534 1422 0
3374 1407 3521 4999 1286 229 1422 3381 0
5001 3518 1407 3374 3382 1419 229 1286 0
3518 5049 3514 1407 1419 3528 1416 229 0
3534 1422 229 1416 5060 3537 1421 3533 0
1422 3381 1286 229 3537 4648 2519 1421 0
229 1286 3382 1419 1421 2519 4644 3535 0
1416 229 1419 3528 3533 1421 3535 5057 0
5018 3538 1423 3414 3418 1426 230 1316 0
3538 5061 3540 1423 1426 3545 1427 230 0
1423 3540 5062 3539 230 1427 3542 1424 0
3414 1423 3539 5016 1316 230 1424 3411 0
3418 1426 230 1316 5021 3544 1425 3421 0
1426 3545 1427 230 3544 5064 3543 1425 0
230 1427 3542 1424 1425 3543 5063 3541 0
1316 230 1424 3411 3421 1425 3541 5015 0
5061 3546 1428 3540 3545 1431 231 1427 0
3546 5051 3510 1428 1431 3508 1397 231 0
1428 3510 5052 3547 231 1397 3509 1429 0
3540 1428 3547 5062 1427 231 1429 3542 0
3545 1431 231 1427 5064 3549 1430 3543 0
1431 3508 1397 231 3549 5043 3499 1430 0
231 1397 3509 1429 1430 3499 5046 3548 0
1427 231 1429 3542 3543 1430 3548 5063 0
4900 3550 1432 3436 3124 1434 232 1332 0
3550 5065 3551 1432 1434 3554 1435 232 0
1432 3551 5061 3538 232 1435 3545 1426 0
3436 1432 3538 5018 1332 232 1426 3418 0
3124 1434 232 1332 4903 3553 1433 3439 0
1434 3554 1435 232 3553 5066 3552 1433 0
232 1435 3545 1426 1433 3552 5064 3544 0
1332 232 1426 3418 3439 1433 3544 5021 0
5065 3555 1436 3551 3554 1438 233 1435 0
3555 4998 3520 1436 1438 3372 1406 233 0
1436 3520 5051 3546 233 1406 3508 1431 0
3551 1436 3546 5061 1435 233 1431 3545 0
3554 1438 233 1435 5066 3556 1437 3552 0
1438 3372 1406 233 3556 5000 3517 1437 0
233 1406 3508 1431 1437 3517 5043 3549 0
1435 233 1431 3545 3552 1437 3549 5064 0
1425 3541 5063 3543 234 1439 3558 1442 0
3544 1425 3543 5064 1441 234 1442 3561 0
5021 3421 1425 3544 3430 1325 234 1441 0
3421 5015 3541 1425 1325 3427 1439 234 0
3558 1442 234 1439 5067 3559 1440 3557 0
1442 3561 1441 234 3559 5068 3560 1440 0
234 1441 3430 1325 1440 3560 5025 3433 0
1439 234 1325 3427 3557 1440 3433 5023 0
1430 3548 5046 3499 235 1443 3498 1391 0
3549 1430 3499 5043 1445 235 1391 3496 0
5064 3543 1430 3549 3561 1442 235 1445 0
3543 5063 3548 1430 1442 3558 1443 235 0
3498 1391 235 1443 5045 3497 1444 3562 0
1391 3496 1445 235 3497 5044 3563 1444 0
235 1445 3561 1442 1444 3563 5068 3559 0
1443 235 1442 3558 3562 1444 3559 5067 0
1433 3544 5064 3552 236 1441 3561 1448 0
3553 1433 3552 5066 1447 236 1448 3566 0
4903 3439 1433 3553 3134 1337 236 1447 0
3439 5021 3544 1433 1337 3430 1441 236 0
3561 1448 236 1441 5068 3564 1446 3560 0
1448 3566 1447 236 3564 5069 3565 1446 0
236 1447 3134 1337 1446 3565 4907 3441 0
1441 236 1337 3430 3560 1446 3441 5025 0
1437 3549 5043 3517 237 1445 3496 1402 0
3556 1437 3517 5000 1450 237 1402 3394 0
5066 3552 1437 3556 3566 1448 237 1450 0
3552 5064 3549 1437 1448 3561 1445 237 0
3496 1402 237 1445 5044 3516 1449 3563 0
1402 3394 1450 237 3516 5008 3567 1449 0
237 1450 3566 1448 1449 3567 5069 3564 0
1445 237 1448 3561 3563 1449 3564 5068 0
5066 3553 1447 3566 3572 1453 238 1454 0
3553 4903 3134 1447 1453 3125 1080 238 0
1447 3134 4907 3565 238 1080 3135 1451 0
3566 1447 3565 5069 1454 238 1451 3569 0
3572 1453 238 1454 5071 3571 1452 3570 0
1453 3125 1080 238 3571 4902 3133 1452 0
238 1080 3135 1451 1452 3133 4906 3568 0
1454 238 1451 3569 3570 1452 3568 5070 0
5000 3556 1450 3394 3376 1457 239 1301 0
3556 5066 3566 1450 1457 3572 1454 239 0
1450 3566 5069 3567 239 1454 3569 1455 0
3394 1450 3567 5008 1301 239 1455 3398 0
3376 1457 239 1301 5003 3574 1456 3401 0
1457 3572 1454 239 3574 5071 3570 1456 0
239 1454 3569 1455 1456 3570 5070 3573 0
1301 239 1455 3398 3401 1456 3573 5011 0
3550 1434 3554 5065 1459 240 1460 3577 0
4900 3124 1434 3550 3121 1072 240 1459 0
3124 4903 3553 1434 1072 3125 1453 240 0
1434 3553 5066 3554 240 1453 3572 1460 0
3577 1459 240 1460 5072 3576 1458 3575 0
1459 3121 1072 240 3576 4901 3123 1458 0
240 1072 3125 1453 1458 3123 4902 3571 0
1460 240 1453 3572 3575 1458 3571 5071 0
3555 1438 3372 4998 1462 241 1284 3369 0
5065 3554 1438 3555 3577 1460 241 1462 0
3554 5066 3556 1438 1460 3572 1457 241 0
1438 3556 5000 3372 241 1457 3376 1284 0
3369 1462 241 1284 4997 3578 1461 3379 0
1462 3577 1460 241 3578 5072 3575 1461 0
241 1460 3572 1457 1461 3575 5071 3574 0
1284 241 1457 3376 3379 1461 3574 5003 0
3570 1452 3568 5070 1466 242 1463 3580 0
5071 3571 1452 3570 3583 1465 242 1466 0
3571 4902 3133 1452 1465 3131 1084 242 0
1452 3133 4906 3568 242 1084 3139 1463 0
3580 1466 242 1463 5073 3581 1464 3579 0
1466 3583 1465 242 3581 5074 3582 1464 0
242 1465 3131 1084 1464 3582 4905 3138 0
1463 242 1084 3139 3579 1464 3138 4908 0
3401 1456 3573 5011 1308 243 1467 3405 0
5003 3574 1456 3401 3388 1469 243 1308 0
3574 5071 3570 1456 1469 3583 1466 243 0
1456 3570 5070 3573 243 1466 3580 1467 0
3405 1308 243 1467 5013 3408 1468 3584 0
1308 3388 1469 243 3408 5007 3585 1468 0
243 1469 3583 1466 1468 3585 5074 3581 0
1467 243 1466 3580 3584 1468 3581 5073 0
3575 1458 3571 5071 1472 244 1465 3583 0
5072 3576 1458 3575 3588 1471 244 1472 0
3576 4901 3123 1458 1471 3128 1077 244 0
1458 3123 4902 3571 244 1077 3131 1465 0
3583 1472 244 1465 5074 3586 1470 3582 0
1472 3588 1471 244 3586 5075 3587 1470 0
244 1471 3128 1077 1470 3587 4904 3130 0
1465 244 1077 3131 3582 1470 3130 4905 0
3379 1461 3574 5003 1293 245 1469 3388 0
4997 3578 1461 3379 3385 1474 245 1293 0
3578 5072 3575 1461 1474 3588 1472 245 0
1461 3575 5071 3574 245 1472 3583 1469 0
3388 1293 245 1469 5007 3391 1473 3585 0
1293 3385 1474 245 3391 5005 3589 1473 0
245 1474 3588 1472 1473 3589 5075 3586 0
1469 245 1472 3583 3585 1473 3586 5074 0
4759 3176 1129 2782 2779 1477 246 799 0
3176 4923 3195 1129 1477 3593 1476 246 0
1129 3195 4931 3194 246 1476 3594 1478 0
2782 1129 3194 4735 799 246 1478 2718 0
2779 1477 246 799 4756 3590 1475 2774 0
1477 3593 1476 246 3590 5076 3592 1475 0
246 1476 3594 1478 1475 3592 5077 3591 0
799 246 1478 2718 2774 1475 3591 4729 0
3174 1116 2798 4765 1481 247 813 2795 0
4922 3177 1116 3174 3597 1480 247 1481 0
3177 4923 3176 1116 1480 3593 1477 247 0
1116 3176 4759 2798 247 1477 2779 813 0
2795 1481 247 813 4762 3595 1479 2790 0
1481 3597 1480 247 3595 5078 3596 1479 0
247 1480 3593 1477 1479 3596 5076 3590 0
813 247 1477 2779 2790 1479 3590 4756 0
4923 3184 1133 3195 3593 1483 248 1476 0
3184 4927 3200 1133 1483 3335 1251 248 0
1133 3200 4881 3199 248 1251 3075 1484 0
3195 1133 3199 4931 1476 248 1484 3594 0
3593 1483 248 1476 5076 3598 1482 3592 0
1483 3335 1251 248 3598 4985 3342 1482 0
248 1251 3075 1484 1482 3342 4878 3599 0
1476 248 1484 3594 3592 1482 3599 5077 0
3182 1121 3177 4922 1486 249 1480 3597 0
4926 3185 1121 3182 3332 1244 249 1486 0
3185 4927 3184 1121 1244 3335 1483 249 0
1121 3184 4923 3177 249 1483 3593 1480 0
3597 1486 249 1480 5078 3600 1485 3596 0
1486 3332 1244 249 3600 4984 3334 1485 0
249 1244 3335 1483 1485 3334 4985 3598 0
1480 249 1483 3593 3596 1485 3598 5076 0
4756 3590 1475 2774 2771 1489 250 792 0
3590 5076 3592 1475 1489 3603 1488 250 0
1475 3592 5077 3591 250 1488 3604 1490 0
2774 1475 3591 4729 792 250 1490 2705 0
2771 1489 250 792 4724 3601 1487 2695 0
1489 3603 1488 250 3601 5079 3602 1487 0
250 1488 3604 1490 1487 3602 5040 3490 0
792 250 1490 2705 2695 1487 3490 4712 0
4762 3595 1479 2790 2787 1493 251 806 0
3595 5078 3596 1479 1493 3607 1492 251 0
1479 3596 5076 3590 251 1492 3603 1489 0
2790 1479 3590 4756 806 251 1489 2771 0
2787 1493 251 806 4721 3605 1491 2688 0
1493 3607 1492 251 3605 5080 3606 1491 0
251 1492 3603 1489 1491 3606 5079 3601 0
806 251 1489 2771 2688 1491 3601 4724 0
5076 3598 1482 3592 3603 1495 252 1488 0
3598 4985 3342 1482 1495 3340 1253 252 0
1482 3342 4878 3599 252 1253 3067 1496 0
3592 1482 3599 5077 1488 252 1496 3604 0
3603 1495 252 1488 5079 3608 1494 3602 0
1495 3340 1253 252 3608 4987 3343 1494 0
252 1253 3067 1496 1494 3343 4877 3485 0
1488 252 1496 3604 3602 1494 3485 5040 0
5078 3600 1485 3596 3607 1498 253 1492 0
3600 4984 3334 1485 1498 3337 1248 253 0
1485 3334 4985 3598 253 1248 3340 1495 0
3596 1485 3598 5076 1492 253 1495 3603 0
3607 1498 253 1492 5080 3609 1497 3606 0
1498 3337 1248 253 3609 4986 3339 1497 0
253 1248 3340 1495 1497 3339 4987 3608 0
1492 253 1495 3603 3606 1497 3608 5079 0
5044 3610 1499 3516 3507 1502 254 1405 0
3610 5081 3612 1499 1502 3617 1503 254 0
1499 3612 5082 3611 254 1503 3614 1500 0
3516 1499 3611 5008 1405 254 1500 3395 0
3507 1502 254 1405 5050 3616 1501 3519 0
1502 3617 1503 254 3616 5084 3615 1501 0
254 1503 3614 1500 1501 3615 5083 3613 0
1405 254 1500 3395 3519 1501 3613 5009 0
5081 3618 1504 3612 3617 1507 255 1503 0
3618 5085 3620 1504 1507 3625 1508 255 0
1504 3620 5086 3619 255 1508 3622 1505 0
3612 1504 3619 5082 1503 255 1505 3614 0
3617 1507 255 1503 5084 3624 1506 3615 0
1507 3625 1508 255 3624 5088 3623 1506 0
255 1508 3622 1505 1506 3623 5087 3621 0
1503 255 1505 3614 3615 1506 3621 5083 0
5045 3626 1509 3497 3500 1511 256 1396 0
3626 5089 3627 1509 1511 3630 1512 256 0
1509 3627 5081 3610 256 1512 3617 1502 0
3497 1509 3610 5044 1396 256 1502 3507 0
3500 1511 256 1396 5047 3629 1510 3504 0
1511 3630 1512 256 3629 5090 3628 1510 0
256 1512 3617 1502 1510 3628 5084 3616 0
1396 256 1502 3507 3504 1510 3616 5050 0
5089 3631 1513 3627 3630 1515 257 1512 0
3631 5091 3632 1513 1515 3635 1516 257 0
1513 3632 5085 3618 257 1516 3625 1507 0
3627 1513 3618 5081 1512 257 1507 3617 0
3630 1515 257 1512 5090 3634 1514 3628 0
1515 3635 1516 257 3634 5092 3633 1514 0
257 1516 3625 1507 1514 3633 5088 3624 0
1512 257 1507 3617 3628 1514 3624 5084 0
1501 3613 5083 3615 258 1517 3636 1520 0
3616 1501 3615 5084 1519 258 1520 3639 0
5050 3519 1501 3616 3529 1420 258 1519 0
3519 5009 3613 1501 1420 3402 1517 258 0
3636 1520 258 1517 4888 3637 1518 3092 0
1520 3639 1519 258 3637 5093 3638 1518 0
258 1519 3529 1420 1518 3638 5058 3536 0
1517 258 1420 3402 3092 1518 3536 4641 0
1506 3621 5087 3623 259 1521 3641 1524 0
3624 1506 3623 5088 1523 259 1524 3644 0
5084 3615 1506 3624 3639 1520 259 1523 0
3615 5083 3621 1506 1520 3636 1521 259 0
3641 1524 259 1521 5094 3642 1522 3640 0
1524 3644 1523 259 3642 5095 3643 1522 0
259 1523 3639 1520 1522 3643 5093 3637 0
1521 259 1520 3636 3640 1522 3637 4888 0
1510 3616 5084 3628 260 1519 3639 1527 0
3629 1510 3628 5090 1526 260 1527 3647 0
5047 3504 1510 3629 3522 1413 260 1526 0
3504 5050 3616 1510 1413 3529 1519 260 0
3639 1527 260 1519 5093 3645 1525 3638 0
1527 3647 1526 260 3645 5096 3646 1525 0
260 1526 3522 1413 1525 3646 5055 3526 0
1519 260 1413 3529 3638 1525 3526 5058 0
1514 3624 5088 3633 261 1523 3644 1530 0
3634 1514 3633 5092 1529 261 1530 3650 0
5090 3628 1514 3634 3647 1527 261 1529 0
3628 5084 3624 1514 1527 3639 1523 261 0
3644 1530 261 1523 5095 3648 1528 3643 0
1530 3650 1529 261 3648 5097 3649 1528 0
261 1529 3647 1527 1528 3649 5096 3645 0
1523 261 1527 3639 3643 1528 3645 5093 0
5081 3618 1504 3612 3657 1533 262 1534 0
3618 5085 3620 1504 1533 3658 1535 262 0
1504 3620 5086 3619 262 1535 3651 1531 0
3612 1504 3619 5082 1534 262 1531 3653 0
3657 1533 262 1534 5100 3656 1532 3654 0
1533 3658 1535 262 3656 5101 3655 1532 0
262 1535 3651 1531 1532 3655 5098 3652 0
1534 262 1531 3653 3654 1532 3652 5099 0
5044 3610 1499 3516 3563 1538 263 1449 0
3610 5081 3612 1499 1538 3657 1534 263 0
1499 3612 5082 3611 263 1534 3653 1536 0
3516 1499 3611 5008 1449 263 1536 3567 0
3563 1538 263 1449 5068 3660 1537 3564 0
1538 3657 1534 263 3660 5100 3654 1537 0
263 1534 3653 1536 1537 3654 5099 3659 0
1449 263 1536 3567 3564 1537 3659 5069 0
5089 3631 1513 3627 3664 1540 264 1541 0
3631 5091 3632 1513 1540 3665 1542 264 0
1513 3632 5085 3618 264 1542 3658 1533 0
3627 1513 3618 5081 1541 264 1533 3657 0
3664 1540 264 1541 5102 3663 1539 3661 0
1540 3665 1542 264 3663 5103 3662 1539 0
264 1542 3658 1533 1539 3662 5101 3656 0
1541 264 1533 3657 3661 1539 3656 5100 0
5045 3626 1509 3497 3562 1544 265 1444 0
3626 5089 3627 1509 1544 3664 1541 265 0
1509 3627 5081 3610 265 1541 3657 1538 0
3497 1509 3610 5044 1444 265 1538 3563 0
3562 1544 265 1444 5067 3666 1543 3559 0
1544 3664 1541 265 3666 5102 3661 1543 0
265 1541 3657 1538 1543 3661 5100 3660 0
1444 265 1538 3563 3559 1543 3660 5068 0
3654 1532 3652 5099 1547 266 1545 3668 0
5100 3656 1532 3654 3669 1546 266 1547 0
3656 5101 3655 1532 1546 3670 1548 266 0
1532 3655 5098 3652 266 1548 3667 1545 0
3668 1547 266 1545 4917 3443 1354 3166 0
1547 3669 1546 266 3443 5027 3458 1354 0
266 1546 3670 1548 1354 3458 5031 3455 0
1545 266 1548 3667 3166 1354 3455 4919 0
3564 1537 3659 5069 1446 267 1549 3565 0
5068 3660 1537 3564 3560 1550 267 1446 0
3660 5100 3654 1537 1550 3669 1547 267 0
1537 3654 5099 3659 267 1547 3668 1549 0
3565 1446 267 1549 4907 3441 1342 3161 0
1446 3560 1550 267 3441 5025 3446 1342 0
267 1550 3669 1547 1342 3446 5027 3443 0
1549 267 1547 3668 3161 1342 3443 4917 0
3661 1539 3656 5100 1552 268 1546 3669 0
5102 3663 1539 3661 3671 1551 268 1552 0
3663 5103 3662 1539 1551 3672 1553 268 0
1539 3662 5101 3656 268 1553 3670 1546 0
3669 1552 268 1546 5027 3449 1360 3458 0
1552 3671 1551 268 3449 5029 3464 1360 0
268 1551 3672 1553 1360 3464 5033 3461 0
1546 268 1553 3670 3458 1360 3461 5031 0
3559 1543 3660 5068 1440 269 1550 3560 0
5067 3666 1543 3559 3557 1554 269 1440 0
3666 5102 3661 1543 1554 3671 1552 269 0
1543 3661 5100 3660 269 1552 3669 1550 0
3560 1440 269 1550 5025 3433 1348 3446 0
1440 3557 1554 269 3433 5023 3452 1348 0
269 1554 3671 1552 1348 3452 5029 3449 0
1550 269 1552 3669 3446 1348 3449 5027 0
4993 3366 1275 3359 3675 1556 270 1557 0
3366 4950 3250 1275 1556 3469 1379 270 0
1275 3250 4877 3343 270 1379 3485 1494 0
3359 1275 3343 4987 1557 270 1494 3608 0
3675 1556 270 1557 5104 3674 1555 3673 0
1556 3469 1379 270 3674 5036 3486 1555 0
270 1379 3485 1494 1555 3486 5040 3602 0
1557 270 1494 3608 3673 1555 3602 5079 0
4992 3358 1268 3356 3678 1559 271 1560 0
3358 4993 3359 1268 1559 3675 1557 271 0
1268 3359 4987 3339 271 1557 3608 1497 0
3356 1268 3339 4986 1560 271 1497 3609 0
3678 1559 271 1560 5105 3677 1558 3676 0
1559 3675 1557 271 3677 5104 3673 1558 0
271 1557 3608 1497 1558 3673 5079 3606 0
1560 271 1497 3609 3676 1558 3606 5080 0
4995 3367 1277 3364 3681 1562 272 1563 0
3367 4951 3247 1277 1562 3467 1364 272 0
1277 3247 4950 3366 272 1364 3469 1556 0
3364 1277 3366 4993 1563 272 1556 3675 0
3681 1562 272 1563 5106 3680 1561 3679 0
1562 3467 1364 272 3680 5035 3470 1561 0
272 1364 3469 1556 1561 3470 5036 3674 0
1563 272 1556 3675 3679 1561 3674 5104 0
4994 3363 1272 3361 3684 1565 273 1566 0
3363 4995 3364 1272 1565 3681 1563 273 0
1272 3364 4993 3358 273 1563 3675 1559 0
3361 1272 3358 4992 1566 273 1559 3678 0
3684 1565 273 1566 5107 3683 1564 3682 0
1565 3681 1563 273 3683 5106 3679 1564 0
273 1563 3675 1559 1564 3679 5104 3677 0
1566 273 1559 3678 3682 1564 3677 5105 0
3673 1555 3602 5079 1568 274 1487 3601 0
5104 3674 1555 3673 3685 1567 274 1568 0
3674 5036 3486 1555 1567 3476 1383 274 0
1555 3486 5040 3602 274 1383 3490 1487 0
3601 1568 274 1487 4724 2691 727 2695 0
1568 3685 1567 274 2691 4720 2683 727 0
274 1567 3476 1383 727 2683 4706 2663 0
1487 274 1383 3490 2695 727 2663 4712 0
3676 1558 3606 5080 1570 275 1491 3605 0
5105 3677 1558 3676 3686 1569 275 1570 0
3677 5104 3673 1558 1569 3685 1568 275 0
1558 3673 5079 3606 275 1568 3601 1491 0
3605 1570 275 1491 4721 2684 721 2688 0
1570 3686 1569 275 2684 4717 2672 721 0
275 1569 3685 1568 721 2672 4720 2691 0
1491 275 1568 3601 2688 721 2691 4724 0
3679 1561 3674 5104 1572 276 1567 3685 0
5106 3680 1561 3679 3687 1571 276 1572 0
3680 5035 3470 1561 1571 3475 1369 276 0
1561 3470 5036 3674 276 1369 3476 1567 0
3685 1572 276 1567 4720 2675 714 2683 0
1572 3687 1571 276 2675 4714 2680 714 0
276 1571 3475 1369 714 2680 4705 2647 0
1567 276 1369 3476 2683 714 2647 4706 0
3682 1564 3677 5105 1574 277 1569 3686 0
5107 3683 1564 3682 3688 1573 277 1574 0
3683 5106 3679 1564 1573 3687 1572 277 0
1564 3679 5104 3677 277 1572 3685 1569 0
3686 1574 277 1569 4717 2668 706 2672 0
1574 3688 1573 277 2668 4715 2665 706 0
277 1573 3687 1572 706 2665 4714 2675 0
1569 277 1572 3685 2672 706 2675 4720 0
5109 3689 1575 3690 3700 1578 278 1580 0
3689 5108 3692 1575 1578 3699 1579 278 0
1575 3692 5111 3691 278 1579 3693 1576 0
3690 1575 3691 5110 1580 278 1576 3695 0
3700 1578 278 1580 5115 3698 1577 3697 0
1578 3699 1579 278 3698 5114 3696 1577 0
278 1579 3693 1576 1577 3696 5112 3694 0
1580 278 1576 3695 3697 1577 3694 5113 0
5096 3646 1581 3701 3645 1525 279 1584 0
3646 5055 3702 1581 1525 3526 1583 279 0
1581 3702 5108 3689 279 1583 3699 1578 0
3701 1581 3689 5109 1584 279 1578 3700 0
3645 1525 279 1584 5093 3638 1582 3704 0
1525 3526 1583 279 3638 5058 3703 1582 0
279 1583 3699 1578 1582 3703 5114 3698 0
1584 279 1578 3700 3704 1582 3698 5115 0
1577 3694 5112 3696 280 1585 3705 1587 0
3698 1577 3696 5114 1586 280 1587 3707 0
5115 3697 1577 3698 3708 1588 280 1586 0
3697 5113 3694 1577 1588 3706 1585 280 0
3705 1587 280 1585 4625 2476 1052 3097 0
1587 3707 1586 280 2476 4627 3094 1052 0
280 1586 3708 1588 1052 3094 4889 3096 0
1585 280 1588 3706 3097 1052 3096 4890 0
1582 3698 5114 3703 281 1586 3707 1589 0
3638 1582 3703 5058 1518 281 1589 3536 0
5093 3704 1582 3638 3637 1590 281 1518 0
3704 5115 3698 1582 1590 3708 1586 281 0
3707 1589 281 1586 4627 2505 1049 3094 0
1589 3536 1518 281 2505 4641 3092 1049 0
281 1518 3637 1590 1049 3092 4888 3093 0
1586 281 1590 3708 3094 1049 3093 4889 0
4730 2719 760 2729 3715 1593 282 1594 0
2719 4736 2737 760 1593 3716 1595 282 0
760 2737 4742 2735 282 1595 3709 1591 0
2729 760 2735 4739 1594 282 1591 3711 0
3715 1593 282 1594 5118 3714 1592 3712 0
1593 3716 1595 282 3714 5119 3713 1592 0
282 1595 3709 1591 1592 3713 5116 3710 0
1594 282 1591 3711 3712 1592 3710 5117 0
4710 2706 753 2655 3491 1598 283 1389 0
2706 4730 2729 753 1598 3715 1594 283 0
753 2729 4739 2727 283 1594 3711 1596 0
2655 753 2727 4709 1389 283 1596 3495 0
3491 1598 283 1389 5041 3718 1597 3492 0
1598 3715 1594 283 3718 5118 3712 1597 0
283 1594 3711 1596 1597 3712 5117 3717 0
1389 283 1596 3495 3492 1597 3717 5042 0
2718 746 2708 4729 1478 284 1600 3591 0
4735 2721 746 2718 3194 1601 284 1478 0
2721 4736 2719 746 1601 3716 1593 284 0
746 2719 4730 2708 284 1593 3715 1600 0
3591 1478 284 1600 5077 3594 1599 3719 0
1478 3194 1601 284 3594 4931 3720 1599 0
284 1601 3716 1593 1599 3720 5119 3714 0
1600 284 1593 3715 3719 1599 3714 5118 0
2705 737 2661 4712 1490 285 1384 3490 0
4729 2708 737 2705 3591 1600 285 1490 0
2708 4730 2706 737 1600 3715 1598 285 0
737 2706 4710 2661 285 1598 3491 1384 0
3490 1490 285 1384 5040 3604 1602 3487 0
1490 3591 1600 285 3604 5077 3719 1602 0
285 1600 3715 1598 1602 3719 5118 3718 0
1384 285 1598 3491 3487 1602 3718 5041 0
3712 1592 3710 5117 1605 286 1603 3722 0
5118 3714 1592 3712 3723 1604 286 1605 0
3714 5119 3713 1592 1604 3724 1606 286 0
1592 3713 5116 3710 286 1606 3721 1603 0
3722 1605 286 1603 4865 3046 1023 3056 0
1605 3723 1604 286 3046 4868 3057 1023 0
286 1604 3724 1606 1023 3057 4874 3059 0
1603 286 1606 3721 3056 1023 3059 4873 0
3492 1597 3717 5042 1386 287 1607 3493 0
5041 3718 1597 3492 3488 1608 287 1386 0
3718 5118 3712 1597 1608 3723 1605 287 0
1597 3712 5117 3717 287 1605 3722 1607 0
3493 1386 287 1607 4866 3043 1014 3041 0
1386 3488 1608 287 3043 4867 3044 1014 0
287 1608 3723 1605 1014 3044 4868 3046 0
1607 287 1605 3722 3041 1014 3046 4865 0
3719 1599 3714 5118 1609 288 1604 3723 0
5077 3594 1599 3719 3599 1484 288 1609 0
3594 4931 3720 1599 1484 3199 1610 288 0
1599 3720 5119 3714 288 1610 3724 1604 0
3723 1609 288 1604 4868 3069 1038 3057 0
1609 3599 1484 288 3069 4878 3075 1038 0
288 1484 3199 1610 1038 3075 4881 3077 0
1604 288 1610 3724 3057 1038 3077 4874 0
3487 1602 3718 5041 1380 289 1608 3488 0
5040 3604 1602 3487 3485 1496 289 1380 0
3604 5077 3719 1602 1496 3599 1609 289 0
1602 3719 5118 3718 289 1609 3723 1608 0
3488 1380 289 1608 4867 3066 1031 3044 0
1380 3485 1496 289 3066 4877 3067 1031 0
289 1496 3599 1609 1031 3067 4878 3069 0
1608 289 1609 3723 3044 1031 3069 4868 0
5121 3725 1611 3726 3730 1615 290 1612 0
3725 5120 3728 1611 1615 3733 1614 290 0
1611 3728 5123 3727 290 1614 3734 1616 0
3726 1611 3727 5122 1612 290 1616 3729 0
3730 1615 290 1612 4915 3731 1613 3167 0
1615 3733 1614 290 3731 5124 3732 1613 0
290 1614 3734 1616 1613 3732 5098 3667 0
1612 290 1616 3729 3167 1613 3667 4919 0
5060 3537 1421 3533 3739 1620 291 1618 0
3537 4648 2519 1421 1620 2522 597 291 0
1421 2519 4644 3535 291 597 2512 1619 0
3533 1421 3535 5057 1618 291 1619 3738 0
3739 1620 291 1618 5126 3736 1617 3737 0
1620 2522 597 291 3736 4638 2496 1617 0
291 597 2512 1619 1617 2496 4630 3735 0
1618 291 1619 3738 3737 1617 3735 5125 0
5057 3535 1418 3527 3738 1619 292 1622 0
3535 4644 2509 1418 1619 2512 589 292 0
1418 2509 4641 3536 292 589 2505 1589 0
3527 1418 3536 5058 1622 292 1589 3703 0
3738 1619 292 1622 5125 3735 1621 3740 0
1619 2512 589 292 3735 4630 2480 1621 0
292 589 2505 1589 1621 2480 4627 3707 0
1622 292 1589 3703 3740 1621 3707 5114 0
5059 3532 1415 3530 3745 1626 293 1624 0
3532 5060 3533 1415 1626 3739 1618 293 0
1415 3533 5057 3525 293 1618 3738 1625 0
3530 1415 3525 5056 1624 293 1625 3744 0
3745 1626 293 1624 5128 3742 1623 3743 0
1626 3739 1618 293 3742 5126 3737 1623 0
293 1618 3738 1625 1623 3737 5125 3741 0
1624 293 1625 3744 3743 1623 3741 5127 0
5056 3525 1410 3523 3744 1625 294 1628 0
3525 5057 3527 1410 1625 3738 1622 294 0
1410 3527 5058 3526 294 1622 3703 1583 0
3523 1410 3526 5055 1628 294 1583 3702 0
3744 1625 294 1628 5127 3741 1627 3746 0
1625 3738 1622 294 3741 5125 3740 1627 0
294 1622 3703 1583 1627 3740 5114 3699 0
1628 294 1583 3702 3746 1627 3699 5108 0
1617 2496 4630 3735 295 580 2483 1631 0
3737 1617 3735 5125 1630 295 1631 3750 0
5126 3736 1617 3737 3751 1632 295 1630 0
3736 4638 2496 1617 1632 2499 580 295 0
2483 1631 295 580 4624 3747 1629 2493 0
1631 3750 1630 295 3747 5129 3748 1629 0
295 1630 3751 1632 1629 3748 5130 3749 0
580 295 1632 2499 2493 1629 3749 4636 0
1621 2480 4627 3707 296 570 2476 1587 0
3740 1621 3707 5114 1634 296 1587 3696 0
5125 3735 1621 3740 3750 1631 296 1634 0
3735 4630 2480 1621 1631 2483 570 296 0
2476 1587 296 570 4625 3705 1633 2473 0
1587 3696 1634 296 3705 5112 3752 1633 0
296 1634 3750 1631 1633 3752 5129 3747 0
570 296 1631 2483 2473 1633 3747 4624 0
1623 3737 5125 3741 297 1630 3750 1637 0
3743 1623 3741 5127 1636 297 1637 3756 0
5128 3742 1623 3743 3757 1638 297 1636 0
3742 5126 3737 1623 1638 3751 1630 297 0
3750 1637 297 1630 5129 3753 1635 3748 0
1637 3756 1636 297 3753 5131 3754 1635 0
297 1636 3757 1638 1635 3754 5132 3755 0
1630 297 1638 3751 3748 1635 3755 5130 0
1627 3740 5114 3699 298 1634 3696 1579 0
3746 1627 3699 5108 1640 298 1579 3692 0
5127 3741 1627 3746 3756 1637 298 1640 0
3741 5125 3740 1627 1637 3750 1634 298 0
3696 1579 298 1634 5112 3693 1639 3752 0
1579 3692 1640 298 3693 5111 3758 1639 0
298 1640 3756 1637 1639 3758 5131 3753 0
1634 298 1637 3750 3752 1639 3753 5129 0
5133 3759 1641 3760 3761 1645 299 1642 0
3759 4884 3091 1641 1645 3765 1644 299 0
1641 3091 4888 3640 299 1644 3636 1521 0
3760 1641 3640 5094 1642 299 1521 3641 0
3761 1645 299 1642 5134 3763 1643 3762 0
1645 3765 1644 299 3763 5135 3764 1643 0
299 1644 3636 1521 1643 3764 5083 3621 0
1642 299 1521 3641 3762 1643 3621 5087 0
4884 3082 1048 3091 3765 1647 300 1644 0
3082 4642 2506 1048 1647 3403 1303 300 0
1048 2506 4641 3092 300 1303 3402 1517 0
3091 1048 3092 4888 1644 300 1517 3636 0
3765 1647 300 1644 5135 3766 1646 3764 0
1647 3403 1303 300 3766 5010 3397 1646 0
300 1303 3402 1517 1646 3397 5009 3613 0
1644 300 1517 3636 3764 1646 3613 5083 0
3080 1040 3081 4883 1650 301 1648 3767 0
4645 2513 1040 3080 3409 1309 301 1650 0
2513 4642 3082 1040 1309 3403 1647 301 0
1040 3082 4884 3081 301 1647 3765 1648 0
3767 1650 301 1648 5136 3769 1649 3768 0
1650 3409 1309 301 3769 5012 3404 1649 0
301 1309 3403 1647 1649 3404 5010 3766 0
1648 301 1647 3765 3768 1649 3766 5135 0
5134 3763 1643 3762 3770 1654 302 1651 0
3763 5135 3764 1643 1654 3774 1653 302 0
1643 3764 5083 3621 302 1653 3614 1505 0
3762 1643 3621 5087 1651 302 1505 3622 0
3770 1654 302 1651 5137 3772 1652 3771 0
1654 3774 1653 302 3772 5138 3773 1652 0
302 1653 3614 1505 1652 3773 5082 3619 0
1651 302 1505 3622 3771 1652 3619 5086 0
5139 3775 1655 3776 3777 1659 303 1656 0
3775 5136 3768 1655 1659 3781 1658 303 0
1655 3768 5135 3763 303 1658 3774 1654 0
3776 1655 3763 5134 1656 303 1654 3770 0
3777 1659 303 1656 5140 3779 1657 3778 0
1659 3781 1658 303 3779 5141 3780 1657 0
303 1658 3774 1654 1657 3780 5138 3772 0
1656 303 1654 3770 3778 1657 3772 5137 0
5135 3766 1646 3764 3774 1661 304 1653 0
3766 5010 3397 1646 1661 3399 1298 304 0
1646 3397 5009 3613 304 1298 3395 1500 0
3764 1646 3613 5083 1653 304 1500 3614 0
3774 1661 304 1653 5138 3782 1660 3773 0
1661 3399 1298 304 3782 5011 3398 1660 0
304 1298 3395 1500 1660 3398 5008 3611 0
1653 304 1500 3614 3773 1660 3611 5082 0
5136 3769 1649 3768 3781 1663 305 1658 0
3769 5012 3404 1649 1663 3406 1305 305 0
1649 3404 5010 3766 305 1305 3399 1661 0
3768 1649 3766 5135 1658 305 1661 3774 0
3781 1663 305 1658 5141 3783 1662 3780 0
1663 3406 1305 305 3783 5013 3405 1662 0
305 1305 3399 1661 1662 3405 5011 3782 0
1658 305 1661 3774 3780 1662 3782 5138 0
5143 3784 1664 3785 3791 1666 306 1668 0
3784 5142 3786 1664 1666 3790 1667 306 0
1664 3786 5116 3721 306 1667 3713 1606 0
3785 1664 3721 4873 1668 306 1606 3059 0
3791 1666 306 1668 5145 3789 1665 3788 0
1666 3790 1667 306 3789 5144 3787 1665 0
306 1667 3713 1606 1665 3787 5119 3724 0
1668 306 1606 3059 3788 1665 3724 4874 0
5142 3792 1669 3786 3790 1671 307 1667 0
3792 4790 2866 1669 1671 2859 870 307 0
1669 2866 4742 3709 307 870 2737 1595 0
3786 1669 3709 5116 1667 307 1595 3713 0
3790 1671 307 1667 5144 3793 1670 3787 0
1671 2859 870 307 3793 4782 2849 1670 0
307 870 2737 1595 1670 2849 4736 3716 0
1667 307 1595 3713 3787 1670 3716 5119 0
5146 3794 1672 3795 3798 1674 308 1675 0
3794 4787 2856 1672 1674 2852 863 308 0
1672 2856 4790 3792 308 863 2859 1671 0
3795 1672 3792 5142 1675 308 1671 3790 0
3798 1674 308 1675 5147 3797 1673 3796 0
1674 2852 863 308 3797 4779 2834 1673 0
308 863 2859 1671 1673 2834 4782 3793 0
1675 308 1671 3790 3796 1673 3793 5144 0
1665 3724 5119 3787 309 1610 3720 1677 0
3789 1665 3787 5144 1676 309 1677 3799 0
5145 3788 1665 3789 3800 1678 309 1676 0
3788 4874 3724 1665 1678 3077 1610 309 0
3720 1677 309 1610 4931 3196 1134 3199 0
1677 3799 1676 309 3196 4932 3202 1134 0
309 1676 3800 1678 1134 3202 4933 3201 0
1610 309 1678 3077 3199 1134 3201 4881 0
1670 3716 4736 2849 310 1601 2721 855 0
3793 1670 2849 4782 1679 310 855 2837 0
5144 3787 1670 3793 3799 1677 310 1679 0
3787 5119 3716 1670 1677 3720 1601 310 0
2721 855 310 1601 4735 2846 1130 3194 0
855 2837 1679 310 2846 4776 3197 1130 0
310 1679 3799 1677 1130 3197 4932 3196 0
1601 310 1677 3720 3194 1130 3196 4931 0
1673 3793 4782 2834 311 1679 2837 846 0
3797 1673 2834 4779 1680 311 846 2830 0
5147 3796 1673 3797 3801 1681 311 1680 0
3796 5144 3793 1673 1681 3799 1679 311 0
2837 846 311 1679 4776 2827 1137 3197 0
846 2830 1680 311 2827 4777 3205 1137 0
311 1680 3801 1681 1137 3205 4934 3204 0
1679 311 1681 3799 3197 1137 3204 4932 0
4911 3152 1107 3162 3804 1683 312 1684 0
3152 4915 3167 1107 1683 3731 1613 312 0
1107 3167 4919 3166 312 1613 3667 1545 0
3162 1107 3166 4917 1684 312 1545 3668 0
3804 1683 312 1684 5148 3803 1682 3802 0
1683 3731 1613 312 3803 5124 3732 1682 0
312 1613 3667 1545 1682 3732 5098 3652 0
1684 312 1545 3668 3802 1682 3652 5099 0
4906 3144 1103 3135 3568 1686 313 1451 0
3144 4911 3162 1103 1686 3804 1684 313 0
1103 3162 4917 3161 313 1684 3668 1549 0
3135 1103 3161 4907 1451 313 1549 3565 0
3568 1686 313 1451 5070 3805 1685 3569 0
1686 3804 1684 313 3805 5148 3802 1685 0
313 1684 3668 1549 1685 3802 5099 3659 0
1451 313 1549 3565 3569 1685 3659 5069 0
3150 1093 3145 4910 1688 314 1689 3809 0
4914 3153 1093 3150 3810 1690 314 1688 0
3153 4915 3152 1093 1690 3731 1683 314 0
1093 3152 4911 3145 314 1683 3804 1689 0
3809 1688 314 1689 5149 3808 1687 3806 0
1688 3810 1690 314 3808 5150 3807 1687 0
314 1690 3731 1683 1687 3807 5124 3803 0
1689 314 1683 3804 3806 1687 3803 5148 0
3142 1088 3139 4908 1692 315 1463 3579 0
4910 3145 1088 3142 3809 1689 315 1692 0
3145 4911 3144 1088 1689 3804 1686 315 0
1088 3144 4906 3139 315 1686 3568 1463 0
3579 1692 315 1463 5073 3811 1691 3580 0
1692 3809 1689 315 3811 5149 3806 1691 0
315 1689 3804 1686 1691 3806 5148 3805 0
1463 315 1686 3568 3580 1691 3805 5070 0
3802 1682 3652 5099 1694 316 1531 3653 0
5148 3803 1682 3802 3812 1693 316 1694 0
3803 5124 3732 1682 1693 3813 1695 316 0
1682 3732 5098 3652 316 1695 3651 1531 0
3653 1694 316 1531 5082 3773 1652 3619 0
1694 3812 1693 316 3773 5138 3772 1652 0
316 1693 3813 1695 1652 3772 5137 3771 0
1531 316 1695 3651 3619 1652 3771 5086 0
3569 1685 3659 5069 1455 317 1536 3567 0
5070 3805 1685 3569 3573 1696 317 1455 0
3805 5148 3802 1685 1696 3812 1694 317 0
1685 3802 5099 3659 317 1694 3653 1536 0
3567 1455 317 1536 5008 3398 1660 3611 0
1455 3573 1696 317 3398 5011 3782 1660 0
317 1696 3812 1694 1660 3782 5138 3773 0
1536 317 1694 3653 3611 1660 3773 5082 0
3806 1687 3803 5148 1698 318 1693 3812 0
5149 3808 1687 3806 3814 1697 318 1698 0
3808 5150 3807 1687 1697 3815 1699 318 0
1687 3807 5124 3803 318 1699 3813 1693 0
3812 1698 318 1693 5138 3780 1657 3772 0
1698 3814 1697 318 3780 5141 3779 1657 0
318 1697 3815 1699 1657 3779 5140 3778 0
1693 318 1699 3813 3772 1657 3778 5137 0
3580 1691 3805 5070 1467 319 1696 3573 0
5073 3811 1691 3580 3584 1700 319 1467 0
3811 5149 3806 1691 1700 3814 1698 319 0
1691 3806 5148 3805 319 1698 3812 1696 0
3573 1467 319 1696 5011 3405 1662 3782 0
1467 3584 1700 319 3405 5013 3783 1662 0
319 1700 3814 1698 1662 3783 5141 3780 0
1696 319 1698 3812 3782 1662 3780 5138 0
5098 3655 1701 3734 3667 1548 320 1616 0
3655 5101 3817 1701 1548 3670 1703 320 0
1701 3817 5151 3816 320 1703 3820 1704 0
3734 1701 3816 5123 1616 320 1704 3727 0
3667 1548 320 1616 4919 3455 1702 3729 0
1548 3670 1703 320 3455 5031 3819 1702 0
320 1703 3820 1704 1702 3819 5152 3818 0
1616 320 1704 3727 3729 1702 3818 5122 0
5101 3662 1705 3817 3670 1553 321 1703 0
3662 5103 3822 1705 1553 3672 1707 321 0
1705 3822 5153 3821 321 1707 3825 1708 0
3817 1705 3821 5151 1703 321 1708 3820 0
3670 1553 321 1703 5031 3461 1706 3819 0
1553 3672 1707 321 3461 5033 3824 1706 0
321 1707 3825 1708 1706 3824 5154 3823 0
1703 321 1708 3820 3819 1706 3823 5152 0
5121 3826 1709 3730 3831 1711 322 1712 0
3826 5155 3827 1709 1711 3832 1713 322 0
1709 3827 4914 3153 322 1713 3151 1096 0
3730 1709 3153 4915 1712 322 1096 3154 0
3831 1711 322 1712 5156 3830 1710 3828 0
1711 3832 1713 322 3830 5157 3829 1710 0
322 1713 3151 1096 1710 3829 4913 3156 0
1712 322 1096 3154 3828 1710 3156 4916 0
5122 3726 1612 3729 3835 1715 323 1716 0
3726 5121 3730 1612 1715 3831 1712 323 0
1612 3730 4915 3167 323 1712 3154 1110 0
3729 1612 3167 4919 1716 323 1110 3168 0
3835 1715 323 1716 5158 3834 1714 3833 0
1715 3831 1712 323 3834 5156 3828 1714 0
323 1712 3154 1110 1714 3828 4916 3170 0
1716 323 1110 3168 3833 1714 3170 4920 0
3828 1710 3156 4916 1718 324 1102 3160 0
5156 3830 1710 3828 3836 1717 324 1718 0
3830 5157 3829 1710 1717 3837 1719 324 0
1710 3829 4913 3156 324 1719 3159 1102 0
3160 1718 324 1102 4750 2887 900 2768 0
1718 3836 1717 324 2887 4800 2897 900 0
324 1717 3837 1719 900 2897 4804 2899 0
1102 324 1719 3159 2768 900 2899 4754 0
3833 1714 3170 4920 1721 325 1114 3172 0
5158 3834 1714 3833 3838 1720 325 1721 0
3834 5156 3828 1714 1720 3836 1718 325 0
1714 3828 4916 3170 325 1718 3160 1114 0
3172 1721 325 1114 4748 2886 888 2755 0
1721 3838 1720 325 2886 4797 2883 888 0
325 1720 3836 1718 888 2883 4800 2887 0
1114 325 1718 3160 2755 888 2887 4750 0
4748 2886 939 2813 3172 1721 326 1355 0
2886 4797 2939 939 1721 3838 1722 326 0
939 2939 4820 2943 326 1722 3839 1724 0
2813 939 2943 4770 1355 326 1724 3459 0
3172 1721 326 1355 4920 3833 1723 3454 0
1721 3838 1722 326 3833 5158 3840 1723 0
326 1722 3839 1724 1723 3840 5159 3841 0
1355 326 1724 3459 3454 1723 3841 5030 0
4770 2943 951 2825 3459 1724 327 1361 0
2943 4820 2951 951 1724 3839 1725 327 0
951 2951 4824 2955 327 1725 3842 1727 0
2825 951 2955 4774 1361 327 1727 3465 0
3459 1724 327 1361 5030 3841 1726 3460 0
1724 3839 1725 327 3841 5159 3843 1726 0
327 1725 3842 1727 1726 3843 5160 3844 0
1361 327 1727 3465 3460 1726 3844 5032 0
1723 3840 5159 3841 328 1728 3845 1729 0
3454 1723 3841 5030 1351 328 1729 3456 0
4920 3833 1723 3454 3168 1716 328 1351 0
3833 5158 3840 1723 1716 3835 1728 328 0
3845 1729 328 1728 5152 3819 1702 3818 0
1729 3456 1351 328 3819 5031 3455 1702 0
328 1351 3168 1716 1702 3455 4919 3729 0
1728 328 1716 3835 3818 1702 3729 5122 0
1726 3843 5160 3844 329 1730 3846 1731 0
3460 1726 3844 5032 1357 329 1731 3462 0
5030 3841 1726 3460 3456 1729 329 1357 0
3841 5159 3843 1726 1729 3845 1730 329 0
3846 1731 329 1730 5154 3824 1706 3823 0
1731 3462 1357 329 3824 5033 3461 1706 0
329 1357 3456 1729 1706 3461 5031 3819 0
1730 329 1729 3845 3823 1706 3819 5152 0
5161 3847 1732 3848 3854 1735 330 1736 0
3847 4631 2491 1732 1735 2486 575 330 0
1732 2491 4634 3849 330 575 2489 1733 0
3848 1732 3849 5162 1736 330 1733 3850 0
3854 1735 330 1736 5164 3853 1734 3852 0
1735 2486 575 330 3853 4632 2488 1734 0
330 575 2489 1733 1734 2488 4633 3851 0
1736 330 1733 3850 3852 1734 3851 5163 0
5165 3855 1737 3856 3862 1740 331 1741 0
3855 4636 2499 1737 1740 2492 578 331 0
1737 2499 4638 3857 331 578 2497 1738 0
3856 1737 3857 5166 1741 331 1738 3858 0
3862 1740 331 1741 5168 3861 1739 3860 0
1740 2492 578 331 3861 4635 2498 1739 0
331 578 2497 1738 1739 2498 4637 3859 0
1741 331 1738 3858 3860 1739 3859 5167 0
5169 3863 1742 3864 3867 1744 332 1745 0
3863 4639 2504 1742 1744 2501 584 332 0
1742 2504 4640 3865 332 584 2502 1743 0
3864 1742 3865 5170 1745 332 1743 3866 0
3867 1744 332 1745 5161 3847 1732 3848 0
1744 2501 584 332 3847 4631 2491 1732 0
332 584 2502 1743 1732 2491 4634 3849 0
1745 332 1743 3866 3848 1732 3849 5162 0
1739 3859 4637 2498 333 1746 2503 583 0
3861 1739 2498 4635 1747 333 583 2500 0
5168 3860 1739 3861 3869 1748 333 1747 0
3860 5167 3859 1739 1748 3868 1746 333 0
2503 583 333 1746 4640 2504 1742 3865 0
583 2500 1747 333 2504 4639 3863 1742 0
333 1747 3869 1748 1742 3863 5169 3864 0
1746 333 1748 3868 3865 1742 3864 5170 0
5162 3849 1749 3870 3850 1733 334 1752 0
3849 4634 2517 1749 1733 2489 593 334 0
1749 2517 4646 3871 334 593 2515 1750 0
3870 1749 3871 5171 1752 334 1750 3872 0
3850 1733 334 1752 5163 3851 1751 3874 0
1733 2489 593 334 3851 4633 2514 1751 0
334 593 2515 1750 1751 2514 4645 3873 0
1752 334 1750 3872 3874 1751 3873 5172 0
5166 3857 1753 3875 3858 1738 335 1756 0
3857 4638 2522 1753 1738 2497 595 335 0
1753 2522 4648 3876 335 595 2520 1754 0
3875 1753 3876 5173 1756 335 1754 3877 0
3858 1738 335 1756 5167 3859 1755 3879 0
1738 2497 595 335 3859 4637 2521 1755 0
335 595 2520 1754 1755 2521 4647 3878 0
1756 335 1754 3877 3879 1755 3878 5174 0
5170 3865 1757 3880 3866 1743 336 1759 0
3865 4640 2525 1757 1743 2502 600 336 0
1757 2525 4649 3881 336 600 2523 1758 0
3880 1757 3881 5175 1759 336 1758 3882 0
3866 1743 336 1759 5162 3849 1749 3870 0
1743 2502 600 336 3849 4634 2517 1749 0
336 600 2523 1758 1749 2517 4646 3871 0
1759 336 1758 3882 3870 1749 3871 5171 0
1755 3878 4647 2521 337 1760 2524 599 0
3859 1755 2521 4637 1746 337 599 2503 0
5167 3879 1755 3859 3868 1761 337 1746 0
3879 5174 3878 1755 1761 3883 1760 337 0
2524 599 337 1760 4649 2525 1757 3881 0
599 2503 1746 337 2525 4640 3865 1757 0
337 1746 3868 1761 1757 3865 5170 3880 0
1760 337 1761 3883 3881 1757 3880 5175 0
5176 3884 1762 3885 3891 1765 338 1766 0
3884 4658 2545 1762 1765 2540 611 338 0
1762 2545 4661 3886 338 611 2543 1763 0
3885 1762 3886 5177 1766 338 1763 3887 0
3891 1765 338 1766 5179 3890 1764 3889 0
1765 2540 611 338 3890 4659 2542 1764 0
338 611 2543 1763 1764 2542 4660 3888 0
1766 338 1763 3887 3889 1764 3888 5178 0
5180 3892 1767 3893 3896 1769 339 1770 0
3892 4666 2558 1767 1769 2555 620 339 0
1767 2558 4667 3894 339 620 2556 1768 0
3893 1767 3894 5181 1770 339 1768 3895 0
3896 1769 339 1770 5176 3884 1762 3885 0
1769 2555 620 339 3884 4658 2545 1762 0
339 620 2556 1768 1762 2545 4661 3886 0
1770 339 1768 3895 3885 1762 3886 5177 0
5182 3897 1771 3898 3904 1774 340 1775 0
3897 4671 2563 1771 1774 2564 622 340 0
1771 2563 4668 3899 340 622 2560 1772 0
3898 1771 3899 5183 1775 340 1772 3900 0
3904 1774 340 1775 5185 3903 1773 3902 0
1774 2564 622 340 3903 4670 2562 1773 0
340 622 2560 1772 1773 2562 4669 3901 0
1775 340 1772 3900 3902 1773 3901 5184 0
5177 3886 1776 3905 3887 1763 341 1779 0
3886 4661 2571 1776 1763 2543 629 341 0
1776 2571 4673 3906 341 629 2569 1777 0
3905 1776 3906 5186 1779 341 1777 3907 0
3887 1763 341 1779 5178 3888 1778 3909 0
1763 2543 629 341 3888 4660 2568 1778 0
341 629 2569 1777 1778 2568 4672 3908 0
1779 341 1777 3907 3909 1778 3908 5187 0
1773 3901 4669 2562 342 1780 2567 627 0
3903 1773 2562 4670 1781 342 627 2570 0
5185 3902 1773 3903 3911 1782 342 1781 0
3902 5184 3901 1773 1782 3910 1780 342 0
2567 627 342 1780 4672 2569 1777 3908 0
627 2570 1781 342 2569 4673 3906 1777 0
342 1781 3911 1782 1777 3906 5186 3907 0
1780 342 1782 3910 3908 1777 3907 5187 0
5188 3912 1783 3913 3916 1785 343 1786 0
3912 4675 2573 1783 1785 2574 630 343 0
1783 2573 4671 3897 343 630 2564 1774 0
3913 1783 3897 5182 1786 343 1774 3904 0
3916 1785 343 1786 5189 3915 1784 3914 0
1785 2574 630 343 3915 4674 2572 1784 0
343 630 2564 1774 1784 2572 4670 3903 0
1786 343 1774 3904 3914 1784 3903 5185 0
5181 3894 1787 3917 3895 1768 344 1789 0
3894 4667 2579 1787 1768 2556 636 344 0
1787 2579 4676 3918 344 636 2577 1788 0
3917 1787 3918 5190 1789 344 1788 3919 0
3895 1768 344 1789 5177 3886 1776 3905 0
1768 2556 636 344 3886 4661 2571 1776 0
344 636 2577 1788 1776 2571 4673 3906 0
1789 344 1788 3919 3905 1776 3906 5186 0
1784 3903 4670 2572 345 1781 2570 634 0
3915 1784 2572 4674 1790 345 634 2578 0
5189 3914 1784 3915 3920 1791 345 1790 0
3914 5185 3903 1784 1791 3911 1781 345 0
2570 634 345 1781 4673 2577 1788 3906 0
634 2578 1790 345 2577 4676 3918 1788 0
345 1790 3920 1791 1788 3918 5190 3919 0
1781 345 1791 3911 3906 1788 3919 5186 0
3884 1765 2540 4658 1794 346 641 2587 0
5176 3891 1765 3884 3925 1795 346 1794 0
3891 5179 3890 1765 1795 3921 1792 346 0
1765 3890 4659 2540 346 1792 2580 641 0
2587 1794 346 641 4680 3924 1793 2584 0
1794 3925 1795 346 3924 5192 3923 1793 0
346 1795 3921 1792 1793 3923 5191 3922 0
641 346 1792 2580 2584 1793 3922 4677 0
3892 1769 2555 4666 1797 347 649 2597 0
5180 3896 1769 3892 3928 1798 347 1797 0
3896 5176 3884 1769 1798 3925 1794 347 0
1769 3884 4658 2555 347 1794 2587 649 0
2597 1797 347 649 4684 3927 1796 2594 0
1797 3928 1798 347 3927 5193 3926 1796 0
347 1798 3925 1794 1796 3926 5192 3924 0
649 347 1794 2587 2594 1796 3924 4680 0
2584 1793 3922 4677 657 348 1799 2601 0
4680 3924 1793 2584 2608 1801 348 657 0
3924 5192 3923 1793 1801 3933 1802 348 0
1793 3923 5191 3922 348 1802 3929 1799 0
2601 657 348 1799 4686 2605 1800 3930 0
657 2608 1801 348 2605 4689 3932 1800 0
348 1801 3933 1802 1800 3932 5195 3931 0
1799 348 1802 3929 3930 1800 3931 5194 0
4686 2605 1800 3930 2602 654 349 1803 0
2605 4689 3932 1800 654 2606 1805 349 0
1800 3932 5195 3931 349 1805 3938 1806 0
3930 1800 3931 5194 1803 349 1806 3934 0
2602 654 349 1803 4687 2604 1804 3935 0
654 2606 1805 349 2604 4688 3937 1804 0
349 1805 3938 1806 1804 3937 5197 3936 0
1803 349 1806 3934 3935 1804 3936 5196 0
4687 2604 1804 3935 2609 659 350 1807 0
2604 4688 3937 1804 659 2612 1809 350 0
1804 3937 5197 3936 350 1809 3943 1810 0
3935 1804 3936 5196 1807 350 1810 3939 0
2609 659 350 1807 4690 2611 1808 3940 0
659 2612 1809 350 2611 4691 3942 1808 0
350 1809 3943 1810 1808 3942 5199 3941 0
1807 350 1810 3939 3940 1808 3941 5198 0
2594 1796 3924 4680 665 351 1801 2608 0
4684 3927 1796 2594 2618 1812 351 665 0
3927 5193 3926 1796 1812 3946 1813 351 0
1796 3926 5192 3924 351 1813 3933 1801 0
2608 665 351 1801 4689 2615 1811 3932 0
665 2618 1812 351 2615 4693 3945 1811 0
351 1812 3946 1813 1811 3945 5200 3944 0
1801 351 1813 3933 3932 1811 3944 5195 0
4689 2615 1811 3932 2606 662 352 1805 0
2615 4693 3945 1811 662 2616 1815 352 0
1811 3945 5200 3944 352 1815 3949 1816 0
3932 1811 3944 5195 1805 352 1816 3938 0
2606 662 352 1805 4688 2614 1814 3937 0
662 2616 1815 352 2614 4692 3948 1814 0
352 1815 3949 1816 1814 3948 5201 3947 0
1805 352 1816 3938 3937 1814 3947 5197 0
4688 2614 1814 3937 2612 666 353 1809 0
2614 4692 3948 1814 666 2620 1818 353 0
1814 3948 5201 3947 353 1818 3952 1819 0
3937 1814 3947 5197 1809 353 1819 3943 0
2612 666 353 1809 4691 2619 1817 3942 0
666 2620 1818 353 2619 4694 3951 1817 0
353 1818 3952 1819 1817 3951 5202 3950 0
1809 353 1819 3943 3942 1817 3950 5199 0
5181 3894 1787 3917 3953 1820 354 1823 0
3894 4667 2579 1787 1820 2622 669 354 0
1787 2579 4676 3918 354 669 2623 1822 0
3917 1787 3918 5190 1823 354 1822 3957 0
3953 1820 354 1823 5203 3954 1821 3955 0
1820 2622 669 354 3954 4695 2624 1821 0
354 669 2623 1822 1821 2624 4696 3956 0
1823 354 1822 3957 3955 1821 3956 5204 0
4676 3918 1822 2623 2578 1790 355 670 0
3918 5190 3957 1822 1790 3920 1826 355 0
1822 3957 5204 3956 355 1826 3958 1824 0
2623 1822 3956 4696 670 355 1824 2626 0
2578 1790 355 670 4674 3915 1825 2625 0
1790 3920 1826 355 3915 5189 3960 1825 0
355 1826 3958 1824 1825 3960 5205 3959 0
670 355 1824 2626 2625 1825 3959 4697 0
3954 4695 2624 1821 1827 2630 674 356 0
1821 2624 4696 3956 356 674 2631 1829 0
3955 1821 3956 5204 1830 356 1829 3965 0
5203 3954 1821 3955 3961 1827 356 1830 0
2630 674 356 1827 4699 2632 1828 3962 0
674 2631 1829 356 2632 4700 3964 1828 0
356 1829 3965 1830 1828 3964 5207 3963 0
1827 356 1830 3961 3962 1828 3963 5206 0
4696 3956 1829 2631 2626 1824 357 675 0
3956 5204 3965 1829 1824 3958 1833 357 0
1829 3965 5207 3964 357 1833 3966 1831 0
2631 1829 3964 4700 675 357 1831 2634 0
2626 1824 357 675 4697 3959 1832 2633 0
1824 3958 1833 357 3959 5205 3968 1832 0
357 1833 3966 1831 1832 3968 5208 3967 0
675 357 1831 2634 2633 1832 3967 4701 0
5180 3892 1767 3893 3969 1834 358 1836 0
3892 4666 2558 1767 1834 2638 679 358 0
1767 2558 4667 3894 358 679 2622 1820 0
3893 1767 3894 5181 1836 358 1820 3953 0
3969 1834 358 1836 5209 3970 1835 3971 0
1834 2638 679 358 3970 4703 2639 1835 0
358 679 2622 1820 1835 2639 4695 3954 0
1836 358 1820 3953 3971 1835 3954 5203 0
3970 4703 2639 1835 1837 2643 683 359 0
1835 2639 4695 3954 359 683 2630 1827 0
3971 1835 3954 5203 1839 359 1827 3961 0
5209 3970 1835 3971 3972 1837 359 1839 0
2643 683 359 1837 4705 2644 1838 3973 0
683 2630 1827 359 2644 4699 3962 1838 0
359 1827 3961 1839 1838 3962 5206 3974 0
1837 359 1839 3972 3973 1838 3974 5210 0
2625 1825 3959 4697 687 360 1840 2649 0
4674 3915 1825 2625 2574 1785 360 687 0
3915 5189 3960 1825 1785 3916 1842 360 0
1825 3960 5205 3959 360 1842 3975 1840 0
2649 687 360 1840 4707 2648 1841 3976 0
687 2574 1785 360 2648 4675 3912 1841 0
360 1785 3916 1842 1841 3912 5188 3977 0
1840 360 1842 3975 3976 1841 3977 5211 0
2633 1832 3967 4701 691 361 1843 2654 0
4697 3959 1832 2633 2649 1840 361 691 0
3959 5205 3968 1832 1840 3975 1845 361 0
1832 3968 5208 3967 361 1845 3978 1843 0
2654 691 361 1843 4709 2653 1844 3979 0
691 2649 1840 361 2653 4707 3976 1844 0
361 1840 3975 1845 1844 3976 5211 3980 0
1843 361 1845 3978 3979 1844 3980 5212 0
5213 3981 1846 3982 3988 1849 362 1850 0
3981 4715 2665 1846 1849 2666 701 362 0
1846 2665 4714 3983 362 701 2664 1847 0
3982 1846 3983 5214 1850 362 1847 3984 0
3988 1849 362 1850 5216 3987 1848 3986 0
1849 2666 701 362 3987 4716 2667 1848 0
362 701 2664 1847 1848 2667 4713 3985 0
1850 362 1847 3984 3986 1848 3985 5215 0
3981 1849 2666 4715 1853 363 702 2668 0
5213 3988 1849 3981 3993 1854 363 1853 0
3988 5216 3987 1849 1854 3989 1851 363 0
1849 3987 4716 2666 363 1851 2670 702 0
2668 1853 363 702 4717 3992 1852 2669 0
1853 3993 1854 363 3992 5218 3991 1852 0
363 1854 3989 1851 1852 3991 5217 3990 0
702 363 1851 2670 2669 1852 3990 4718 0
1848 3985 4713 2667 364 1855 2676 707 0
3987 1848 2667 4716 1856 364 707 2677 0
5216 3986 1848 3987 3995 1857 364 1856 0
3986 5215 3985 1848 1857 3994 1855 364 0
2676 707 364 1855 4684 2618 1812 3927 0
707 2677 1856 364 2618 4693 3945 1812 0
364 1856 3995 1857 1812 3945 5200 3946 0
1855 364 1857 3994 3927 1812 3946 5193 0
4716 3987 1856 2677 2670 1851 365 708 0
3987 5216 3995 1856 1851 3989 1859 365 0
1856 3995 5200 3945 365 1859 3949 1815 0
2677 1856 3945 4693 708 365 1815 2616 0
2670 1851 365 708 4718 3990 1858 2678 0
1851 3989 1859 365 3990 5217 3996 1858 0
365 1859 3949 1815 1858 3996 5201 3948 0
708 365 1815 2616 2678 1858 3948 4692 0
5214 3983 1860 3997 3984 1847 366 1862 0
3983 4714 2680 1860 1847 2664 711 366 0
1860 2680 4705 3973 366 711 2643 1837 0
3997 1860 3973 5210 1862 366 1837 3972 0
3984 1847 366 1862 5215 3985 1861 3998 0
1847 2664 711 366 3985 4713 2681 1861 0
366 711 2643 1837 1861 2681 4703 3970 0
1862 366 1837 3972 3998 1861 3970 5209 0
1861 3970 4703 2681 367 1834 2638 715 0
3985 1861 2681 4713 1855 367 715 2676 0
5215 3998 1861 3985 3994 1863 367 1855 0
3998 5209 3970 1861 1863 3969 1834 367 0
2638 715 367 1834 4666 2597 1797 3892 0
715 2676 1855 367 2597 4684 3927 1797 0
367 1855 3994 1863 1797 3927 5193 3928 0
1834 367 1863 3969 3892 1797 3928 5180 0
2669 1852 3990 4718 717 368 1864 2686 0
4717 3992 1852 2669 2684 1866 368 717 0
3992 5218 3991 1852 1866 4003 1867 368 0
1852 3991 5217 3990 368 1867 3999 1864 0
2686 717 368 1864 4722 2685 1865 4000 0
717 2684 1866 368 2685 4721 4002 1865 0
368 1866 4003 1867 1865 4002 5220 4001 0
1864 368 1867 3999 4000 1865 4001 5219 0
2678 1858 3948 4692 722 369 1818 2620 0
4718 3990 1858 2678 2686 1864 369 722 0
3990 5217 3996 1858 1864 3999 1869 369 0
1858 3996 5201 3948 369 1869 3952 1818 0
2620 722 369 1818 4694 2692 1868 3951 0
722 2686 1864 369 2692 4722 4000 1868 0
369 1864 3999 1869 1868 4000 5219 4004 0
1818 369 1869 3952 3951 1868 4004 5202 0
5221 4005 1870 4006 4009 1872 370 1873 0
4005 4738 2723 1870 1872 2724 747 370 0
1870 2723 4675 3912 370 747 2648 1841 0
4006 1870 3912 5188 1873 370 1841 3977 0
4009 1872 370 1873 5222 4008 1871 4007 0
1872 2724 747 370 4008 4737 2722 1871 0
370 747 2648 1841 1871 2722 4707 3976 0
1873 370 1841 3977 4007 1871 3976 5211 0
1871 3976 4707 2722 371 1844 2653 751 0
4008 1871 2722 4737 1875 371 751 2728 0
5222 4007 1871 4008 4012 1876 371 1875 0
4007 5211 3976 1871 1876 3980 1844 371 0
2653 751 371 1844 4709 2727 1874 3979 0
751 2728 1875 371 2727 4739 4011 1874 0
371 1875 4012 1876 1874 4011 5223 4010 0
1844 371 1876 3980 3979 1874 4010 5212 0
5224 4013 1877 4014 4017 1879 372 1880 0
4013 4741 2731 1877 1879 2732 754 372 0
1877 2731 4738 4005 372 754 2724 1872 0
4014 1877 4005 5221 1880 372 1872 4009 0
4017 1879 372 1880 5225 4016 1878 4015 0
1879 2732 754 372 4016 4740 2730 1878 0
372 754 2724 1872 1878 2730 4737 4008 0
1880 372 1872 4009 4015 1878 4008 5222 0
1878 4008 4737 2730 373 1875 2728 758 0
4016 1878 2730 4740 1882 373 758 2736 0
5225 4015 1878 4016 4020 1883 373 1882 0
4015 5222 4008 1878 1883 4012 1875 373 0
2728 758 373 1875 4739 2735 1881 4011 0
758 2736 1882 373 2735 4742 4019 1881 0
373 1882 4020 1883 1881 4019 5226 4018 0
1875 373 1883 4012 4011 1881 4018 5223 0
5227 4021 1884 4022 4025 1886 374 1887 0
4021 4752 2759 1884 1886 2760 777 374 0
1884 2759 4668 3899 374 777 2563 1771 0
4022 1884 3899 5183 1887 374 1771 3898 0
4025 1886 374 1887 5228 4024 1885 4023 0
1886 2760 777 374 4024 4751 2758 1885 0
374 777 2563 1771 1885 2758 4671 3897 0
1887 374 1771 3898 4023 1885 3897 5182 0
1885 3897 4671 2758 375 1783 2573 781 0
4024 1885 2758 4751 1888 375 781 2763 0
5228 4023 1885 4024 4026 1889 375 1888 0
4023 5182 3897 1885 1889 3913 1783 375 0
2573 781 375 1783 4675 2723 1870 3912 0
781 2763 1888 375 2723 4738 4005 1870 0
375 1888 4026 1889 1870 4005 5221 4006 0
1783 375 1889 3913 3912 1870 4006 5188 0
5229 4027 1890 4028 4031 1892 376 1893 0
4027 4754 2765 1890 1892 2766 783 376 0
1890 2765 4752 4021 376 783 2760 1886 0
4028 1890 4021 5227 1893 376 1886 4025 0
4031 1892 376 1893 5230 4030 1891 4029 0
1892 2766 783 376 4030 4753 2764 1891 0
376 783 2760 1886 1891 2764 4751 4024 0
1893 376 1886 4025 4029 1891 4024 5228 0
1891 4024 4751 2764 377 1888 2763 787 0
4030 1891 2764 4753 1894 377 787 2769 0
5230 4029 1891 4030 4032 1895 377 1894 0
4029 5228 4024 1891 1895 4026 1888 377 0
2763 787 377 1888 4738 2731 1877 4005 0
787 2769 1894 377 2731 4741 4013 1877 0
377 1894 4032 1895 1877 4013 5224 4014 0
1888 377 1895 4026 4005 1877 4014 5221 0
5231 4033 1896 4034 4037 1898 378 1899 0
4033 4762 2787 1896 1898 2788 803 378 0
1896 2787 4721 4002 378 803 2685 1865 0
4034 1896 4002 5220 1899 378 1865 4001 0
4037 1898 378 1899 5232 4036 1897 4035 0
1898 2788 803 378 4036 4761 2786 1897 0
378 803 2685 1865 1897 2786 4722 4000 0
1899 378 1865 4001 4035 1897 4000 5219 0
1897 4000 4722 2786 379 1868 2692 807 0
4036 1897 2786 4761 1901 379 807 2792 0
5232 4035 1897 4036 4040 1902 379 1901 0
4035 5219 4000 1897 1902 4004 1868 379 0
2692 807 379 1868 4694 2791 1900 3951 0
807 2792 1901 379 2791 4763 4039 1900 0
379 1901 4040 1902 1900 4039 5233 4038 0
1868 379 1902 4004 3951 1900 4038 5202 0
5234 4041 1903 4042 4045 1905 380 1906 0
4041 4765 2795 1903 1905 2796 810 380 0
1903 2795 4762 4033 380 810 2788 1898 0
4042 1903 4033 5231 1906 380 1898 4037 0
4045 1905 380 1906 5235 4044 1904 4043 0
1905 2796 810 380 4044 4764 2794 1904 0
380 810 2788 1898 1904 2794 4761 4036 0
1906 380 1898 4037 4043 1904 4036 5232 0
1904 4036 4761 2794 381 1901 2792 814 0
4044 1904 2794 4764 1908 381 814 2800 0
5235 4043 1904 4044 4048 1909 381 1908 0
4043 5232 4036 1904 1909 4040 1901 381 0
2792 814 381 1901 4763 2799 1907 4039 0
814 2800 1908 381 2799 4766 4047 1907 0
381 1908 4048 1909 1907 4047 5236 4046 0
1901 381 1909 4040 4039 1907 4046 5233 0
4694 2791 1900 3951 2619 829 382 1817 0
2791 4763 4039 1900 829 2815 1911 382 0
1900 4039 5233 4038 382 1911 4051 1912 0
3951 1900 4038 5202 1817 382 1912 3950 0
2619 829 382 1817 4691 2814 1910 3942 0
829 2815 1911 382 2814 4771 4050 1910 0
382 1911 4051 1912 1910 4050 5237 4049 0
1817 382 1912 3950 3942 1910 4049 5199 0
4691 2814 1910 3942 2611 832 383 1808 0
2814 4771 4050 1910 832 2818 1914 383 0
1910 4050 5237 4049 383 1914 4054 1915 0
3942 1910 4049 5199 1808 383 1915 3941 0
2611 832 383 1808 4690 2817 1913 3940 0
832 2818 1914 383 2817 4772 4053 1913 0
383 1914 4054 1915 1913 4053 5238 4052 0
1808 383 1915 3941 3940 1913 4052 5198 0
4763 2799 1907 4039 2815 835 384 1911 0
2799 4766 4047 1907 835 2821 1917 384 0
1907 4047 5236 4046 384 1917 4057 1918 0
4039 1907 4046 5233 1911 384 1918 4051 0
2815 835 384 1911 4771 2820 1916 4050 0
835 2821 1917 384 2820 4773 4056 1916 0
384 1917 4057 1918 1916 4056 5239 4055 0
1911 384 1918 4051 4050 1916 4055 5237 0
4771 2820 1916 4050 2818 838 385 1914 0
2820 4773 4056 1916 838 2824 1920 385 0
1916 4056 5239 4055 385 1920 4060 1921 0
4050 1916 4055 5237 1914 385 1921 4054 0
2818 838 385 1914 4772 2823 1919 4053 0
838 2824 1920 385 2823 4774 4059 1919 0
385 1920 4060 1921 1919 4059 5240 4058 0
1914 385 1921 4054 4053 1919 4058 5238 0
5241 4061 1922 4062 4068 1925 386 1926 0
4061 4790 2856 1922 1925 2857 860 386 0
1922 2856 4787 4063 386 860 2853 1923 0
4062 1922 4063 5242 1926 386 1923 4064 0
4068 1925 386 1926 5244 4067 1924 4066 0
1925 2857 860 386 4067 4789 2855 1924 0
386 860 2853 1923 1924 2855 4788 4065 0
1926 386 1923 4064 4066 1924 4065 5243 0
1924 4065 4788 2855 387 1927 2860 865 0
4067 1924 2855 4789 1929 387 865 2863 0
5244 4066 1924 4067 4073 1930 387 1929 0
4066 5243 4065 1924 1930 4069 1927 387 0
2860 865 387 1927 4791 2862 1928 4070 0
865 2863 1929 387 2862 4792 4072 1928 0
387 1929 4073 1930 1928 4072 5246 4071 0
1927 387 1930 4069 4070 1928 4071 5245 0
5226 4019 1931 4074 4020 1882 388 1933 0
4019 4742 2866 1931 1882 2736 868 388 0
1931 2866 4790 4061 388 868 2857 1925 0
4074 1931 4061 5241 1933 388 1925 4068 0
4020 1882 388 1933 5225 4016 1932 4075 0
1882 2736 868 388 4016 4740 2865 1932 0
388 868 2857 1925 1932 2865 4789 4067 0
1933 388 1925 4068 4075 1932 4067 5244 0
1932 4067 4789 2865 389 1929 2863 871 0
4016 1932 2865 4740 1879 389 871 2732 0
5225 4075 1932 4016 4017 1935 389 1879 0
4075 5244 4067 1932 1935 4073 1929 389 0
2863 871 389 1929 4792 2867 1934 4072 0
871 2732 1879 389 2867 4741 4013 1934 0
389 1879 4017 1935 1934 4013 5224 4076 0
1929 389 1935 4073 4072 1934 4076 5246 0
4791 2862 1928 4070 2888 890 390 1936 0
2862 4792 4072 1928 890 2891 1938 390 0
1928 4072 5246 4071 390 1938 4081 1939 0
4070 1928 4071 5245 1936 390 1939 4077 0
2888 890 390 1936 4801 2890 1937 4078 0
890 2891 1938 390 2890 4802 4080 1937 0
390 1938 4081 1939 1937 4080 5248 4079 0
1936 390 1939 4077 4078 1937 4079 5247 0
4801 2890 1937 4078 2893 894 391 1940 0
2890 4802 4080 1937 894 2896 1942 391 0
1937 4080 5248 4079 391 1942 4086 1943 0
4078 1937 4079 5247 1940 391 1943 4082 0
2893 894 391 1940 4803 2895 1941 4083 0
894 2896 1942 391 2895 4804 4085 1941 0
391 1942 4086 1943 1941 4085 5250 4084 0
1940 391 1943 4082 4083 1941 4084 5249 0
4792 2867 1934 4072 2891 897 392 1938 0
2867 4741 4013 1934 897 2769 1894 392 0
1934 4013 5224 4076 392 1894 4032 1945 0
4072 1934 4076 5246 1938 392 1945 4081 0
2891 897 392 1938 4802 2898 1944 4080 0
897 2769 1894 392 2898 4753 4030 1944 0
392 1894 4032 1945 1944 4030 5230 4087 0
1938 392 1945 4081 4080 1944 4087 5248 0
4802 2898 1944 4080 2896 899 393 1942 0
2898 4753 4030 1944 899 2766 1892 393 0
1944 4030 5230 4087 393 1892 4031 1947 0
4080 1944 4087 5248 1942 393 1947 4086 0
2896 899 393 1942 4804 2899 1946 4085 0
899 2766 1892 393 2899 4754 4027 1946 0
393 1892 4031 1947 1946 4027 5229 4088 0
1942 393 1947 4086 4085 1946 4088 5250 0
5251 4089 1948 4090 4096 1951 394 1952 0
4089 4814 2920 1948 1951 2921 916 394 0
1948 2920 4811 4091 394 916 2917 1949 0
4090 1948 4091 5252 1952 394 1949 4092 0
4096 1951 394 1952 5254 4095 1950 4094 0
1951 2921 916 394 4095 4813 2919 1950 0
394 916 2917 1949 1950 2919 4812 4093 0
1952 394 1949 4092 4094 1950 4093 5253 0
1950 4093 4812 2919 395 1953 2924 921 0
4095 1950 2919 4813 1955 395 921 2927 0
5254 4094 1950 4095 4101 1956 395 1955 0
4094 5253 4093 1950 1956 4097 1953 395 0
2924 921 395 1953 4815 2926 1954 4098 0
921 2927 1955 395 2926 4816 4100 1954 0
395 1955 4101 1956 1954 4100 5256 4099 0
1953 395 1956 4097 4098 1954 4099 5255 0
5236 4047 1957 4102 4048 1908 396 1959 0
4047 4766 2930 1957 1908 2800 924 396 0
1957 2930 4814 4089 396 924 2921 1951 0
4102 1957 4089 5251 1959 396 1951 4096 0
4048 1908 396 1959 5235 4044 1958 4103 0
1908 2800 924 396 4044 4764 2929 1958 0
396 924 2921 1951 1958 2929 4813 4095 0
1959 396 1951 4096 4103 1958 4095 5254 0
1958 4095 4813 2929 397 1955 2927 927 0
4044 1958 2929 4764 1905 397 927 2796 0
5235 4103 1958 4044 4045 1961 397 1905 0
4103 5254 4095 1958 1961 4101 1955 397 0
2927 927 397 1955 4816 2931 1960 4100 0
927 2796 1905 397 2931 4765 4041 1960 0
397 1905 4045 1961 1960 4041 5234 4104 0
1955 397 1961 4101 4100 1960 4104 5256 0
4822 2947 1962 4105 2952 947 398 1963 0
2947 4823 4107 1962 947 2953 1964 398 0
1962 4107 5258 4106 398 1964 4109 1965 0
4105 1962 4106 5257 1963 398 1965 4108 0
2952 947 398 1963 4811 2920 1948 4091 0
947 2953 1964 398 2920 4814 4089 1948 0
398 1964 4109 1965 1948 4089 5251 4090 0
1963 398 1965 4108 4091 1948 4090 5252 0
5240 4059 1966 4110 4060 1920 399 1969 0
4059 4774 2955 1966 1920 2824 949 399 0
1966 2955 4824 4111 399 949 2949 1967 0
4110 1966 4111 5259 1969 399 1967 4112 0
4060 1920 399 1969 5239 4056 1968 4113 0
1920 2824 949 399 4056 4773 2954 1968 0
399 949 2949 1967 1968 2954 4823 4107 0
1969 399 1967 4112 4113 1968 4107 5258 0
1968 4107 4823 2954 400 1964 2953 952 0
4056 1968 2954 4773 1917 400 952 2821 0
5239 4113 1968 4056 4057 1970 400 1917 0
4113 5258 4107 1968 1970 4109 1964 400 0
2953 952 400 1964 4814 2930 1957 4089 0
952 2821 1917 400 2930 4766 4047 1957 0
400 1917 4057 1970 1957 4047 5236 4102 0
1964 400 1970 4109 4089 1957 4102 5251 0
4830 2964 1971 4114 2978 968 401 1972 0
2964 4832 4116 1971 968 2983 1974 401 0
1971 4116 5261 4115 401 1974 4121 1975 0
4114 1971 4115 5260 1972 401 1975 4118 0
2978 968 401 1972 4838 2980 1973 4117 0
968 2983 1974 401 2980 4840 4120 1973 0
401 1974 4121 1975 1973 4120 5263 4119 0
1972 401 1975 4118 4117 1973 4119 5262 0
5264 4122 1976 4123 4129 1979 402 1980 0
4122 4844 2990 1976 1979 3000 978 402 0
1976 2990 4845 4124 402 978 2993 1977 0
4123 1976 4124 5265 1980 402 1977 4125 0
4129 1979 402 1980 5267 4128 1978 4127 0
1979 3000 978 402 4128 4850 2997 1978 0
402 978 2993 1977 1978 2997 4847 4126 0
1980 402 1977 4125 4127 1978 4126 5266 0
5264 4122 1976 4123 4130 1981 403 1984 0
4122 4844 2990 1976 1981 2989 973 403 0
1976 2990 4845 4124 403 973 2991 1983 0
4123 1976 4124 5265 1984 403 1983 4134 0
4130 1981 403 1984 5268 4131 1982 4132 0
1981 2989 973 403 4131 4843 2992 1982 0
403 973 2991 1983 1982 2992 4846 4133 0
1984 403 1983 4134 4132 1982 4133 5269 0
4131 4843 2992 1982 1985 3001 979 404 0
1982 2992 4846 4133 404 979 3002 1986 0
4132 1982 4133 5269 1987 404 1986 4136 0
5268 4131 1982 4132 4135 1985 404 1987 0
3001 979 404 1985 4832 2983 1974 4116 0
979 3002 1986 404 2983 4840 4120 1974 0
404 1986 4136 1987 1974 4120 5263 4121 0
1985 404 1987 4135 4116 1974 4121 5261 0
5270 4137 1988 4138 4141 1990 405 1991 0
4137 4851 3006 1988 1990 3011 987 405 0
1988 3006 4844 4122 405 987 3000 1979 0
4138 1988 4122 5264 1991 405 1979 4129 0
4141 1990 405 1991 5271 4140 1989 4139 0
1990 3011 987 405 4140 4854 3009 1989 0
405 987 3000 1979 1989 3009 4850 4128 0
1991 405 1979 4129 4139 1989 4128 5267 0
5270 4137 1988 4138 4143 1992 406 1994 0
4137 4851 3006 1988 1992 3005 983 406 0
1988 3006 4844 4122 406 983 2989 1981 0
4138 1988 4122 5264 1994 406 1981 4130 0
4143 1992 406 1994 5272 4142 1993 4144 0
1992 3005 983 406 4142 4852 3007 1993 0
406 983 2989 1981 1993 3007 4843 4131 0
1994 406 1981 4130 4144 1993 4131 5268 0
4142 4852 3007 1993 1995 3013 988 407 0
1993 3007 4843 4131 407 988 3001 1985 0
4144 1993 4131 5268 1997 407 1985 4135 0
5272 4142 1993 4144 4146 1995 407 1997 0
3013 988 407 1995 4825 2967 1996 4145 0
988 3001 1985 407 2967 4832 4116 1996 0
407 1985 4135 1997 1996 4116 5261 4147 0
1995 407 1997 4146 4145 1996 4147 5273 0
1978 4126 4847 2997 408 1998 3015 995 0
4128 1978 2997 4850 2000 408 995 3022 0
5267 4127 1978 4128 4152 2001 408 2000 0
4127 5266 4126 1978 2001 4148 1998 408 0
3015 995 408 1998 4855 3019 1999 4149 0
995 3022 2000 408 3019 4858 4151 1999 0
408 2000 4152 2001 1999 4151 5275 4150 0
1998 408 2001 4148 4149 1999 4150 5274 0
1989 4128 4850 3009 409 2000 3022 1002 0
4140 1989 3009 4854 2003 409 1002 3028 0
5271 4139 1989 4140 4155 2004 409 2003 0
4139 5267 4128 1989 2004 4152 2000 409 0
3022 1002 409 2000 4858 3026 2002 4151 0
1002 3028 2003 409 3026 4860 4154 2002 0
409 2003 4155 2004 2002 4154 5276 4153 0
2000 409 2004 4152 4151 2002 4153 5275 0
4838 2980 1973 4117 3031 1005 410 2005 0
2980 4840 4120 1973 1005 3032 2007 410 0
1973 4120 5263 4119 410 2007 4160 2008 0
4117 1973 4119 5262 2005 410 2008 4156 0
3031 1005 410 2005 4861 3033 2006 4157 0
1005 3032 2007 410 3033 4862 4159 2006 0
410 2007 4160 2008 2006 4159 5278 4158 0
2005 410 2008 4156 4157 2006 4158 5277 0
4861 3033 2006 4157 3039 1010 411 2009 0
3033 4862 4159 2006 1010 3040 2011 411 0
2006 4159 5278 4158 411 2011 4165 2012 0
4157 2006 4158 5277 2009 411 2012 4161 0
3039 1010 411 2009 4865 3041 2010 4162 0
1010 3040 2011 411 3041 4866 4164 2010 0
411 2011 4165 2012 2010 4164 5280 4163 0
2009 411 2012 4161 4162 2010 4163 5279 0
4870 3048 2013 4166 3047 1015 412 2014 0
3048 4838 4117 2013 1015 3031 2005 412 0
2013 4117 5262 4167 412 2005 4156 2016 0
4166 2013 4167 5281 2014 412 2016 4168 0
3047 1015 412 2014 4869 3049 2015 4169 0
1015 3031 2005 412 3049 4861 4157 2015 0
412 2005 4156 2016 2015 4157 5277 4170 0
2014 412 2016 4168 4169 2015 4170 5282 0
4869 3049 2015 4169 3055 1020 413 2017 0
3049 4861 4157 2015 1020 3039 2009 413 0
2015 4157 5277 4170 413 2009 4161 2019 0
4169 2015 4170 5282 2017 413 2019 4171 0
3055 1020 413 2017 4873 3056 2018 4172 0
1020 3039 2009 413 3056 4865 4162 2018 0
413 2009 4161 2019 2018 4162 5279 4173 0
2017 413 2019 4171 4172 2018 4173 5283 0
4882 3079 2020 4174 3078 1039 414 2021 0
3079 4883 4176 2020 1039 3080 2022 414 0
2020 4176 5285 4175 414 2022 4178 2023 0
4174 2020 4175 5284 2021 414 2023 4177 0
3078 1039 414 2021 4633 2514 1751 3851 0
1039 3080 2022 414 2514 4645 3873 1751 0
414 2022 4178 2023 1751 3873 5172 3874 0
2021 414 2023 4177 3851 1751 3874 5163 0
4886 3087 2024 4179 3086 1044 415 2025 0
3087 4882 4174 2024 1044 3078 2021 415 0
2024 4174 5284 4180 415 2021 4177 2026 0
4179 2024 4180 5286 2025 415 2026 4181 0
3086 1044 415 2025 4632 2488 1734 3853 0
1044 3078 2021 415 2488 4633 3851 1734 0
415 2021 4177 2026 1734 3851 5163 3852 0
2025 415 2026 4181 3853 1734 3852 5164 0
1764 3888 4660 2542 416 2027 3101 1055 0
3890 1764 2542 4659 2029 416 1055 3099 0
5179 3889 1764 3890 4186 2030 416 2029 0
3889 5178 3888 1764 2030 4182 2027 416 0
3101 1055 416 2027 4892 3100 2028 4183 0
1055 3099 2029 416 3100 4891 4185 2028 0
416 2029 4186 2030 2028 4185 5288 4184 0
2027 416 2030 4182 4183 2028 4184 5287 0
5184 3901 2031 4187 3910 1780 417 2034 0
3901 4669 3111 2031 1780 2567 1063 417 0
2031 3111 4896 4188 417 1063 3109 2032 0
4187 2031 4188 5289 2034 417 2032 4189 0
3910 1780 417 2034 5187 3908 2033 4191 0
1780 2567 1063 417 3908 4672 3108 2033 0
417 1063 3109 2032 2033 3108 4895 4190 0
2034 417 2032 4189 4191 2033 4190 5290 0
1778 3908 4672 2568 418 2033 3108 1060 0
3888 1778 2568 4660 2027 418 1060 3101 0
5178 3909 1778 3888 4182 2036 418 2027 0
3909 5187 3908 1778 2036 4191 2033 418 0
3108 1060 418 2033 4895 3107 2035 4190 0
1060 3101 2027 418 3107 4892 4183 2035 0
418 2027 4182 2036 2035 4183 5287 4192 0
2033 418 2036 4191 4190 2035 4192 5290 0
5183 3899 2037 4193 3900 1772 419 2039 0
3899 4668 3119 2037 1772 2560 1070 419 0
2037 3119 4899 4194 419 1070 3117 2038 0
4193 2037 4194 5291 2039 419 2038 4195 0
3900 1772 419 2039 5184 3901 2031 4187 0
1772 2560 1070 419 3901 4669 3111 2031 0
419 1070 3117 2038 2031 3111 4896 4188 0
2039 419 2038 4195 4187 2031 4188 5289 0
4892 3100 2028 4183 3122 1071 420 2040 0
3100 4891 4185 2028 1071 3120 2042 420 0
2028 4185 5288 4184 420 2042 4200 2043 0
4183 2028 4184 5287 2040 420 2043 4196 0
3122 1071 420 2040 4901 3121 2041 4197 0
1071 3120 2042 420 3121 4900 4199 2041 0
420 2042 4200 2043 2041 4199 5293 4198 0
2040 420 2043 4196 4197 2041 4198 5292 0
5289 4188 2044 4201 4189 2032 421 2047 0
4188 4896 3132 2044 2032 3109 1079 421 0
2044 3132 4905 4202 421 1079 3130 2045 0
4201 2044 4202 5294 2047 421 2045 4203 0
4189 2032 421 2047 5290 4190 2046 4205 0
2032 3109 1079 421 4190 4895 3129 2046 0
421 1079 3130 2045 2046 3129 4904 4204 0
2047 421 2045 4203 4205 2046 4204 5295 0
4895 3107 2035 4190 3129 1076 422 2046 0
3107 4892 4183 2035 1076 3122 2040 422 0
2035 4183 5287 4192 422 2040 4196 2049 0
4190 2035 4192 5290 2046 422 2049 4205 0
3129 1076 422 2046 4904 3128 2048 4204 0
1076 3122 2040 422 3128 4901 4197 2048 0
422 2040 4196 2049 2048 4197 5292 4206 0
2046 422 2049 4205 4204 2048 4206 5295 0
5291 4194 2050 4207 4195 2038 423 2052 0
4194 4899 3140 2050 2038 3117 1086 423 0
2050 3140 4908 4208 423 1086 3138 2051 0
4207 2050 4208 5296 2052 423 2051 4209 0
4195 2038 423 2052 5289 4188 2044 4201 0
2038 3117 1086 423 4188 4896 3132 2044 0
423 1086 3138 2051 2044 3132 4905 4202 0
2052 423 2051 4209 4201 2044 4202 5294 0
5291 4194 2050 4207 4210 2053 424 2056 0
4194 4899 3140 2050 2053 3141 1087 424 0
2050 3140 4908 4208 424 1087 3142 2055 0
4207 2050 4208 5296 2056 424 2055 4214 0
4210 2053 424 2056 5297 4211 2054 4212 0
2053 3141 1087 424 4211 4909 3143 2054 0
424 1087 3142 2055 2054 3143 4910 4213 0
2056 424 2055 4214 4212 2054 4213 5298 0
4211 4909 3143 2054 2057 3149 1092 425 0
2054 3143 4910 4213 425 1092 3150 2059 0
4212 2054 4213 5298 2060 425 2059 4219 0
5297 4211 2054 4212 4215 2057 425 2060 0
3149 1092 425 2057 4913 3151 2058 4216 0
1092 3150 2059 425 3151 4914 4218 2058 0
425 2059 4219 2060 2058 4218 5300 4217 0
2057 425 2060 4215 4216 2058 4217 5299 0
5183 3899 2037 4193 4022 1884 426 2062 0
3899 4668 3119 2037 1884 2759 1097 426 0
2037 3119 4899 4194 426 1097 3141 2053 0
4193 2037 4194 5291 2062 426 2053 4210 0
4022 1884 426 2062 5227 4021 2061 4220 0
1884 2759 1097 426 4021 4752 3157 2061 0
426 1097 3141 2053 2061 3157 4909 4211 0
2062 426 2053 4210 4220 2061 4211 5297 0
4021 4752 3157 2061 1890 2765 1100 427 0
2061 3157 4909 4211 427 1100 3149 2057 0
4220 2061 4211 5297 2064 427 2057 4215 0
5227 4021 2061 4220 4028 1890 427 2064 0
2765 1100 427 1890 4754 3159 2063 4027 0
1100 3149 2057 427 3159 4913 4216 2063 0
427 2057 4215 2064 2063 4216 5299 4221 0
1890 427 2064 4028 4027 2063 4221 5229 0
4816 2931 1960 4100 3173 1115 428 2065 0
2931 4765 4041 1960 1115 3174 2067 428 0
1960 4041 5234 4104 428 2067 4226 2068 0
4100 1960 4104 5256 2065 428 2068 4222 0
3173 1115 428 2065 4921 3175 2066 4223 0
1115 3174 2067 428 3175 4922 4225 2066 0
428 2067 4226 2068 2066 4225 5302 4224 0
2065 428 2068 4222 4223 2066 4224 5301 0
4921 3175 2066 4223 3181 1120 429 2069 0
3175 4922 4225 2066 1120 3182 2071 429 0
2066 4225 5302 4224 429 2071 4231 2072 0
4223 2066 4224 5301 2069 429 2072 4227 0
3181 1120 429 2069 4925 3183 2070 4228 0
1120 3182 2071 429 3183 4926 4230 2070 0
429 2071 4231 2072 2070 4230 5304 4229 0
2069 429 2072 4227 4228 2070 4229 5303 0
4815 2926 1954 4098 3189 1125 430 2073 0
2926 4816 4100 1954 1125 3173 2065 430 0
1954 4100 5256 4099 430 2065 4222 2075 0
4098 1954 4099 5255 2073 430 2075 4232 0
3189 1125 430 2073 4929 3190 2074 4233 0
1125 3173 2065 430 3190 4921 4223 2074 0
430 2065 4222 2075 2074 4223 5301 4234 0
2073 430 2075 4232 4233 2074 4234 5305 0
4925 3183 2070 4228 3207 1140 431 2076 0
3183 4926 4230 2070 1140 3208 2078 431 0
2070 4230 5304 4229 431 2078 4239 2079 0
4228 2070 4229 5303 2076 431 2079 4235 0
3207 1140 431 2076 4935 3209 2077 4236 0
1140 3208 2078 431 3209 4936 4238 2077 0
431 2078 4239 2079 2077 4238 5307 4237 0
2076 431 2079 4235 4236 2077 4237 5306 0
4124 1977 4125 5265 2080 432 2083 4240 0
4845 2993 1977 4124 3219 1153 432 2080 0
2993 4847 4126 1977 1153 3226 2082 432 0
1977 4126 5266 4125 432 2082 4244 2083 0
4240 2080 432 2083 5308 4241 2081 4242 0
2080 3219 1153 432 4241 4940 3223 2081 0
432 1153 3226 2082 2081 3223 4943 4243 0
2083 432 2082 4244 4242 2081 4243 5309 0
4845 4124 1983 2991 3219 2080 433 1149 0
4124 5265 4134 1983 2080 4240 2086 433 0
1983 4134 5269 4133 433 2086 4245 2084 0
2991 1983 4133 4846 1149 433 2084 3221 0
3219 2080 433 1149 4940 4241 2085 3220 0
2080 4240 2086 433 4241 5308 4247 2085 0
433 2086 4245 2084 2085 4247 5310 4246 0
1149 433 2084 3221 3220 2085 4246 4941 0
4846 4133 1986 3002 3221 2084 434 1154 0
4133 5269 4136 1986 2084 4245 2088 434 0
1986 4136 5263 4120 434 2088 4160 2007 0
3002 1986 4120 4840 1154 434 2007 3032 0
3221 2084 434 1154 4941 4246 2087 3227 0
2084 4245 2088 434 4246 5310 4248 2087 0
434 2088 4160 2007 2087 4248 5278 4159 0
1154 434 2007 3032 3227 2087 4159 4862 0
5266 4126 1998 4148 4244 2082 435 2091 0
4126 4847 3015 1998 2082 3226 1160 435 0
1998 3015 4855 4149 435 1160 3233 2090 0
4148 1998 4149 5274 2091 435 2090 4251 0
4244 2082 435 2091 5309 4243 2089 4249 0
2082 3226 1160 435 4243 4943 3230 2089 0
435 1160 3233 2090 2089 3230 4945 4250 0
2091 435 2090 4251 4249 2089 4250 5311 0
4241 4940 3223 2081 2092 3235 1167 436 0
2081 3223 4943 4243 436 1167 3242 2094 0
4242 2081 4243 5309 2095 436 2094 4256 0
5308 4241 2081 4242 4252 2092 436 2095 0
3235 1167 436 2092 4946 3239 2093 4253 0
1167 3242 2094 436 3239 4949 4255 2093 0
436 2094 4256 2095 2093 4255 5313 4254 0
2092 436 2095 4252 4253 2093 4254 5312 0
3220 2085 4246 4941 1163 437 2096 3237 0
4940 4241 2085 3220 3235 2092 437 1163 0
4241 5308 4247 2085 2092 4252 2098 437 0
2085 4247 5310 4246 437 2098 4257 2096 0
3237 1163 437 2096 4947 3236 2097 4258 0
1163 3235 2092 437 3236 4946 4253 2097 0
437 2092 4252 2098 2097 4253 5312 4259 0
2096 437 2098 4257 4258 2097 4259 5314 0
3227 2087 4159 4862 1168 438 2011 3040 0
4941 4246 2087 3227 3237 2096 438 1168 0
4246 5310 4248 2087 2096 4257 2100 438 0
2087 4248 5278 4159 438 2100 4165 2011 0
3040 1168 438 2011 4866 3243 2099 4164 0
1168 3237 2096 438 3243 4947 4258 2099 0
438 2096 4257 2100 2099 4258 5314 4260 0
2011 438 2100 4165 4164 2099 4260 5280 0
4243 4943 3230 2089 2094 3242 1174 439 0
2089 3230 4945 4250 439 1174 3249 2102 0
4249 2089 4250 5311 2103 439 2102 4263 0
5309 4243 2089 4249 4256 2094 439 2103 0
3242 1174 439 2094 4949 3246 2101 4255 0
1174 3249 2102 439 3246 4951 4262 2101 0
439 2102 4263 2103 2101 4262 5315 4261 0
2094 439 2103 4256 4255 2101 4261 5313 0
5316 4264 2104 4265 4271 2107 440 2108 0
4264 4954 3253 2104 2107 3255 1178 440 0
2104 3253 4955 4266 440 1178 3257 2105 0
4265 2104 4266 5317 2108 440 2105 4267 0
4271 2107 440 2108 5319 4270 2106 4269 0
2107 3255 1178 440 4270 4956 3256 2106 0
440 1178 3257 2105 2106 3256 4957 4268 0
2108 440 2105 4267 4269 2106 4268 5318 0
5317 4266 2109 4272 4267 2105 441 2112 0
4266 4955 3264 2109 2105 3257 1184 441 0
2109 3264 4961 4273 441 1184 3267 2110 0
4272 2109 4273 5320 2112 441 2110 4274 0
4267 2105 441 2112 5318 4268 2111 4276 0
2105 3257 1184 441 4268 4957 3266 2111 0
441 1184 3267 2110 2111 3266 4962 4275 0
2112 441 2110 4274 4276 2111 4275 5321 0
2106 4268 4957 3256 442 2113 3277 1192 0
4270 2106 3256 4956 2115 442 1192 3275 0
5319 4269 2106 4270 4281 2116 442 2115 0
4269 5318 4268 2106 2116 4277 2113 442 0
3277 1192 442 2113 4965 3276 2114 4278 0
1192 3275 2115 442 3276 4964 4280 2114 0
442 2115 4281 2116 2114 4280 5323 4279 0
2113 442 2116 4277 4278 2114 4279 5322 0
5324 4282 2117 4283 4289 2120 443 2121 0
4282 4969 3286 2117 2120 3296 1205 443 0
2117 3286 4970 4284 443 1205 3289 2118 0
4283 2117 4284 5325 2121 443 2118 4285 0
4289 2120 443 2121 5327 4288 2119 4287 0
2120 3296 1205 443 4288 4975 3293 2119 0
443 1205 3289 2118 2119 3293 4972 4286 0
2121 443 2118 4285 4287 2119 4286 5326 0
5325 4284 2122 4290 4285 2118 444 2125 0
4284 4970 3287 2122 2118 3289 1201 444 0
2122 3287 4971 4291 444 1201 3291 2123 0
4290 2122 4291 5328 2125 444 2123 4292 0
4285 2118 444 2125 5326 4286 2124 4294 0
2118 3289 1201 444 4286 4972 3290 2124 0
444 1201 3291 2123 2124 3290 4973 4293 0
2125 444 2123 4292 4294 2124 4293 5329 0
5328 4291 2126 4295 4292 2123 445 2128 0
4291 4971 3298 2126 2123 3291 1207 445 0
2126 3298 4954 4264 445 1207 3255 2107 0
4295 2126 4264 5316 2128 445 2107 4271 0
4292 2123 445 2128 5329 4293 2127 4296 0
2123 3291 1207 445 4293 4973 3299 2127 0
445 1207 3255 2107 2127 3299 4956 4270 0
2128 445 2107 4271 4296 2127 4270 5319 0
5274 4149 2129 4297 4150 1999 446 2131 0
4149 4855 3301 2129 1999 3019 1213 446 0
2129 3301 4969 4282 446 1213 3296 2120 0
4297 2129 4282 5324 2131 446 2120 4289 0
4150 1999 446 2131 5275 4151 2130 4298 0
1999 3019 1213 446 4151 4858 3304 2130 0
446 1213 3296 2120 2130 3304 4975 4288 0
2131 446 2120 4289 4298 2130 4288 5327 0
2119 4286 4972 3293 447 2132 3305 1220 0
4288 2119 3293 4975 2134 447 1220 3312 0
5327 4287 2119 4288 4303 2135 447 2134 0
4287 5326 4286 2119 2135 4299 2132 447 0
3305 1220 447 2132 4976 3310 2133 4300 0
1220 3312 2134 447 3310 4979 4301 2133 0
447 2134 4303 2135 2133 4301 5331 4302 0
2132 447 2135 4299 4300 2133 4302 5330 0
2124 4293 4973 3290 448 2136 3307 1216 0
4286 2124 3290 4972 2132 448 1216 3305 0
5326 4294 2124 4286 4299 2138 448 2132 0
4294 5329 4293 2124 2138 4304 2136 448 0
3307 1216 448 2136 4977 3306 2137 4305 0
1216 3305 2132 448 3306 4976 4300 2137 0
448 2132 4299 2138 2137 4300 5330 4306 0
2136 448 2138 4304 4305 2137 4306 5332 0
2127 4270 4956 3299 449 2115 3275 1221 0
4293 2127 3299 4973 2136 449 1221 3307 0
5329 4296 2127 4293 4304 2140 449 2136 0
4296 5319 4270 2127 2140 4281 2115 449 0
3275 1221 449 2115 4964 3313 2139 4280 0
1221 3307 2136 449 3313 4977 4305 2139 0
449 2136 4304 2140 2139 4305 5332 4307 0
2115 449 2140 4281 4280 2139 4307 5323 0
2130 4288 4975 3304 450 2134 3312 1226 0
4151 2130 3304 4858 2002 450 1226 3026 0
5275 4298 2130 4151 4153 2142 450 2002 0
4298 5327 4288 2130 2142 4303 2134 450 0
3312 1226 450 2134 4979 3316 2141 4301 0
1226 3026 2002 450 3316 4860 4154 2141 0
450 2002 4153 2142 2141 4154 5276 4308 0
2134 450 2142 4303 4301 2141 4308 5331 0
5317 4266 2109 4272 4309 2143 451 2146 0
4266 4955 3264 2109 2143 3319 1228 451 0
2109 3264 4961 4273 451 1228 3317 2145 0
4272 2109 4273 5320 2146 451 2145 4312 0
4309 2143 451 2146 5333 4310 2144 4311 0
2143 3319 1228 451 4310 4980 3318 2144 0
451 1228 3317 2145 2144 3318 4936 4238 0
2146 451 2145 4312 4311 2144 4238 5307 0
5316 4264 2104 4265 4313 2147 452 2149 0
4264 4954 3253 2104 2147 3325 1233 452 0
2104 3253 4955 4266 452 1233 3319 2143 0
4265 2104 4266 5317 2149 452 2143 4309 0
4313 2147 452 2149 5334 4314 2148 4315 0
2147 3325 1233 452 4314 4982 3324 2148 0
452 1233 3319 2143 2148 3324 4980 4310 0
2149 452 2143 4309 4315 2148 4310 5333 0
4310 4980 3318 2144 2150 3333 1243 453 0
2144 3318 4936 4238 453 1243 3208 2078 0
4311 2144 4238 5307 2152 453 2078 4239 0
5333 4310 2144 4311 4316 2150 453 2152 0
3333 1243 453 2150 4984 3332 2151 4317 0
1243 3208 2078 453 3332 4926 4230 2151 0
453 2078 4239 2152 2151 4230 5304 4318 0
2150 453 2152 4316 4317 2151 4318 5335 0
4314 4982 3324 2148 2153 3338 1247 454 0
2148 3324 4980 4310 454 1247 3333 2150 0
4315 2148 4310 5333 2155 454 2150 4316 0
5334 4314 2148 4315 4319 2153 454 2155 0
3338 1247 454 2153 4986 3337 2154 4320 0
1247 3333 2150 454 3337 4984 4317 2154 0
454 2150 4316 2155 2154 4317 5335 4321 0
2153 454 2155 4319 4320 2154 4321 5336 0
5328 4291 2126 4295 4322 2156 455 2158 0
4291 4971 3298 2126 2156 3345 1255 455 0
2126 3298 4954 4264 455 1255 3325 2147 0
4295 2126 4264 5316 2158 455 2147 4313 0
4322 2156 455 2158 5337 4323 2157 4324 0
2156 3345 1255 455 4323 4988 3344 2157 0
455 1255 3325 2147 2157 3344 4982 4314 0
2158 455 2147 4313 4324 2157 4314 5334 0
5324 4282 2159 4325 4283 2117 456 2162 0
4282 4969 3353 2159 2117 3286 1262 456 0
2159 3353 4991 4326 456 1262 3351 2160 0
4325 2159 4326 5338 2162 456 2160 4327 0
4283 2117 456 2162 5325 4284 2161 4329 0
2117 3286 1262 456 4284 4970 3350 2161 0
456 1262 3351 2160 2161 3350 4990 4328 0
2162 456 2160 4327 4329 2161 4328 5339 0
5325 4284 2122 4290 4329 2161 457 2164 0
4284 4970 3287 2122 2161 3350 1259 457 0
2122 3287 4971 4291 457 1259 3345 2156 0
4290 2122 4291 5328 2164 457 2156 4322 0
4329 2161 457 2164 5339 4328 2163 4330 0
2161 3350 1259 457 4328 4990 3349 2163 0
457 1259 3345 2156 2163 3349 4988 4323 0
2164 457 2156 4322 4330 2163 4323 5337 0
4855 4149 2090 3233 3301 2129 458 1266 0
4149 5274 4251 2090 2129 4297 2166 458 0
2090 4251 5311 4250 458 2166 4331 2165 0
3233 2090 4250 4945 1266 458 2165 3355 0
3301 2129 458 1266 4969 4282 2159 3353 0
2129 4297 2166 458 4282 5324 4325 2159 0
458 2166 4331 2165 2159 4325 5338 4326 0
1266 458 2165 3355 3353 2159 4326 4991 0
4323 4988 3344 2157 2167 3357 1267 459 0
2157 3344 4982 4314 459 1267 3338 2153 0
4324 2157 4314 5334 2169 459 2153 4319 0
5337 4323 2157 4324 4332 2167 459 2169 0
3357 1267 459 2167 4992 3356 2168 4333 0
1267 3338 2153 459 3356 4986 4320 2168 0
459 2153 4319 2169 2168 4320 5336 4334 0
2167 459 2169 4332 4333 2168 4334 5340 0
5338 4326 2170 4335 4327 2160 460 2173 0
4326 4991 3365 2170 2160 3351 1274 460 0
2170 3365 4995 4336 460 1274 3363 2171 0
4335 2170 4336 5341 2173 460 2171 4337 0
4327 2160 460 2173 5339 4328 2172 4339 0
2160 3351 1274 460 4328 4990 3362 2172 0
460 1274 3363 2171 2172 3362 4994 4338 0
2173 460 2171 4337 4339 2172 4338 5342 0
4328 4990 3349 2163 2172 3362 1271 461 0
2163 3349 4988 4323 461 1271 3357 2167 0
4330 2163 4323 5337 2175 461 2167 4332 0
5339 4328 2163 4330 4339 2172 461 2175 0
3362 1271 461 2172 4994 3361 2174 4338 0
1271 3357 2167 461 3361 4992 4333 2174 0
461 2167 4332 2175 2174 4333 5340 4340 0
2172 461 2175 4339 4338 2174 4340 5342 0
4945 4250 2102 3249 3355 2165 462 1278 0
4250 5311 4263 2102 2165 4331 2177 462 0
2102 4263 5315 4262 462 2177 4341 2176 0
3249 2102 4262 4951 1278 462 2176 3367 0
3355 2165 462 1278 4991 4326 2170 3365 0
2165 4331 2177 462 4326 5338 4335 2170 0
462 2177 4341 2176 2170 4335 5341 4336 0
1278 462 2176 3367 3365 2170 4336 4995 0
5343 4342 2178 4343 4349 2181 463 2182 0
4342 4998 3369 2178 2181 3370 1279 463 0
2178 3369 4997 4344 463 1279 3368 2179 0
4343 2178 4344 5344 2182 463 2179 4345 0
4349 2181 463 2182 5346 4348 2180 4347 0
2181 3370 1279 463 4348 4999 3371 2180 0
463 1279 3368 2179 2180 3371 4996 4346 0
2182 463 2179 4345 4347 2180 4346 5345 0
2180 4346 4996 3371 464 2183 3380 1285 0
4348 2180 3371 4999 2184 464 1285 3381 0
5346 4347 2180 4348 4351 2185 464 2184 0
4347 5345 4346 2180 2185 4350 2183 464 0
3380 1285 464 2183 4647 2520 1754 3878 0
1285 3381 2184 464 2520 4648 3876 1754 0
464 2184 4351 2185 1754 3876 5173 3877 0
2183 464 2185 4350 3878 1754 3877 5174 0
5344 4344 2186 4352 4345 2179 465 2189 0
4344 4997 3385 2186 2179 3368 1289 465 0
2186 3385 5005 4353 465 1289 3384 2187 0
4352 2186 4353 5347 2189 465 2187 4354 0
4345 2179 465 2189 5345 4346 2188 4356 0
2179 3368 1289 465 4346 4996 3386 2188 0
465 1289 3384 2187 2188 3386 5004 4355 0
2189 465 2187 4354 4356 2188 4355 5348 0
5347 4353 2190 4357 4354 2187 466 2193 0
4353 5005 3391 2190 2187 3384 1291 466 0
2190 3391 5007 4358 466 1291 3389 2191 0
4357 2190 4358 5349 2193 466 2191 4359 0
4354 2187 466 2193 5348 4355 2192 4361 0
2187 3384 1291 466 4355 5004 3390 2192 0
466 1291 3389 2191 2192 3390 5006 4360 0
2193 466 2191 4359 4361 2192 4360 5350 0
2188 4355 5004 3386 467 2194 3392 1294 0
4346 2188 3386 4996 2183 467 1294 3380 0
5345 4356 2188 4346 4350 2195 467 2183 0
4356 5348 4355 2188 2195 4362 2194 467 0
3392 1294 467 2194 4649 2524 1760 3881 0
1294 3380 2183 467 2524 4647 3878 1760 0
467 2183 4350 2195 1760 3878 5174 3883 0
2194 467 2195 4362 3881 1760 3883 5175 0
2192 4360 5006 3390 468 2196 3393 1296 0
4355 2192 3390 5004 2194 468 1296 3392 0
5348 4361 2192 4355 4362 2197 468 2194 0
4361 5350 4360 2192 2197 4363 2196 468 0
3393 1296 468 2196 4646 2523 1758 3871 0
1296 3392 2194 468 2523 4649 3881 1758 0
468 2194 4362 2197 1758 3881 5175 3882 0
2196 468 2197 4363 3871 1758 3882 5171 0
5349 4358 2198 4364 4359 2191 469 2201 0
4358 5007 3408 2198 2191 3389 1306 469 0
2198 3408 5013 4365 469 1306 3406 2199 0
4364 2198 4365 5351 2201 469 2199 4366 0
4359 2191 469 2201 5350 4360 2200 4368 0
2191 3389 1306 469 4360 5006 3407 2200 0
469 1306 3406 2199 2200 3407 5012 4367 0
2201 469 2199 4366 4368 2200 4367 5352 0
2200 4367 5012 3407 470 2202 3409 1310 0
4360 2200 3407 5006 2196 470 1310 3393 0
5350 4368 2200 4360 4363 2203 470 2196 0
4368 5352 4367 2200 2203 4369 2202 470 0
3409 1310 470 2202 4645 2515 1750 3873 0
1310 3393 2196 470 2515 4646 3871 1750 0
470 2196 4363 2203 1750 3871 5171 3872 0
2202 470 2203 4369 3873 1750 3872 5172 0
5353 4370 2204 4371 4377 2207 471 2208 0
4370 5016 3411 2204 2207 3412 1311 471 0
2204 3411 5015 4372 471 1311 3410 2205 0
4371 2204 4372 5354 2208 471 2205 4373 0
4377 2207 471 2208 5356 4376 2206 4375 0
2207 3412 1311 471 4376 5017 3413 2206 0
471 1311 3410 2205 2206 3413 5014 4374 0
2208 471 2205 4373 4375 2206 4374 5355 0
4370 2207 3412 5016 2211 472 1312 3414 0
5353 4377 2207 4370 4382 2212 472 2211 0
4377 5356 4376 2207 2212 4378 2209 472 0
2207 4376 5017 3412 472 2209 3416 1312 0
3414 2211 472 1312 5018 4381 2210 3415 0
2211 4382 2212 472 4381 5358 4380 2210 0
472 2212 4378 2209 2210 4380 5357 4379 0
1312 472 2209 3416 3415 2210 4379 5019 0
2206 4374 5014 3413 473 2213 3422 1317 0
4376 2206 3413 5017 2214 473 1317 3423 0
5356 4375 2206 4376 4384 2215 473 2214 0
4375 5355 4374 2206 2215 4383 2213 473 0
3422 1317 473 2213 4687 2602 1803 3935 0
1317 3423 2214 473 2602 4686 3930 1803 0
473 2214 4384 2215 1803 3930 5194 3934 0
2213 473 2215 4383 3935 1803 3934 5196 0
5017 4376 2214 3423 3416 2209 474 1318 0
4376 5356 4384 2214 2209 4378 2217 474 0
2214 4384 5194 3930 474 2217 3929 1799 0
3423 2214 3930 4686 1318 474 1799 2601 0
3416 2209 474 1318 5019 4379 2216 3424 0
2209 4378 2217 474 4379 5357 4385 2216 0
474 2217 3929 1799 2216 4385 5191 3922 0
1318 474 1799 2601 3424 2216 3922 4677 0
5354 4372 2218 4386 4373 2205 475 2221 0
4372 5015 3427 2218 2205 3410 1321 475 0
2218 3427 5023 4387 475 1321 3426 2219 0
4386 2218 4387 5359 2221 475 2219 4388 0
4373 2205 475 2221 5355 4374 2220 4390 0
2205 3410 1321 475 4374 5014 3428 2220 0
475 1321 3426 2219 2220 3428 5022 4389 0
2221 475 2219 4388 4390 2220 4389 5360 0
2220 4389 5022 3428 476 2222 3434 1326 0
4374 2220 3428 5014 2213 476 1326 3422 0
5355 4390 2220 4374 4383 2223 476 2213 0
4390 5360 4389 2220 2223 4391 2222 476 0
3434 1326 476 2222 4690 2609 1807 3940 0
1326 3422 2213 476 2609 4687 3935 1807 0
476 2213 4383 2223 1807 3935 5196 3939 0
2222 476 2223 4391 3940 1807 3939 5198 0
3415 2210 4379 5019 1329 477 2224 3437 0
5018 4381 2210 3415 3436 2225 477 1329 0
4381 5358 4380 2210 2225 4393 2226 477 0
2210 4380 5357 4379 477 2226 4392 2224 0
3437 1329 477 2224 4891 3120 2042 4185 0
1329 3436 2225 477 3120 4900 4199 2042 0
477 2225 4393 2226 2042 4199 5293 4200 0
2224 477 2226 4392 4185 2042 4200 5288 0
3424 2216 3922 4677 1333 478 1792 2580 0
5019 4379 2216 3424 3437 2224 478 1333 0
4379 5357 4385 2216 2224 4392 2227 478 0
2216 4385 5191 3922 478 2227 3921 1792 0
2580 1333 478 1792 4659 3099 2029 3890 0
1333 3437 2224 478 3099 4891 4185 2029 0
478 2224 4392 2227 2029 4185 5288 4186 0
1792 478 2227 3921 3890 2029 4186 5179 0
5359 4387 2228 4394 4388 2219 479 2231 0
4387 5023 3452 2228 2219 3426 1346 479 0
2228 3452 5029 4395 479 1346 3450 2229 0
4394 2228 4395 5361 2231 479 2229 4396 0
4388 2219 479 2231 5360 4389 2230 4398 0
2219 3426 1346 479 4389 5022 3451 2230 0
479 1346 3450 2229 2230 3451 5028 4397 0
2231 479 2229 4396 4398 2230 4397 5362 0
2230 4397 5028 3451 480 2232 3453 1350 0
4389 2230 3451 5022 2222 480 1350 3434 0
5360 4398 2230 4389 4391 2233 480 2222 0
4398 5362 4397 2230 2233 4399 2232 480 0
3453 1350 480 2232 4772 2817 1913 4053 0
1350 3434 2222 480 2817 4690 3940 1913 0
480 2222 4391 2233 1913 3940 5198 4052 0
2232 480 2233 4399 4053 1913 4052 5238 0
5361 4395 2234 4400 4396 2229 481 2237 0
4395 5029 3464 2234 2229 3450 1358 481 0
2234 3464 5033 4401 481 1358 3462 2235 0
4400 2234 4401 5363 2237 481 2235 4402 0
4396 2229 481 2237 5362 4397 2236 4404 0
2229 3450 1358 481 4397 5028 3463 2236 0
481 1358 3462 2235 2236 3463 5032 4403 0
2237 481 2235 4402 4404 2236 4403 5364 0
2236 4403 5032 3463 482 2238 3465 1362 0
4397 2236 3463 5028 2232 482 1362 3453 0
5362 4404 2236 4397 4399 2239 482 2232 0
4404 5364 4403 2236 2239 4405 2238 482 0
3465 1362 482 2238 4774 2823 1919 4059 0
1362 3453 2232 482 2823 4772 4053 1919 0
482 2232 4399 2239 1919 4053 5238 4058 0
2238 482 2239 4405 4059 1919 4058 5240 0
4949 3246 2101 4255 3466 1363 483 2240 0
3246 4951 4262 2101 1363 3467 2242 483 0
2101 4262 5315 4261 483 2242 4410 2243 0
4255 2101 4261 5313 2240 483 2243 4406 0
3466 1363 483 2240 5034 3468 2241 4407 0
1363 3467 2242 483 3468 5035 4409 2241 0
483 2242 4410 2243 2241 4409 5366 4408 0
2240 483 2243 4406 4407 2241 4408 5365 0
5034 3468 2241 4407 3474 1368 484 2244 0
3468 5035 4409 2241 1368 3475 2245 484 0
2241 4409 5366 4408 484 2245 4412 2246 0
4407 2241 4408 5365 2244 484 2246 4411 0
3474 1368 484 2244 4699 2644 1838 3962 0
1368 3475 2245 484 2644 4705 3973 1838 0
484 2245 4412 2246 1838 3973 5210 3974 0
2244 484 2246 4411 3962 1838 3974 5206 0
4946 3239 2093 4253 3478 1372 485 2247 0
3239 4949 4255 2093 1372 3466 2240 485 0
2093 4255 5313 4254 485 2240 4406 2249 0
4253 2093 4254 5312 2247 485 2249 4413 0
3478 1372 485 2247 5038 3479 2248 4414 0
1372 3466 2240 485 3479 5034 4407 2248 0
485 2240 4406 2249 2248 4407 5365 4415 0
2247 485 2249 4413 4414 2248 4415 5367 0
4947 3236 2097 4258 3481 1374 486 2250 0
3236 4946 4253 2097 1374 3478 2247 486 0
2097 4253 5312 4259 486 2247 4413 2252 0
4258 2097 4259 5314 2250 486 2252 4416 0
3481 1374 486 2250 5039 3482 2251 4417 0
1374 3478 2247 486 3482 5038 4414 2251 0
486 2247 4413 2252 2251 4414 5367 4418 0
2250 486 2252 4416 4417 2251 4418 5368 0
5038 3479 2248 4414 3483 1376 487 2253 0
3479 5034 4407 2248 1376 3474 2244 487 0
2248 4407 5365 4415 487 2244 4411 2254 0
4414 2248 4415 5367 2253 487 2254 4419 0
3483 1376 487 2253 4700 2632 1828 3964 0
1376 3474 2244 487 2632 4699 3962 1828 0
487 2244 4411 2254 1828 3962 5206 3963 0
2253 487 2254 4419 3964 1828 3963 5207 0
5039 3482 2251 4417 3484 1378 488 2255 0
3482 5038 4414 2251 1378 3483 2253 488 0
2251 4414 5367 4418 488 2253 4419 2256 0
4417 2251 4418 5368 2255 488 2256 4420 0
3484 1378 488 2255 4701 2634 1831 3967 0
1378 3483 2253 488 2634 4700 3964 1831 0
488 2253 4419 2256 1831 3964 5207 3966 0
2255 488 2256 4420 3967 1831 3966 5208 0
4866 3243 2099 4164 3493 1387 489 2257 0
3243 4947 4258 2099 1387 3481 2250 489 0
2099 4258 5314 4260 489 2250 4416 2259 0
4164 2099 4260 5280 2257 489 2259 4421 0
3493 1387 489 2257 5042 3494 2258 4422 0
1387 3481 2250 489 3494 5039 4417 2258 0
489 2250 4416 2259 2258 4417 5368 4423 0
2257 489 2259 4421 4422 2258 4423 5369 0
5042 3494 2258 4422 3495 1390 490 2260 0
3494 5039 4417 2258 1390 3484 2255 490 0
2258 4417 5368 4423 490 2255 4420 2261 0
4422 2258 4423 5369 2260 490 2261 4424 0
3495 1390 490 2260 4709 2654 1843 3979 0
1390 3484 2255 490 2654 4701 3967 1843 0
490 2255 4420 2261 1843 3967 5208 3978 0
2260 490 2261 4424 3979 1843 3978 5212 0
5370 4425 2262 4426 4432 2265 491 2266 0
4425 5045 3498 2262 2265 3500 1392 491 0
2262 3498 5046 4427 491 1392 3502 2263 0
4426 2262 4427 5371 2266 491 2263 4428 0
4432 2265 491 2266 5373 4431 2264 4430 0
2265 3500 1392 491 4431 5047 3501 2264 0
491 1392 3502 2263 2264 3501 5048 4429 0
2266 491 2263 4428 4430 2264 4429 5372 0
5374 4433 2267 4434 4440 2270 492 2271 0
4433 5051 3515 2267 2270 3510 1401 492 0
2267 3515 5054 4435 492 1401 3513 2268 0
4434 2267 4435 5375 2271 492 2268 4436 0
4440 2270 492 2271 5377 4439 2269 4438 0
2270 3510 1401 492 4439 5052 3512 2269 0
492 1401 3513 2268 2269 3512 5053 4437 0
2271 492 2268 4436 4438 2269 4437 5376 0
5371 4427 2272 4441 4428 2263 493 2274 0
4427 5046 3509 2272 2263 3502 1398 493 0
2272 3509 5052 4439 493 1398 3512 2269 0
4441 2272 4439 5377 2274 493 2269 4438 0
4428 2263 493 2274 5372 4429 2273 4442 0
2263 3502 1398 493 4429 5048 3511 2273 0
493 1398 3512 2269 2273 3511 5053 4437 0
2274 493 2269 4438 4442 2273 4437 5376 0
4342 2181 3370 4998 2276 494 1408 3520 0
5343 4349 2181 4342 4444 2277 494 2276 0
4349 5346 4348 2181 2277 4443 2275 494 0
2181 4348 4999 3370 494 2275 3521 1408 0
3520 2276 494 1408 5051 4433 2267 3515 0
2276 4444 2277 494 4433 5374 4434 2267 0
494 2277 4443 2275 2267 4434 5375 4435 0
1408 494 2275 3521 3515 2267 4435 5054 0
2264 4429 5048 3501 495 2278 3524 1409 0
4431 2264 3501 5047 2280 495 1409 3522 0
5373 4430 2264 4431 4449 2281 495 2280 0
4430 5372 4429 2264 2281 4445 2278 495 0
3524 1409 495 2278 5056 3523 2279 4446 0
1409 3522 2280 495 3523 5055 4448 2279 0
495 2280 4449 2281 2279 4448 5379 4447 0
2278 495 2281 4445 4446 2279 4447 5378 0
5375 4435 2282 4450 4436 2268 496 2285 0
4435 5054 3534 2282 2268 3513 1417 496 0
2282 3534 5060 4451 496 1417 3532 2283 0
4450 2282 4451 5380 2285 496 2283 4452 0
4436 2268 496 2285 5376 4437 2284 4454 0
2268 3513 1417 496 4437 5053 3531 2284 0
496 1417 3532 2283 2284 3531 5059 4453 0
2285 496 2283 4452 4454 2284 4453 5381 0
2273 4437 5053 3511 497 2284 3531 1414 0
4429 2273 3511 5048 2278 497 1414 3524 0
5372 4442 2273 4429 4445 2287 497 2278 0
4442 5376 4437 2273 2287 4454 2284 497 0
3531 1414 497 2284 5059 3530 2286 4453 0
1414 3524 2278 497 3530 5056 4446 2286 0
497 2278 4445 2287 2286 4446 5378 4455 0
2284 497 2287 4454 4453 2286 4455 5381 0
4999 4348 2184 3381 3521 2275 498 1422 0
4348 5346 4351 2184 2275 4443 2289 498 0
2184 4351 5173 3876 498 2289 4456 2288 0
3381 2184 3876 4648 1422 498 2288 3537 0
3521 2275 498 1422 5054 4435 2282 3534 0
2275 4443 2289 498 4435 5375 4450 2282 0
498 2289 4456 2288 2282 4450 5380 4451 0
1422 498 2288 3537 3534 2282 4451 5060 0
5016 4370 2211 3414 3539 2292 499 1423 0
4370 5353 4382 2211 2292 4461 2293 499 0
2211 4382 5358 4381 499 2293 4457 2290 0
3414 2211 4381 5018 1423 499 2290 3538 0
3539 2292 499 1423 5062 4460 2291 3540 0
2292 4461 2293 499 4460 5383 4459 2291 0
499 2293 4457 2290 2291 4459 5382 4458 0
1423 499 2290 3538 3540 2291 4458 5061 0
5016 4370 2292 3539 3411 2204 500 1424 0
4370 5353 4461 2292 2204 4371 2296 500 0
2292 4461 5383 4460 500 2296 4462 2294 0
3539 2292 4460 5062 1424 500 2294 3542 0
3411 2204 500 1424 5015 4372 2295 3541 0
2204 4371 2296 500 4372 5354 4464 2295 0
500 2296 4462 2294 2295 4464 5384 4463 0
1424 500 2294 3542 3541 2295 4463 5063 0
3540 2291 4458 5061 1428 501 2297 3546 0
5062 4460 2291 3540 3547 2298 501 1428 0
4460 5383 4459 2291 2298 4466 2299 501 0
2291 4459 5382 4458 501 2299 4465 2297 0
3546 1428 501 2297 5051 3510 2270 4433 0
1428 3547 2298 501 3510 5052 4439 2270 0
501 2298 4466 2299 2270 4439 5377 4440 0
2297 501 2299 4465 4433 2270 4440 5374 0
5062 4460 2298 3547 3542 2294 502 1429 0
4460 5383 4466 2298 2294 4462 2301 502 0
2298 4466 5377 4439 502 2301 4441 2272 0
3547 2298 4439 5052 1429 502 2272 3509 0
3542 2294 502 1429 5063 4463 2300 3548 0
2294 4462 2301 502 4463 5384 4467 2300 0
502 2301 4441 2272 2300 4467 5371 4427 0
1429 502 2272 3509 3548 2300 4427 5046 0
5018 4381 2225 3436 3538 2290 503 1432 0
4381 5358 4393 2225 2290 4457 2304 503 0
2225 4393 5293 4199 503 2304 4468 2302 0
3436 2225 4199 4900 1432 503 2302 3550 0
3538 2290 503 1432 5061 4458 2303 3551 0
2290 4457 2304 503 4458 5382 4470 2303 0
503 2304 4468 2302 2303 4470 5385 4469 0
1432 503 2302 3550 3551 2303 4469 5065 0
3551 2303 4469 5065 1436 504 2305 3555 0
5061 4458 2303 3551 3546 2297 504 1436 0
4458 5382 4470 2303 2297 4465 2306 504 0
2303 4470 5385 4469 504 2306 4471 2305 0
3555 1436 504 2305 4998 3520 2276 4342 0
1436 3546 2297 504 3520 5051 4433 2276 0
504 2297 4465 2306 2276 4433 5374 4444 0
2305 504 2306 4471 4342 2276 4444 5343 0
3541 2295 4463 5063 1439 505 2307 3558 0
5015 4372 2295 3541 3427 2218 505 1439 0
4372 5354 4464 2295 2218 4386 2309 505 0
2295 4464 5384 4463 505 2309 4472 2307 0
3558 1439 505 2307 5067 3557 2308 4473 0
1439 3427 2218 505 3557 5023 4387 2308 0
505 2218 4386 2309 2308 4387 5359 4474 0
2307 505 2309 4472 4473 2308 4474 5386 0
3548 2300 4427 5046 1443 506 2262 3498 0
5063 4463 2300 3548 3558 2307 506 1443 0
4463 5384 4467 2300 2307 4472 2311 506 0
2300 4467 5371 4427 506 2311 4426 2262 0
3498 1443 506 2262 5045 3562 2310 4425 0
1443 3558 2307 506 3562 5067 4473 2310 0
506 2307 4472 2311 2310 4473 5386 4475 0
2262 506 2311 4426 4425 2310 4475 5370 0
4901 3121 2041 4197 3576 1459 507 2312 0
3121 4900 4199 2041 1459 3550 2302 507 0
2041 4199 5293 4198 507 2302 4468 2314 0
4197 2041 4198 5292 2312 507 2314 4476 0
3576 1459 507 2312 5072 3577 2313 4477 0
1459 3550 2302 507 3577 5065 4469 2313 0
507 2302 4468 2314 2313 4469 5385 4478 0
2312 507 2314 4476 4477 2313 4478 5387 0
5072 3577 2313 4477 3578 1462 508 2315 0
3577 5065 4469 2313 1462 3555 2305 508 0
2313 4469 5385 4478 508 2305 4471 2316 0
4477 2313 4478 5387 2315 508 2316 4479 0
3578 1462 508 2315 4997 3369 2178 4344 0
1462 3555 2305 508 3369 4998 4342 2178 0
508 2305 4471 2316 2178 4342 5343 4343 0
2315 508 2316 4479 4344 2178 4343 5344 0
4208 2051 4209 5296 2317 509 2320 4480 0
4908 3138 2051 4208 3579 1464 509 2317 0
3138 4905 4202 2051 1464 3582 2319 509 0
2051 4202 5294 4209 509 2319 4484 2320 0
4480 2317 509 2320 5388 4481 2318 4482 0
2317 3579 1464 509 4481 5073 3581 2318 0
509 1464 3582 2319 2318 3581 5074 4483 0
2320 509 2319 4484 4482 2318 4483 5389 0
4481 5073 3581 2318 2321 3584 1468 510 0
2318 3581 5074 4483 510 1468 3585 2322 0
4482 2318 4483 5389 2323 510 2322 4486 0
5388 4481 2318 4482 4485 2321 510 2323 0
3584 1468 510 2321 5013 3408 2198 4365 0
1468 3585 2322 510 3408 5007 4358 2198 0
510 2322 4486 2323 2198 4358 5349 4364 0
2321 510 2323 4485 4365 2198 4364 5351 0
4202 2045 4203 5294 2319 511 2326 4484 0
4905 3130 2045 4202 3582 1470 511 2319 0
3130 4904 4204 2045 1470 3587 2325 511 0
2045 4204 5295 4203 511 2325 4489 2326 0
4484 2319 511 2326 5389 4483 2324 4487 0
2319 3582 1470 511 4483 5074 3586 2324 0
511 1470 3587 2325 2324 3586 5075 4488 0
2326 511 2325 4489 4487 2324 4488 5390 0
4904 3128 2048 4204 3587 1471 512 2325 0
3128 4901 4197 2048 1471 3576 2312 512 0
2048 4197 5292 4206 512 2312 4476 2328 0
4204 2048 4206 5295 2325 512 2328 4489 0
3587 1471 512 2325 5075 3588 2327 4488 0
1471 3576 2312 512 3588 5072 4477 2327 0
512 2312 4476 2328 2327 4477 5387 4490 0
2325 512 2328 4489 4488 2327 4490 5390 0
4483 5074 3586 2324 2322 3585 1473 513 0
2324 3586 5075 4488 513 1473 3589 2329 0
4487 2324 4488 5390 2330 513 2329 4491 0
5389 4483 2324 4487 4486 2322 513 2330 0
3585 1473 513 2322 5007 3391 2190 4358 0
1473 3589 2329 513 3391 5005 4353 2190 0
513 2329 4491 2330 2190 4353 5347 4357 0
2322 513 2330 4486 4358 2190 4357 5349 0
5075 3588 2327 4488 3589 1474 514 2329 0
3588 5072 4477 2327 1474 3578 2315 514 0
2327 4477 5387 4490 514 2315 4479 2331 0
4488 2327 4490 5390 2329 514 2331 4491 0
3589 1474 514 2329 5005 3385 2186 4353 0
1474 3578 2315 514 3385 4997 4344 2186 0
514 2315 4479 2331 2186 4344 5344 4352 0
2329 514 2331 4491 4353 2186 4352 5347 0
5302 4225 2332 4492 4226 2067 515 2334 0
4225 4922 3597 2332 2067 3174 1481 515 0
2332 3597 5078 4493 515 1481 3595 2333 0
4492 2332 4493 5391 2334 515 2333 4494 0
4226 2067 515 2334 5234 4041 1903 4042 0
2067 3174 1481 515 4041 4765 2795 1903 0
515 1481 3595 2333 1903 2795 4762 4033 0
2334 515 2333 4494 4042 1903 4033 5231 0
4984 3332 2151 4317 3600 1486 516 2335 0
3332 4926 4230 2151 1486 3182 2071 516 0
2151 4230 5304 4318 516 2071 4231 2336 0
4317 2151 4318 5335 2335 516 2336 4495 0
3600 1486 516 2335 5078 3597 2332 4493 0
1486 3182 2071 516 3597 4922 4225 2332 0
516 2071 4231 2336 2332 4225 5302 4492 0
2335 516 2336 4495 4493 2332 4492 5391 0
5391 4493 2337 4496 4494 2333 517 2339 0
4493 5078 3607 2337 2333 3595 1493 517 0
2337 3607 5080 4497 517 1493 3605 2338 0
4496 2337 4497 5392 2339 517 2338 4498 0
4494 2333 517 2339 5231 4033 1896 4034 0
2333 3595 1493 517 4033 4762 2787 1896 0
517 1493 3605 2338 1896 2787 4721 4002 0
2339 517 2338 4498 4034 1896 4002 5220 0
4986 3337 2154 4320 3609 1498 518 2340 0
3337 4984 4317 2154 1498 3600 2335 518 0
2154 4317 5335 4321 518 2335 4495 2341 0
4320 2154 4321 5336 2340 518 2341 4499 0
3609 1498 518 2340 5080 3607 2337 4497 0
1498 3600 2335 518 3607 5078 4493 2337 0
518 2335 4495 2341 2337 4493 5391 4496 0
2340 518 2341 4499 4497 2337 4496 5392 0
4425 2265 3500 5045 2344 519 1511 3626 0
5370 4432 2265 4425 4504 2345 519 2344 0
4432 5373 4431 2265 2345 4500 2342 519 0
2265 4431 5047 3500 519 2342 3629 1511 0
3626 2344 519 1511 5089 4503 2343 3630 0
2344 4504 2345 519 4503 5394 4502 2343 0
519 2345 4500 2342 2343 4502 5393 4501 0
1511 519 2342 3629 3630 2343 4501 5090 0
3630 2343 4501 5090 1515 520 2346 3634 0
5089 4503 2343 3630 3631 2348 520 1515 0
4503 5394 4502 2343 2348 4509 2349 520 0
2343 4502 5393 4501 520 2349 4505 2346 0
3634 1515 520 2346 5092 3635 2347 4506 0
1515 3631 2348 520 3635 5091 4508 2347 0
520 2348 4509 2349 2347 4508 5396 4507 0
2346 520 2349 4505 4506 2347 4507 5395 0
5047 4431 2280 3522 3629 2342 521 1526 0
4431 5373 4449 2280 2342 4500 2352 521 0
2280 4449 5379 4448 521 2352 4510 2350 0
3522 2280 4448 5055 1526 521 2350 3646 0
3629 2342 521 1526 5090 4501 2351 3647 0
2342 4500 2352 521 4501 5393 4512 2351 0
521 2352 4510 2350 2351 4512 5397 4511 0
1526 521 2350 3646 3647 2351 4511 5096 0
3647 2351 4511 5096 1529 522 2353 3649 0
5090 4501 2351 3647 3634 2346 522 1529 0
4501 5393 4512 2351 2346 4505 2355 522 0
2351 4512 5397 4511 522 2355 4513 2353 0
3649 1529 522 2353 5097 3650 2354 4514 0
1529 3634 2346 522 3650 5092 4506 2354 0
522 2346 4505 2355 2354 4506 5395 4515 0
2353 522 2355 4513 4514 2354 4515 5398 0
5396 4508 2356 4516 4509 2348 523 2359 0
4508 5091 3665 2356 2348 3631 1540 523 0
2356 3665 5103 4517 523 1540 3663 2357 0
4516 2356 4517 5399 2359 523 2357 4518 0
4509 2348 523 2359 5394 4503 2358 4520 0
2348 3631 1540 523 4503 5089 3664 2358 0
523 1540 3663 2357 2358 3664 5102 4519 0
2359 523 2357 4518 4520 2358 4519 5400 0
2358 4519 5102 3664 524 2360 3666 1544 0
4503 2358 3664 5089 2344 524 1544 3626 0
5394 4520 2358 4503 4504 2361 524 2344 0
4520 5400 4519 2358 2361 4521 2360 524 0
3666 1544 524 2360 5067 3562 2310 4473 0
1544 3626 2344 524 3562 5045 4425 2310 0
524 2344 4504 2361 2310 4425 5370 4475 0
2360 524 2361 4521 4473 2310 4475 5386 0
5399 4517 2362 4522 4518 2357 525 2364 0
4517 5103 3672 2362 2357 3663 1551 525 0
2362 3672 5033 4401 525 1551 3464 2234 0
4522 2362 4401 5363 2364 525 2234 4400 0
4518 2357 525 2364 5400 4519 2363 4523 0
2357 3663 1551 525 4519 5102 3671 2363 0
525 1551 3464 2234 2363 3671 5029 4395 0
2364 525 2234 4400 4523 2363 4395 5361 0
2363 4395 5029 3671 526 2228 3452 1554 0
4519 2363 3671 5102 2360 526 1554 3666 0
5400 4523 2363 4519 4521 2365 526 2360 0
4523 5361 4395 2363 2365 4394 2228 526 0
3452 1554 526 2228 5023 3557 2308 4387 0
1554 3666 2360 526 3557 5067 4473 2308 0
526 2360 4521 2365 2308 4473 5386 4474 0
2228 526 2365 4394 4387 2308 4474 5359 0
5340 4333 2366 4524 4334 2168 527 2368 0
4333 4992 3678 2366 2168 3356 1560 527 0
2366 3678 5105 4525 527 1560 3676 2367 0
4524 2366 4525 5401 2368 527 2367 4526 0
4334 2168 527 2368 5336 4320 2340 4499 0
2168 3356 1560 527 4320 4986 3609 2340 0
527 1560 3676 2367 2340 3609 5080 4497 0
2368 527 2367 4526 4499 2340 4497 5392 0
4951 4262 2242 3467 3367 2176 528 1562 0
4262 5315 4410 2242 2176 4341 2371 528 0
2242 4410 5366 4409 528 2371 4527 2369 0
3467 2242 4409 5035 1562 528 2369 3680 0
3367 2176 528 1562 4995 4336 2370 3681 0
2176 4341 2371 528 4336 5341 4529 2370 0
528 2371 4527 2369 2370 4529 5402 4528 0
1562 528 2369 3680 3681 2370 4528 5106 0
5342 4338 2372 4530 4340 2174 529 2374 0
4338 4994 3684 2372 2174 3361 1566 529 0
2372 3684 5107 4531 529 1566 3682 2373 0
4530 2372 4531 5403 2374 529 2373 4532 0
4340 2174 529 2374 5340 4333 2366 4524 0
2174 3361 1566 529 4333 4992 3678 2366 0
529 1566 3682 2373 2366 3678 5105 4525 0
2374 529 2373 4532 4524 2366 4525 5401 0
3681 2370 4528 5106 1565 530 2375 3683 0
4995 4336 2370 3681 3363 2171 530 1565 0
4336 5341 4529 2370 2171 4337 2376 530 0
2370 4529 5402 4528 530 2376 4533 2375 0
3683 1565 530 2375 5107 3684 2372 4531 0
1565 3363 2171 530 3684 4994 4338 2372 0
530 2171 4337 2376 2372 4338 5342 4530 0
2375 530 2376 4533 4531 2372 4530 5403 0
5401 4525 2377 4534 4526 2367 531 2378 0
4525 5105 3686 2377 2367 3676 1570 531 0
2377 3686 4717 3992 531 1570 2684 1866 0
4534 2377 3992 5218 2378 531 1866 4003 0
4526 2367 531 2378 5392 4497 2338 4498 0
2367 3676 1570 531 4497 5080 3605 2338 0
531 1570 2684 1866 2338 3605 4721 4002 0
2378 531 1866 4003 4498 2338 4002 5220 0
5035 4409 2245 3475 3680 2369 532 1571 0
4409 5366 4412 2245 2369 4527 2380 532 0
2245 4412 5210 3973 532 2380 3997 1860 0
3475 2245 3973 4705 1571 532 1860 2680 0
3680 2369 532 1571 5106 4528 2379 3687 0
2369 4527 2380 532 4528 5402 4535 2379 0
532 2380 3997 1860 2379 4535 5214 3983 0
1571 532 1860 2680 3687 2379 3983 4714 0
5403 4531 2381 4536 4532 2373 533 2382 0
4531 5107 3688 2381 2373 3682 1574 533 0
2381 3688 4715 3981 533 1574 2668 1853 0
4536 2381 3981 5213 2382 533 1853 3993 0
4532 2373 533 2382 5401 4525 2377 4534 0
2373 3682 1574 533 4525 5105 3686 2377 0
533 1574 2668 1853 2377 3686 4717 3992 0
2382 533 1853 3993 4534 2377 3992 5218 0
3687 2379 3983 4714 1573 534 1846 2665 0
5106 4528 2379 3687 3683 2375 534 1573 0
4528 5402 4535 2379 2375 4533 2383 534 0
2379 4535 5214 3983 534 2383 3982 1846 0
2665 1573 534 1846 4715 3688 2381 3981 0
1573 3683 2375 534 3688 5107 4531 2381 0
534 2375 4533 2383 2381 4531 5403 4536 0
1846 534 2383 3982 3981 2381 4536 5213 0
5109 3690 2384 4537 3689 1575 535 2385 0
3690 5110 4539 2384 1575 3691 2387 535 0
2384 4539 5405 4538 535 2387 4544 2388 0
4537 2384 4538 5404 2385 535 2388 4540 0
3689 1575 535 2385 5108 3692 2386 4541 0
1575 3691 2387 535 3692 5111 4543 2386 0
535 2387 4544 2388 2386 4543 5407 4542 0
2385 535 2388 4540 4541 2386 4542 5406 0
5097 4545 2389 4514 3649 2392 536 2353 0
4545 5408 4547 2389 2392 4550 2391 536 0
2389 4547 5409 4546 536 2391 4549 2393 0
4514 2389 4546 5398 2353 536 2393 4513 0
3649 2392 536 2353 5096 3701 2390 4511 0
2392 4550 2391 536 3701 5109 4537 2390 0
536 2391 4549 2393 2390 4537 5404 4548 0
2353 536 2393 4513 4511 2390 4548 5397 0
5096 3701 2390 4511 3646 1581 537 2350 0
3701 5109 4537 2390 1581 3689 2385 537 0
2390 4537 5404 4548 537 2385 4540 2395 0
4511 2390 4548 5397 2350 537 2395 4510 0
3646 1581 537 2350 5055 3702 2394 4448 0
1581 3689 2385 537 3702 5108 4541 2394 0
537 2385 4540 2395 2394 4541 5406 4551 0
2350 537 2395 4510 4448 2394 4551 5379 0
4739 2735 1881 4011 3711 1591 538 2396 0
2735 4742 4019 1881 1591 3709 2398 538 0
1881 4019 5226 4018 538 2398 4556 2399 0
4011 1881 4018 5223 2396 538 2399 4552 0
3711 1591 538 2396 5117 3710 2397 4553 0
1591 3709 2398 538 3710 5116 4555 2397 0
538 2398 4556 2399 2397 4555 5411 4554 0
2396 538 2399 4552 4553 2397 4554 5410 0
4709 2727 1874 3979 3495 1596 539 2260 0
2727 4739 4011 1874 1596 3711 2396 539 0
1874 4011 5223 4010 539 2396 4552 2401 0
3979 1874 4010 5212 2260 539 2401 4424 0
3495 1596 539 2260 5042 3717 2400 4422 0
1596 3711 2396 539 3717 5117 4553 2400 0
539 2396 4552 2401 2400 4553 5410 4557 0
2260 539 2401 4424 4422 2400 4557 5369 0
5117 3710 2397 4553 3722 1603 540 2402 0
3710 5116 4555 2397 1603 3721 2403 540 0
2397 4555 5411 4554 540 2403 4559 2404 0
4553 2397 4554 5410 2402 540 2404 4558 0
3722 1603 540 2402 4865 3056 2018 4162 0
1603 3721 2403 540 3056 4873 4172 2018 0
540 2403 4559 2404 2018 4172 5283 4173 0
2402 540 2404 4558 4162 2018 4173 5279 0
5042 3717 2400 4422 3493 1607 541 2257 0
3717 5117 4553 2400 1607 3722 2402 541 0
2400 4553 5410 4557 541 2402 4558 2405 0
4422 2400 4557 5369 2257 541 2405 4421 0
3493 1607 541 2257 4866 3041 2010 4164 0
1607 3722 2402 541 3041 4865 4162 2010 0
541 2402 4558 2405 2010 4162 5279 4163 0
2257 541 2405 4421 4164 2010 4163 5280 0
5173 3876 2288 4456 3875 1753 542 2408 0
3876 4648 3537 2288 1753 2522 1620 542 0
2288 3537 5060 4451 542 1620 3739 2407 0
4456 2288 4451 5380 2408 542 2407 4562 0
3875 1753 542 2408 5166 3857 2406 4560 0
1753 2522 1620 542 3857 4638 3736 2406 0
542 1620 3739 2407 2406 3736 5126 4561 0
2408 542 2407 4562 4560 2406 4561 5412 0
4451 2283 4452 5380 2407 543 2411 4562 0
5060 3532 2283 4451 3739 1626 543 2407 0
3532 5059 4453 2283 1626 3745 2410 543 0
2283 4453 5381 4452 543 2410 4565 2411 0
4562 2407 543 2411 5412 4561 2409 4563 0
2407 3739 1626 543 4561 5126 3742 2409 0
543 1626 3745 2410 2409 3742 5128 4564 0
2411 543 2410 4565 4563 2409 4564 5413 0
5059 4453 2410 3745 3530 2286 544 1624 0
4453 5381 4565 2410 2286 4455 2414 544 0
2410 4565 5413 4564 544 2414 4566 2412 0
3745 2410 4564 5128 1624 544 2412 3743 0
3530 2286 544 1624 5056 4446 2413 3744 0
2286 4455 2414 544 4446 5378 4568 2413 0
544 2414 4566 2412 2413 4568 5414 4567 0
1624 544 2412 3743 3744 2413 4567 5127 0
3744 2413 4567 5127 1628 545 2415 3746 0
5056 4446 2413 3744 3523 2279 545 1628 0
4446 5378 4568 2413 2279 4447 2416 545 0
2413 4568 5414 4567 545 2416 4569 2415 0
3746 1628 545 2415 5108 3702 2394 4541 0
1628 3523 2279 545 3702 5055 4448 2394 0
545 2279 4447 2416 2394 4448 5379 4551 0
2415 545 2416 4569 4541 2394 4551 5406 0
3857 4638 3736 2406 1737 2499 1632 546 0
2406 3736 5126 4561 546 1632 3751 2418 0
4560 2406 4561 5412 2419 546 2418 4572 0
5166 3857 2406 4560 3856 1737 546 2419 0
2499 1632 546 1737 4636 3749 2417 3855 0
1632 3751 2418 546 3749 5130 4570 2417 0
546 2418 4572 2419 2417 4570 5415 4571 0
1737 546 2419 3856 3855 2417 4571 5165 0
4561 5126 3742 2409 2418 3751 1638 547 0
2409 3742 5128 4564 547 1638 3757 2421 0
4563 2409 4564 5413 2422 547 2421 4575 0
5412 4561 2409 4563 4572 2418 547 2422 0
3751 1638 547 2418 5130 3755 2420 4570 0
1638 3757 2421 547 3755 5132 4573 2420 0
547 2421 4575 2422 2420 4573 5416 4574 0
2418 547 2422 4572 4570 2420 4574 5415 0
5128 4564 2421 3757 3743 2412 548 1636 0
4564 5413 4575 2421 2412 4566 2425 548 0
2421 4575 5416 4573 548 2425 4577 2423 0
3757 2421 4573 5132 1636 548 2423 3754 0
3743 2412 548 1636 5127 4567 2424 3756 0
2412 4566 2425 548 4567 5414 4578 2424 0
548 2425 4577 2423 2424 4578 5417 4576 0
1636 548 2423 3754 3756 2424 4576 5131 0
3756 2424 4576 5131 1640 549 2426 3758 0
5127 4567 2424 3756 3746 2415 549 1640 0
4567 5414 4578 2424 2415 4569 2427 549 0
2424 4578 5417 4576 549 2427 4579 2426 0
3758 1640 549 2426 5111 3692 2386 4543 0
1640 3746 2415 549 3692 5108 4541 2386 0
549 2415 4569 2427 2386 4541 5406 4542 0
2426 549 2427 4579 4543 2386 4542 5407 0
5352 4367 2202 4369 4580 2428 550 2430 0
4367 5012 3409 2202 2428 3769 1650 550 0
2202 3409 4645 3873 550 1650 3080 2022 0
4369 2202 3873 5172 2430 550 2022 4178 0
4580 2428 550 2430 5418 4581 2429 4582 0
2428 3769 1650 550 4581 5136 3767 2429 0
550 1650 3080 2022 2429 3767 4883 4176 0
2430 550 2022 4178 4582 2429 4176 5285 0
5418 4581 2431 4583 4589 2434 551 2435 0
4581 5136 3781 2431 2434 3775 1659 551 0
2431 3781 5141 4584 551 1659 3779 2432 0
4583 2431 4584 5419 2435 551 2432 4585 0
4589 2434 551 2435 5421 4587 2433 4588 0
2434 3775 1659 551 4587 5139 3777 2433 0
551 1659 3779 2432 2433 3777 5140 4586 0
2435 551 2432 4585 4588 2433 4586 5420 0
4365 2199 4366 5351 2436 552 2437 4590 0
5013 3406 2199 4365 3783 1663 552 2436 0
3406 5012 4367 2199 1663 3769 2428 552 0
2199 4367 5352 4366 552 2428 4580 2437 0
4590 2436 552 2437 5419 4584 2431 4583 0
2436 3783 1663 552 4584 5141 3781 2431 0
552 1663 3769 2428 2431 3781 5136 4581 0
2437 552 2428 4580 4583 2431 4581 5418 0
5143 3785 2438 4591 3784 1664 553 2439 0
3785 4873 4172 2438 1664 3721 2403 553 0
2438 4172 5283 4592 553 2403 4559 2441 0
4591 2438 4592 5422 2439 553 2441 4593 0
3784 1664 553 2439 5142 3786 2440 4594 0
1664 3721 2403 553 3786 5116 4555 2440 0
553 2403 4559 2441 2440 4555 5411 4595 0
2439 553 2441 4593 4594 2440 4595 5423 0
5142 3786 2440 4594 3792 1669 554 2442 0
3786 5116 4555 2440 1669 3709 2398 554 0
2440 4555 5411 4595 554 2398 4556 2443 0
4594 2440 4595 5423 2442 554 2443 4596 0
3792 1669 554 2442 4790 2866 1931 4061 0
1669 3709 2398 554 2866 4742 4019 1931 0
554 2398 4556 2443 1931 4019 5226 4074 0
2442 554 2443 4596 4061 1931 4074 5241 0
5146 3795 2444 4597 3794 1672 555 2445 0
3795 5142 4594 2444 1672 3792 2442 555 0
2444 4594 5423 4598 555 2442 4596 2446 0
4597 2444 4598 5424 2445 555 2446 4599 0
3794 1672 555 2445 4787 2856 1922 4063 0
1672 3792 2442 555 2856 4790 4061 1922 0
555 2442 4596 2446 1922 4061 5241 4062 0
2445 555 2446 4599 4063 1922 4062 5242 0
5425 4600 2447 4601 4602 2448 556 2450 0
4600 5150 3810 2447 2448 3808 1688 556 0
2447 3810 4914 4218 556 1688 3150 2059 0
4601 2447 4218 5300 2450 556 2059 4219 0
4602 2448 556 2450 5426 4603 2449 4604 0
2448 3808 1688 556 4603 5149 3809 2449 0
556 1688 3150 2059 2449 3809 4910 4213 0
2450 556 2059 4219 4604 2449 4213 5298 0
4603 5149 3809 2449 2451 3811 1692 557 0
2449 3809 4910 4213 557 1692 3142 2055 0
4604 2449 4213 5298 2452 557 2055 4214 0
5426 4603 2449 4604 4605 2451 557 2452 0
3811 1692 557 2451 5073 3579 2317 4481 0
1692 3142 2055 557 3579 4908 4208 2317 0
557 2055 4214 2452 2317 4208 5296 4480 0
2451 557 2452 4605 4481 2317 4480 5388 0
5420 4586 2453 4606 4585 2432 558 2455 0
4586 5140 3815 2453 2432 3779 1697 558 0
2453 3815 5150 4600 558 1697 3808 2448 0
4606 2453 4600 5425 2455 558 2448 4602 0
4585 2432 558 2455 5419 4584 2454 4607 0
2432 3779 1697 558 4584 5141 3814 2454 0
558 1697 3808 2448 2454 3814 5149 4603 0
2455 558 2448 4602 4607 2454 4603 5426 0
4584 5141 3814 2454 2436 3783 1700 559 0
2454 3814 5149 4603 559 1700 3811 2451 0
4607 2454 4603 5426 2456 559 2451 4605 0
5419 4584 2454 4607 4590 2436 559 2456 0
3783 1700 559 2436 5013 3584 2321 4365 0
1700 3811 2451 559 3584 5073 4481 2321 0
559 2451 4605 2456 2321 4481 5388 4485 0
2436 559 2456 4590 4365 2321 4485 5351 0
5154 3825 2457 4608 3824 1707 560 2458 0
3825 5153 4610 2457 1707 3822 2459 560 0
2457 4610 5428 4609 560 2459 4612 2460 0
4608 2457 4609 5427 2458 560 2460 4611 0
3824 1707 560 2458 5033 3672 2362 4401 0
1707 3822 2459 560 3672 5103 4517 2362 0
560 2459 4612 2460 2362 4517 5399 4522 0
2458 560 2460 4611 4401 2362 4522 5363 0
4914 3827 2461 4218 3151 1713 561 2058 0
3827 5155 4614 2461 1713 3832 2463 561 0
2461 4614 5429 4613 561 2463 4617 2464 0
4218 2461 4613 5300 2058 561 2464 4217 0
3151 1713 561 2058 4913 3829 2462 4216 0
1713 3832 2463 561 3829 5157 4616 2462 0
561 2463 4617 2464 2462 4616 5430 4615 0
2058 561 2464 4217 4216 2462 4615 5299 0
4913 3829 2462 4216 3159 1719 562 2063 0
3829 5157 4616 2462 1719 3837 2465 562 0
2462 4616 5430 4615 562 2465 4618 2466 0
4216 2462 4615 5299 2063 562 2466 4221 0
3159 1719 562 2063 4754 2899 1946 4027 0
1719 3837 2465 562 2899 4804 4085 1946 0
562 2465 4618 2466 1946 4085 5250 4088 0
2063 562 2466 4221 4027 1946 4088 5229 0
5364 4403 2238 4405 4619 2467 563 2469 0
4403 5032 3465 2238 2467 3844 1727 563 0
2238 3465 4774 4059 563 1727 2955 1966 0
4405 2238 4059 5240 2469 563 1966 4110 0
4619 2467 563 2469 5431 4620 2468 4621 0
2467 3844 1727 563 4620 5160 3842 2468 0
563 1727 2955 1966 2468 3842 4824 4111 0
2469 563 1966 4110 4621 2468 4111 5259 0
4401 2235 4402 5363 2458 564 2471 4611 0
5033 3462 2235 4401 3824 1731 564 2458 0
3462 5032 4403 2235 1731 3844 2467 564 0
2235 4403 5364 4402 564 2467 4619 2471 0
4611 2458 564 2471 5427 4608 2470 4622 0
2458 3824 1731 564 4608 5154 3846 2470 0
564 1731 3844 2467 2470 3846 5160 4620 0
2471 564 2467 4619 4622 2470 4620 5431 0
End

