MeshVersionFormatted 1
Dimension 3
Vertices
2204
0.309028 0.309028 0.309028 0
0.28125 0.75 0.28125 0
0.75 0.75 0.25 0
0.75 0.28125 0.28125 0
0.28125 0.28125 0.75 0
0.25 0.75 0.75 0
0.75 0.75 0.75 0
0.75 0.25 0.75 0
1.25 0.28125 0.28125 0
1.25 0.75 0.25 0
1.25 0.25 0.75 0
1.25 0.75 0.75 0
0.28125 1.25 0.28125 0
0.75 1.25 0.25 0
0.25 1.25 0.75 0
0.75 1.25 0.75 0
1.25 1.25 0.25 0
1.25 1.25 0.75 0
0.75 0.25 1.25 0
0.28125 0.28125 1.25 0
0.25 0.75 1.25 0
0.75 0.75 1.25 0
1.25 0.25 1.25 0
1.25 0.75 1.25 0
0.75 1.25 1.25 0
0.25 1.25 1.25 0
1.25 1.25 1.25 0
0.336806 0.336806 0.118056 0
0.514757 0.288194 0.288194 0
0.288194 0.288194 0.514757 0
0.118056 0.336806 0.336806 0
0.336806 0.118056 0.336806 0
0.288194 0.514757 0.288194 0
0.3125 0.75 0.0625 0
0.507812 0.75 0.257812 0
0.257812 0.75 0.507812 0
0.0625 0.75 0.3125 0
0.28125 1 0.28125 0
0.75 0.75 0 0
1 0.75 0.25 0
0.75 0.75 0.5 0
0.75 0.507812 0.257812 0
0.75 1 0.25 0
0.75 0.3125 0.0625 0
1 0.28125 0.28125 0
0.75 0.257812 0.507812 0
0.75 0.0625 0.3125 0
0.507812 0.257812 0.75 0
0.28125 0.28125 1 0
0.0625 0.3125 0.75 0
0.3125 0.0625 0.75 0
0.257812 0.507812 0.75 0
0.5 0.75 0.75 0
0.25 0.75 1 0
0 0.75 0.75 0
0.25 1 0.75 0
1 0.75 0.75 0
0.75 0.75 1 0
0.75 0.5 0.75 0
0.75 1 0.75 0
1 0.25 0.75 0
0.75 0.25 1 0
0.75 0 0.75 0
1.25 0.3125 0.0625 0
1.5 0.28125 0.28125 0
1.25 0.257812 0.507812 0
1.25 0.0625 0.3125 0
1.25 0.507812 0.257812 0
1.25 0.75 0 0
1.5 0.75 0.25 0
1.25 0.75 0.5 0
1.25 1 0.25 0
1.5 0.25 0.75 0
1.25 0.25 1 0
1.25 0 0.75 0
1.25 0.5 0.75 0
1.5 0.75 0.75 0
1.25 0.75 1 0
1.25 1 0.75 0
0.3125 1.25 0.0625 0
0.507812 1.25 0.257812 0
0.257812 1.25 0.507812 0
0.0625 1.25 0.3125 0
0.28125 1.5 0.28125 0
0.75 1.25 0 0
1 1.25 0.25 0
0.75 1.25 0.5 0
0.75 1.5 0.25 0
0.5 1.25 0.75 0
0.25 1.25 1 0
0 1.25 0.75 0
0.25 1.5 0.75 0
1 1.25 0.75 0
0.75 1.25 1 0
0.75 1.5 0.75 0
1.25 1.25 0 0
1.5 1.25 0.25 0
1.25 1.25 0.5 0
1.25 1.5 0.25 0
1.5 1.25 0.75 0
1.25 1.25 1 0
1.25 1.5 0.75 0
0.75 0.5 1.25 0
0.75 0.25 1.5 0
0.75 0 1.25 0
1 0.25 1.25 0
0.507812 0.257812 1.25 0
0.257812 0.507812 1.25 0
0.28125 0.28125 1.5 0
0.3125 0.0625 1.25 0
0.0625 0.3125 1.25 0
0.25 1 1.25 0
0.25 0.75 1.5 0
0.5 0.75 1.25 0
0 0.75 1.25 0
0.75 1 1.25 0
0.75 0.75 1.5 0
1 0.75 1.25 0
1.25 0.5 1.25 0
1.25 0.25 1.5 0
1.25 0 1.25 0
1.5 0.25 1.25 0
1.25 1 1.25 0
1.25 0.75 1.5 0
1.5 0.75 1.25 0
0.75 1.5 1.25 0
0.75 1.25 1.5 0
1 1.25 1.25 0
0.5 1.25 1.25 0
0.25 1.5 1.25 0
0.25 1.25 1.5 0
0 1.25 1.25 0
1.25 1.5 1.25 0
1.25 1.25 1.5 0
1.5 1.25 1.25 0
0.200521 0.348958 0.200521 0
0.318576 0.521701 0.0763889 0
0.521701 0.318576 0.0763889 0
0.348958 0.200521 0.200521 0
0.509549 0.509549 0.265408 0
0.509549 0.265408 0.509549 0
0.521701 0.0763889 0.318576 0
0.318576 0.0763889 0.521701 0
0.265408 0.509549 0.509549 0
0.0763889 0.318576 0.521701 0
0.200521 0.200521 0.348958 0
0.0763889 0.521701 0.318576 0
0.15625 0.75 0.15625 0
0.3125 1 0.0625 0
0.515625 0.75 0.015625 0
0.507812 1 0.257812 0
0.501953 0.75 0.501953 0
0.257812 1 0.507812 0
0.015625 0.75 0.515625 0
0.0625 1 0.3125 0
0.75 1 0 0
1 0.75 0 0
0.75 0.515625 0.015625 0
1 1 0.25 0
1 0.75 0.5 0
1 0.507812 0.257812 0
0.75 0.501953 0.501953 0
0.75 1 0.5 0
1 0.3125 0.0625 0
0.75 0.15625 0.15625 0
1 0.257812 0.507812 0
1 0.0625 0.3125 0
0.75 0.015625 0.515625 0
0.501953 0.501953 0.75 0
0.507812 0.257812 1 0
0.515625 0.015625 0.75 0
0.3125 0.0625 1 0
0.257812 0.507812 1 0
0.0625 0.3125 1 0
0.15625 0.15625 0.75 0
0.015625 0.515625 0.75 0
0.5 1 0.75 0
0.5 0.75 1 0
0.25 1 1 0
0 0.75 1 0
0 1 0.75 0
1 1 0.75 0
1 0.75 1 0
1 0.5 0.75 0
0.75 0.5 1 0
0.75 1 1 0
1 0.25 1 0
1 0 0.75 0
0.75 0 1 0
1.25 0.515625 0.015625 0
1.5 0.3125 0.0625 0
1.25 0.15625 0.15625 0
1.5 0.507812 0.257812 0
1.5 0.257812 0.507812 0
1.5 0.0625 0.3125 0
1.25 0.015625 0.515625 0
1.25 0.501953 0.501953 0
1.25 1 0 0
1.5 0.75 0 0
1.5 1 0.25 0
1.5 0.75 0.5 0
1.25 1 0.5 0
1.5 0.5 0.75 0
1.5 0.25 1 0
1.5 0 0.75 0
1.25 0 1 0
1.25 0.5 1 0
1.5 1 0.75 0
1.5 0.75 1 0
1.25 1 1 0
0.15625 1.25 0.15625 0
0.3125 1.5 0.0625 0
0.515625 1.25 0.015625 0
0.507812 1.5 0.257812 0
0.501953 1.25 0.501953 0
0.257812 1.5 0.507812 0
0.015625 1.25 0.515625 0
0.0625 1.5 0.3125 0
0.75 1.5 0 0
1 1.25 0 0
1 1.5 0.25 0
1 1.25 0.5 0
0.75 1.5 0.5 0
0.5 1.5 0.75 0
0.5 1.25 1 0
0.25 1.5 1 0
0 1.25 1 0
0 1.5 0.75 0
1 1.5 0.75 0
1 1.25 1 0
0.75 1.5 1 0
1.25 1.5 0 0
1.5 1.25 0 0
1.5 1.5 0.25 0
1.5 1.25 0.5 0
1.25 1.5 0.5 0
1.5 1.5 0.75 0
1.5 1.25 1 0
1.25 1.5 1 0
0.501953 0.501953 1.25 0
0.75 0.5 1.5 0
1 0.5 1.25 0
1 0.25 1.5 0
0.507812 0.257812 1.5 0
0.75 0 1.5 0
1 0 1.25 0
0.515625 0.015625 1.25 0
0.015625 0.515625 1.25 0
0.257812 0.507812 1.5 0
0.0625 0.3125 1.5 0
0.3125 0.0625 1.5 0
0.15625 0.15625 1.25 0
0 1 1.25 0
0.25 1 1.5 0
0.5 1 1.25 0
0.5 0.75 1.5 0
0 0.75 1.5 0
0.75 1 1.5 0
1 1 1.25 0
1 0.75 1.5 0
1.25 0.5 1.5 0
1.5 0.5 1.25 0
1.5 0.25 1.5 0
1.25 0 1.5 0
1.5 0 1.25 0
1.25 1 1.5 0
1.5 1 1.25 0
1.5 0.75 1.5 0
0.5 1.5 1.25 0
0.75 1.5 1.5 0
1 1.5 1.25 0
1 1.25 1.5 0
0.5 1.25 1.5 0
0 1.5 1.25 0
0.25 1.5 1.5 0
0 1.25 1.5 0
1.25 1.5 1.5 0
1.5 1.5 1.25 0
1.5 1.25 1.5 0
0.24537 0.24537 0.24537 0
0.167318 0.52474 0.167318 0
0.517144 0.517144 0.030816 0
0.52474 0.167318 0.167318 0
0.503852 0.503852 0.503852 0
0.517144 0.030816 0.517144 0
0.167318 0.167318 0.52474 0
0.030816 0.517144 0.517144 0
0.15625 1 0.15625 0
0.515625 1 0.015625 0
0.501953 1 0.501953 0
0.015625 1 0.515625 0
1 1 0 0
1 0.515625 0.015625 0
1 1 0.5 0
1 0.501953 0.501953 0
1 0.15625 0.15625 0
1 0.015625 0.515625 0
0.501953 0.501953 1 0
0.515625 0.015625 1 0
0.15625 0.15625 1 0
0.015625 0.515625 1 0
0.5 1 1 0
0 1 1 0
1 1 1 0
1 0.5 1 0
1 0 1 0
1.5 0.515625 0.015625 0
1.5 0.15625 0.15625 0
1.5 0.501953 0.501953 0
1.5 0.015625 0.515625 0
1.5 1 0 0
1.5 1 0.5 0
1.5 0.5 1 0
1.5 0 1 0
1.5 1 1 0
0.15625 1.5 0.15625 0
0.515625 1.5 0.015625 0
0.501953 1.5 0.501953 0
0.015625 1.5 0.515625 0
1 1.5 0 0
1 1.5 0.5 0
0.5 1.5 1 0
0 1.5 1 0
1 1.5 1 0
1.5 1.5 0 0
1.5 1.5 0.5 0
1.5 1.5 1 0
0.501953 0.501953 1.5 0
1 0.5 1.5 0
1 0 1.5 0
0.515625 0.015625 1.5 0
0.015625 0.515625 1.5 0
0.15625 0.15625 1.5 0
0 1 1.5 0
0.5 1 1.5 0
1 1 1.5 0
1.5 0.5 1.5 0
1.5 0 1.5 0
1.5 1 1.5 0
0.5 1.5 1.5 0
1 1.5 1.5 0
0 1.5 1.5 0
1.47748 1.47748 1.47748 0
1.75 1.75 1.75 0
1.75 2.25 1.75 0
1.75 2.75 1.75 0
2.25 1.75 1.75 0
2.75 1.75 1.75 0
2.75 2.25 1.75 0
2.25 2.25 1.75 0
2.25 2.75 1.75 0
2.71875 2.71875 1.75 0
1.75 1.75 2.25 0
1.75 1.75 2.75 0
2.25 1.75 2.25 0
2.75 1.75 2.25 0
2.25 1.75 2.75 0
2.71875 1.75 2.71875 0
1.75 2.25 2.25 0
1.75 2.75 2.25 0
1.75 2.25 2.75 0
1.75 2.71875 2.71875 0
2.75 2.25 2.25 0
2.25 2.25 2.25 0
2.25 2.75 2.25 0
2.71875 2.71875 2.25 0
2.71875 2.25 2.71875 0
2.25 2.25 2.75 0
2.25 2.71875 2.71875 0
2.69097 2.69097 2.69097 0
1.75 1.75 1.5 0
1.75 2 1.75 0
1.75 1.75 2 0
1.75 1.5 1.75 0
2 1.75 1.75 0
1.5 1.75 1.75 0
1.75 2.25 1.5 0
1.75 2.5 1.75 0
1.75 2.25 2 0
2 2.25 1.75 0
1.5 2.25 1.75 0
1.75 2.75 1.5 0
1.75 3 1.75 0
1.75 2.75 2 0
2 2.75 1.75 0
1.5 2.75 1.75 0
2.25 1.75 1.5 0
2.25 2 1.75 0
2.25 1.75 2 0
2.25 1.5 1.75 0
2.5 1.75 1.75 0
2.75 1.75 1.5 0
2.75 2 1.75 0
2.75 1.75 2 0
2.75 1.5 1.75 0
3 1.75 1.75 0
2.75 2.25 1.5 0
2.74219 2.49219 1.75 0
2.75 2.25 2 0
3 2.25 1.75 0
2.5 2.25 1.75 0
2.25 2.25 1.5 0
2.25 2.5 1.75 0
2.25 2.25 2 0
2.25 2.75 1.5 0
2.25 3 1.75 0
2.25 2.75 2 0
2.49219 2.74219 1.75 0
2.71875 2.71875 1.5 0
2.6875 2.9375 1.75 0
2.71875 2.71875 2 0
2.9375 2.6875 1.75 0
1.75 2 2.25 0
1.75 1.75 2.5 0
1.75 1.5 2.25 0
2 1.75 2.25 0
1.5 1.75 2.25 0
1.75 2 2.75 0
1.75 1.75 3 0
1.75 1.5 2.75 0
2 1.75 2.75 0
1.5 1.75 2.75 0
2.25 2 2.25 0
2.25 1.75 2.5 0
2.25 1.5 2.25 0
2.5 1.75 2.25 0
2.75 2 2.25 0
2.74219 1.75 2.49219 0
2.75 1.5 2.25 0
3 1.75 2.25 0
2.25 2 2.75 0
2.25 1.75 3 0
2.25 1.5 2.75 0
2.49219 1.75 2.74219 0
2.71875 2 2.71875 0
2.6875 1.75 2.9375 0
2.71875 1.5 2.71875 0
2.9375 1.75 2.6875 0
1.75 2.5 2.25 0
1.75 2.25 2.5 0
2 2.25 2.25 0
1.5 2.25 2.25 0
1.75 3 2.25 0
1.75 2.74219 2.49219 0
2 2.75 2.25 0
1.5 2.75 2.25 0
1.75 2.49219 2.74219 0
1.75 2.25 3 0
2 2.25 2.75 0
1.5 2.25 2.75 0
1.75 2.9375 2.6875 0
1.75 2.6875 2.9375 0
2 2.71875 2.71875 0
1.5 2.71875 2.71875 0
2.74219 2.49219 2.25 0
2.74219 2.25 2.49219 0
3 2.25 2.25 0
2.5 2.25 2.25 0
2.25 2.5 2.25 0
2.25 2.25 2.5 0
2.25 3 2.25 0
2.25 2.74219 2.49219 0
2.49219 2.74219 2.25 0
2.6875 2.9375 2.25 0
2.71181 2.71181 2.48524 0
2.9375 2.6875 2.25 0
2.71181 2.48524 2.71181 0
2.6875 2.25 2.9375 0
2.9375 2.25 2.6875 0
2.49219 2.25 2.74219 0
2.25 2.49219 2.74219 0
2.25 2.25 3 0
2.25 2.9375 2.6875 0
2.25 2.6875 2.9375 0
2.48524 2.71181 2.71181 0
2.66319 2.88194 2.66319 0
2.66319 2.66319 2.88194 0
2.88194 2.66319 2.66319 0
2 1.75 1.5 0
1.75 2 1.5 0
1.5 1.75 1.5 0
1.75 1.5 1.5 0
1.5 2 1.75 0
1.75 2 2 0
2 2 1.75 0
2 1.75 2 0
1.5 1.75 2 0
1.75 1.5 2 0
1.5 1.5 1.75 0
2 1.5 1.75 0
2 2.25 1.5 0
1.75 2.5 1.5 0
1.5 2.25 1.5 0
1.5 2.5 1.75 0
1.75 2.5 2 0
2 2.5 1.75 0
2 2.25 2 0
1.5 2.25 2 0
2 2.75 1.5 0
1.75 3 1.5 0
1.5 2.75 1.5 0
1.5 3 1.75 0
1.75 3 2 0
2 3 1.75 0
2 2.75 2 0
1.5 2.75 2 0
2.5 1.75 1.5 0
2.25 2 1.5 0
2.25 1.5 1.5 0
2.25 2 2 0
2.5 2 1.75 0
2.5 1.75 2 0
2.25 1.5 2 0
2.5 1.5 1.75 0
3 1.75 1.5 0
2.75 2 1.5 0
2.75 1.5 1.5 0
2.75 2 2 0
3 2 1.75 0
3 1.75 2 0
2.75 1.5 2 0
3 1.5 1.75 0
3 2.25 1.5 0
2.74219 2.49219 1.5 0
2.5 2.25 1.5 0
2.49805 2.49805 1.75 0
2.74219 2.49219 2 0
2.98438 2.48438 1.75 0
3 2.25 2 0
2.5 2.25 2 0
2.25 2.5 1.5 0
2.25 2.5 2 0
2.49219 2.74219 1.5 0
2.25 3 1.5 0
2.25 3 2 0
2.48438 2.98438 1.75 0
2.49219 2.74219 2 0
2.9375 2.6875 1.5 0
2.6875 2.9375 1.5 0
2.6875 2.9375 2 0
2.84375 2.84375 1.75 0
2.9375 2.6875 2 0
1.5 2 2.25 0
1.75 2 2.5 0
2 2 2.25 0
2 1.75 2.5 0
1.5 1.75 2.5 0
1.75 1.5 2.5 0
1.5 1.5 2.25 0
2 1.5 2.25 0
1.5 2 2.75 0
1.75 2 3 0
2 2 2.75 0
2 1.75 3 0
1.5 1.75 3 0
1.75 1.5 3 0
1.5 1.5 2.75 0
2 1.5 2.75 0
2.25 2 2.5 0
2.5 2 2.25 0
2.49805 1.75 2.49805 0
2.25 1.5 2.5 0
2.5 1.5 2.25 0
2.74219 2 2.49219 0
3 2 2.25 0
2.98438 1.75 2.48438 0
2.74219 1.5 2.49219 0
3 1.5 2.25 0
2.25 2 3 0
2.49219 2 2.74219 0
2.48438 1.75 2.98438 0
2.25 1.5 3 0
2.49219 1.5 2.74219 0
2.6875 2 2.9375 0
2.9375 2 2.6875 0
2.84375 1.75 2.84375 0
2.6875 1.5 2.9375 0
2.9375 1.5 2.6875 0
1.5 2.5 2.25 0
1.75 2.49805 2.49805 0
2 2.5 2.25 0
2 2.25 2.5 0
1.5 2.25 2.5 0
1.5 3 2.25 0
1.75 2.98438 2.48438 0
2 3 2.25 0
2 2.74219 2.49219 0
1.5 2.74219 2.49219 0
1.5 2.49219 2.74219 0
1.75 2.48438 2.98438 0
2 2.49219 2.74219 0
2 2.25 3 0
1.5 2.25 3 0
1.5 2.9375 2.6875 0
1.75 2.84375 2.84375 0
2 2.9375 2.6875 0
2 2.6875 2.9375 0
1.5 2.6875 2.9375 0
2.49805 2.49805 2.25 0
2.73459 2.49045 2.49045 0
2.98438 2.48438 2.25 0
2.98438 2.25 2.48438 0
2.49805 2.25 2.49805 0
2.25 2.49805 2.49805 0
2.25 2.98438 2.48438 0
2.48438 2.98438 2.25 0
2.49045 2.73459 2.49045 0
2.68142 2.92361 2.4783 0
2.84375 2.84375 2.25 0
2.92361 2.68142 2.4783 0
2.49045 2.49045 2.73459 0
2.68142 2.4783 2.92361 0
2.92361 2.4783 2.68142 0
2.84375 2.25 2.84375 0
2.48438 2.25 2.98438 0
2.25 2.48438 2.98438 0
2.25 2.84375 2.84375 0
2.4783 2.92361 2.68142 0
2.4783 2.68142 2.92361 0
2.65104 2.79948 2.79948 0
2.79948 2.79948 2.65104 0
2.79948 2.65104 2.79948 0
2 1.5 1.5 0
2 2 1.5 0
1.5 2 1.5 0
1.50446 1.50446 1.50446 0
1.5 2 2 0
2 2 2 0
2 1.5 2 0
1.5 1.5 2 0
2 2.5 1.5 0
1.5 2.5 1.5 0
1.5 2.5 2 0
2 2.5 2 0
2 3 1.5 0
1.5 3 1.5 0
1.5 3 2 0
2 3 2 0
2.5 1.5 1.5 0
2.5 2 1.5 0
2.5 2 2 0
2.5 1.5 2 0
3 1.5 1.5 0
3 2 1.5 0
3 2 2 0
3 1.5 2 0
2.98438 2.48438 1.5 0
2.49805 2.49805 1.5 0
2.49805 2.49805 2 0
2.98438 2.48438 2 0
2.48438 2.98438 1.5 0
2.48438 2.98438 2 0
2.84375 2.84375 1.5 0
2.84375 2.84375 2 0
1.5 2 2.5 0
2 2 2.5 0
2 1.5 2.5 0
1.5 1.5 2.5 0
1.5 2 3 0
2 2 3 0
2 1.5 3 0
1.5 1.5 3 0
2.49805 2 2.49805 0
2.49805 1.5 2.49805 0
2.98438 2 2.48438 0
2.98438 1.5 2.48438 0
2.48438 2 2.98438 0
2.48438 1.5 2.98438 0
2.84375 2 2.84375 0
2.84375 1.5 2.84375 0
1.5 2.49805 2.49805 0
2 2.49805 2.49805 0
1.5 2.98438 2.48438 0
2 2.98438 2.48438 0
1.5 2.48438 2.98438 0
2 2.48438 2.98438 0
1.5 2.84375 2.84375 0
2 2.84375 2.84375 0
2.49615 2.49615 2.49615 0
2.96918 2.48286 2.48286 0
2.48286 2.96918 2.48286 0
2.83268 2.83268 2.47526 0
2.48286 2.48286 2.96918 0
2.83268 2.47526 2.83268 0
2.47526 2.83268 2.83268 0
2.75463 2.75463 2.75463 0
1.75 0.25 1.75 0
1.75 0.75 1.75 0
1.75 1.25 1.75 0
2.71875 0.28125 1.75 0
2.25 0.25 1.75 0
2.25 0.75 1.75 0
2.75 0.75 1.75 0
2.75 1.25 1.75 0
2.25 1.25 1.75 0
1.75 0.25 2.25 0
1.75 0.75 2.25 0
1.75 0.28125 2.71875 0
1.75 0.75 2.75 0
2.71875 0.28125 2.25 0
2.25 0.25 2.25 0
2.25 0.75 2.25 0
2.75 0.75 2.25 0
2.69097 0.309028 2.69097 0
2.25 0.28125 2.71875 0
2.25 0.75 2.75 0
2.71875 0.75 2.71875 0
1.75 1.25 2.25 0
1.75 1.25 2.75 0
2.75 1.25 2.25 0
2.25 1.25 2.25 0
2.71875 1.25 2.71875 0
2.25 1.25 2.75 0
1.75 0.25 1.5 0
1.75 0.5 1.75 0
1.75 0.25 2 0
1.75 0 1.75 0
2 0.25 1.75 0
1.5 0.25 1.75 0
1.75 0.75 1.5 0
1.75 1 1.75 0
1.75 0.75 2 0
2 0.75 1.75 0
1.5 0.75 1.75 0
1.75 1.25 1.5 0
1.75 1.25 2 0
2 1.25 1.75 0
1.5 1.25 1.75 0
2.71875 0.28125 1.5 0
2.74219 0.507812 1.75 0
2.71875 0.28125 2 0
2.6875 0.0625 1.75 0
2.9375 0.3125 1.75 0
2.49219 0.257812 1.75 0
2.25 0.25 1.5 0
2.25 0.5 1.75 0
2.25 0.25 2 0
2.25 0 1.75 0
2.25 0.75 1.5 0
2.25 1 1.75 0
2.25 0.75 2 0
2.5 0.75 1.75 0
2.75 0.75 1.5 0
2.75 1 1.75 0
2.75 0.75 2 0
3 0.75 1.75 0
2.75 1.25 1.5 0
2.75 1.25 2 0
3 1.25 1.75 0
2.5 1.25 1.75 0
2.25 1.25 1.5 0
2.25 1.25 2 0
1.75 0.5 2.25 0
1.75 0.257812 2.49219 0
1.75 0 2.25 0
2 0.25 2.25 0
1.5 0.25 2.25 0
1.75 1 2.25 0
1.75 0.75 2.5 0
2 0.75 2.25 0
1.5 0.75 2.25 0
1.75 0.507812 2.74219 0
1.75 0.3125 2.9375 0
1.75 0.0625 2.6875 0
2 0.28125 2.71875 0
1.5 0.28125 2.71875 0
1.75 1 2.75 0
1.75 0.75 3 0
2 0.75 2.75 0
1.5 0.75 2.75 0
2.74219 0.507812 2.25 0
2.71181 0.288194 2.48524 0
2.6875 0.0625 2.25 0
2.9375 0.3125 2.25 0
2.49219 0.257812 2.25 0
2.25 0.5 2.25 0
2.25 0.257812 2.49219 0
2.25 0 2.25 0
2.25 1 2.25 0
2.25 0.75 2.5 0
2.5 0.75 2.25 0
2.75 1 2.25 0
2.74219 0.75 2.49219 0
3 0.75 2.25 0
2.71181 0.514757 2.71181 0
2.66319 0.336806 2.88194 0
2.66319 0.118056 2.66319 0
2.88194 0.336806 2.66319 0
2.48524 0.288194 2.71181 0
2.25 0.507812 2.74219 0
2.25 0.3125 2.9375 0
2.25 0.0625 2.6875 0
2.25 1 2.75 0
2.25 0.75 3 0
2.49219 0.75 2.74219 0
2.71875 1 2.71875 0
2.6875 0.75 2.9375 0
2.9375 0.75 2.6875 0
1.75 1.25 2.5 0
2 1.25 2.25 0
1.5 1.25 2.25 0
1.75 1.25 3 0
2 1.25 2.75 0
1.5 1.25 2.75 0
2.74219 1.25 2.49219 0
3 1.25 2.25 0
2.5 1.25 2.25 0
2.25 1.25 2.5 0
2.6875 1.25 2.9375 0
2.9375 1.25 2.6875 0
2.49219 1.25 2.74219 0
2.25 1.25 3 0
2 0.25 1.5 0
1.75 0.5 1.5 0
1.75 0 1.5 0
1.5 0.5 1.75 0
1.75 0.5 2 0
2 0.5 1.75 0
2 0.25 2 0
1.5 0.25 2 0
1.75 0 2 0
2 0 1.75 0
1.5 0 1.75 0
2 0.75 1.5 0
1.75 1 1.5 0
1.5 1 1.75 0
1.75 1 2 0
2 1 1.75 0
2 0.75 2 0
1.5 0.75 2 0
2 1.25 1.5 0
2 1.25 2 0
1.5 1.25 2 0
2.9375 0.3125 1.5 0
2.74219 0.507812 1.5 0
2.49219 0.257812 1.5 0
2.6875 0.0625 1.5 0
2.49805 0.501953 1.75 0
2.74219 0.507812 2 0
2.98438 0.515625 1.75 0
2.9375 0.3125 2 0
2.49219 0.257812 2 0
2.6875 0.0625 2 0
2.84375 0.15625 1.75 0
2.48438 0.015625 1.75 0
2.25 0.5 1.5 0
2.25 0 1.5 0
2.25 0.5 2 0
2.25 0 2 0
2.5 0.75 1.5 0
2.25 1 1.5 0
2.25 1 2 0
2.5 1 1.75 0
2.5 0.75 2 0
3 0.75 1.5 0
2.75 1 1.5 0
2.75 1 2 0
3 1 1.75 0
3 0.75 2 0
3 1.25 1.5 0
2.5 1.25 1.5 0
3 1.25 2 0
2.5 1.25 2 0
1.5 0.5 2.25 0
1.75 0.501953 2.49805 0
2 0.5 2.25 0
2 0.257812 2.49219 0
1.5 0.257812 2.49219 0
1.75 0.015625 2.48438 0
2 0 2.25 0
1.5 0 2.25 0
1.5 1 2.25 0
1.75 1 2.5 0
2 1 2.25 0
2 0.75 2.5 0
1.5 0.75 2.5 0
1.5 0.507812 2.74219 0
1.75 0.515625 2.98438 0
2 0.507812 2.74219 0
2 0.3125 2.9375 0
1.5 0.3125 2.9375 0
1.75 0.15625 2.84375 0
2 0.0625 2.6875 0
1.5 0.0625 2.6875 0
1.5 1 2.75 0
1.75 1 3 0
2 1 2.75 0
2 0.75 3 0
1.5 0.75 3 0
2.49805 0.501953 2.25 0
2.73459 0.509549 2.49045 0
2.98438 0.515625 2.25 0
2.92361 0.318576 2.4783 0
2.49045 0.265408 2.49045 0
2.68142 0.0763889 2.4783 0
2.84375 0.15625 2.25 0
2.48438 0.015625 2.25 0
2.25 0.501953 2.49805 0
2.25 0.015625 2.48438 0
2.25 1 2.5 0
2.5 1 2.25 0
2.49805 0.75 2.49805 0
2.74219 1 2.49219 0
3 1 2.25 0
2.98438 0.75 2.48438 0
2.49045 0.509549 2.73459 0
2.68142 0.521701 2.92361 0
2.92361 0.521701 2.68142 0
2.79948 0.348958 2.79948 0
2.4783 0.318576 2.92361 0
2.65104 0.200521 2.79948 0
2.79948 0.200521 2.65104 0
2.4783 0.0763889 2.68142 0
2.25 0.515625 2.98438 0
2.25 0.15625 2.84375 0
2.25 1 3 0
2.49219 1 2.74219 0
2.48438 0.75 2.98438 0
2.6875 1 2.9375 0
2.9375 1 2.6875 0
2.84375 0.75 2.84375 0
2 1.25 2.5 0
1.5 1.25 2.5 0
2 1.25 3 0
1.5 1.25 3 0
2.98438 1.25 2.48438 0
2.49805 1.25 2.49805 0
2.84375 1.25 2.84375 0
2.48438 1.25 2.98438 0
2 0 1.5 0
2 0.5 1.5 0
1.5 0.5 2 0
2 0.5 2 0
2 0 2 0
1.5 0 2 0
2 1 1.5 0
1.5 1 2 0
2 1 2 0
1.50781 1.47656 1.50781 0
2.84375 0.15625 1.5 0
2.98438 0.515625 1.5 0
2.49805 0.501953 1.5 0
2.48438 0.015625 1.5 0
2.49805 0.501953 2 0
2.98438 0.515625 2 0
2.84375 0.15625 2 0
2.48438 0.015625 2 0
2.5 1 1.5 0
2.5 1 2 0
3 1 1.5 0
3 1 2 0
1.5 0.501953 2.49805 0
2 0.501953 2.49805 0
2 0.015625 2.48438 0
1.5 0.015625 2.48438 0
1.5 1 2.5 0
2 1 2.5 0
1.5 0.515625 2.98438 0
2 0.515625 2.98438 0
2 0.15625 2.84375 0
1.5 0.15625 2.84375 0
1.5 1 3 0
2 1 3 0
2.49615 0.503852 2.49615 0
2.96918 0.517144 2.48286 0
2.83268 0.167318 2.47526 0
2.48286 0.030816 2.48286 0
2.49805 1 2.49805 0
2.98438 1 2.48438 0
2.48286 0.517144 2.96918 0
2.83268 0.52474 2.83268 0
2.75463 0.24537 2.75463 0
2.47526 0.167318 2.83268 0
2.48438 1 2.98438 0
2.84375 1 2.84375 0
0.25 1.75 1.75 0
0.75 1.75 1.75 0
1.25 1.75 1.75 0
0.75 2.25 1.75 0
0.25 2.25 1.75 0
0.28125 2.71875 1.75 0
0.75 2.75 1.75 0
1.25 2.25 1.75 0
1.25 2.75 1.75 0
0.25 1.75 2.25 0
0.75 1.75 2.25 0
0.28125 1.75 2.71875 0
0.75 1.75 2.75 0
0.75 2.25 2.25 0
0.25 2.25 2.25 0
0.28125 2.71875 2.25 0
0.75 2.75 2.25 0
0.75 2.25 2.75 0
0.28125 2.25 2.71875 0
0.309028 2.69097 2.69097 0
0.75 2.71875 2.71875 0
1.25 1.75 2.25 0
1.25 1.75 2.75 0
1.25 2.25 2.25 0
1.25 2.75 2.25 0
1.25 2.25 2.75 0
1.25 2.71875 2.71875 0
0.25 1.75 1.5 0
0.25 2 1.75 0
0.25 1.75 2 0
0.25 1.5 1.75 0
0.5 1.75 1.75 0
0 1.75 1.75 0
0.75 1.75 1.5 0
0.75 2 1.75 0
0.75 1.75 2 0
0.75 1.5 1.75 0
1 1.75 1.75 0
1.25 1.75 1.5 0
1.25 2 1.75 0
1.25 1.75 2 0
1.25 1.5 1.75 0
0.75 2.25 1.5 0
0.75 2.5 1.75 0
0.75 2.25 2 0
1 2.25 1.75 0
0.5 2.25 1.75 0
0.25 2.25 1.5 0
0.257812 2.49219 1.75 0
0.25 2.25 2 0
0 2.25 1.75 0
0.28125 2.71875 1.5 0
0.3125 2.9375 1.75 0
0.28125 2.71875 2 0
0.507812 2.74219 1.75 0
0.0625 2.6875 1.75 0
0.75 2.75 1.5 0
0.75 3 1.75 0
0.75 2.75 2 0
1 2.75 1.75 0
1.25 2.25 1.5 0
1.25 2.5 1.75 0
1.25 2.25 2 0
1.25 2.75 1.5 0
1.25 3 1.75 0
1.25 2.75 2 0
0.25 2 2.25 0
0.257812 1.75 2.49219 0
0.25 1.5 2.25 0
0.5 1.75 2.25 0
0 1.75 2.25 0
0.75 2 2.25 0
0.75 1.75 2.5 0
0.75 1.5 2.25 0
1 1.75 2.25 0
0.28125 2 2.71875 0
0.3125 1.75 2.9375 0
0.28125 1.5 2.71875 0
0.507812 1.75 2.74219 0
0.0625 1.75 2.6875 0
0.75 2 2.75 0
0.75 1.75 3 0
0.75 1.5 2.75 0
1 1.75 2.75 0
0.75 2.5 2.25 0
0.75 2.25 2.5 0
1 2.25 2.25 0
0.5 2.25 2.25 0
0.257812 2.49219 2.25 0
0.257812 2.25 2.49219 0
0 2.25 2.25 0
0.3125 2.9375 2.25 0
0.288194 2.71181 2.48524 0
0.507812 2.74219 2.25 0
0.0625 2.6875 2.25 0
0.75 3 2.25 0
0.75 2.74219 2.49219 0
1 2.75 2.25 0
0.75 2.49219 2.74219 0
0.75 2.25 3 0
1 2.25 2.75 0
0.507812 2.25 2.74219 0
0.288194 2.48524 2.71181 0
0.3125 2.25 2.9375 0
0.0625 2.25 2.6875 0
0.336806 2.88194 2.66319 0
0.336806 2.66319 2.88194 0
0.514757 2.71181 2.71181 0
0.118056 2.66319 2.66319 0
0.75 2.9375 2.6875 0
0.75 2.6875 2.9375 0
1 2.71875 2.71875 0
1.25 2 2.25 0
1.25 1.75 2.5 0
1.25 1.5 2.25 0
1.25 2 2.75 0
1.25 1.75 3 0
1.25 1.5 2.75 0
1.25 2.5 2.25 0
1.25 2.25 2.5 0
1.25 3 2.25 0
1.25 2.74219 2.49219 0
1.25 2.49219 2.74219 0
1.25 2.25 3 0
1.25 2.9375 2.6875 0
1.25 2.6875 2.9375 0
0.5 1.75 1.5 0
0.25 2 1.5 0
0 1.75 1.5 0
0 2 1.75 0
0.25 2 2 0
0.5 2 1.75 0
0.5 1.75 2 0
0 1.75 2 0
0.25 1.5 2 0
0 1.5 1.75 0
0.5 1.5 1.75 0
1 1.75 1.5 0
0.75 2 1.5 0
0.75 2 2 0
1 2 1.75 0
1 1.75 2 0
0.75 1.5 2 0
1 1.5 1.75 0
1.25 2 1.5 0
1.25 2 2 0
1.25 1.5 2 0
1 2.25 1.5 0
0.75 2.5 1.5 0
0.5 2.25 1.5 0
0.501953 2.49805 1.75 0
0.75 2.5 2 0
1 2.5 1.75 0
1 2.25 2 0
0.5 2.25 2 0
0.257812 2.49219 1.5 0
0 2.25 1.5 0
0.015625 2.48438 1.75 0
0.257812 2.49219 2 0
0 2.25 2 0
0.507812 2.74219 1.5 0
0.3125 2.9375 1.5 0
0.0625 2.6875 1.5 0
0.15625 2.84375 1.75 0
0.3125 2.9375 2 0
0.515625 2.98438 1.75 0
0.507812 2.74219 2 0
0.0625 2.6875 2 0
1 2.75 1.5 0
0.75 3 1.5 0
0.75 3 2 0
1 3 1.75 0
1 2.75 2 0
1.25 2.5 1.5 0
1.25 2.5 2 0
1.25 3 1.5 0
1.25 3 2 0
0 2 2.25 0
0.257812 2 2.49219 0
0.5 2 2.25 0
0.501953 1.75 2.49805 0
0.015625 1.75 2.48438 0
0.257812 1.5 2.49219 0
0 1.5 2.25 0
0.5 1.5 2.25 0
0.75 2 2.5 0
1 2 2.25 0
1 1.75 2.5 0
0.75 1.5 2.5 0
1 1.5 2.25 0
0.0625 2 2.6875 0
0.3125 2 2.9375 0
0.507812 2 2.74219 0
0.515625 1.75 2.98438 0
0.15625 1.75 2.84375 0
0.3125 1.5 2.9375 0
0.0625 1.5 2.6875 0
0.507812 1.5 2.74219 0
0.75 2 3 0
1 2 2.75 0
1 1.75 3 0
0.75 1.5 3 0
1 1.5 2.75 0
0.501953 2.49805 2.25 0
0.75 2.49805 2.49805 0
1 2.5 2.25 0
1 2.25 2.5 0
0.501953 2.25 2.49805 0
0.015625 2.48438 2.25 0
0.265408 2.49045 2.49045 0
0.015625 2.25 2.48438 0
0.15625 2.84375 2.25 0
0.318576 2.92361 2.4783 0
0.515625 2.98438 2.25 0
0.509549 2.73459 2.49045 0
0.0763889 2.68142 2.4783 0
0.75 2.98438 2.48438 0
1 3 2.25 0
1 2.74219 2.49219 0
0.509549 2.49045 2.73459 0
0.75 2.48438 2.98438 0
1 2.49219 2.74219 0
1 2.25 3 0
0.515625 2.25 2.98438 0
0.0763889 2.4783 2.68142 0
0.318576 2.4783 2.92361 0
0.15625 2.25 2.84375 0
0.200521 2.79948 2.65104 0
0.348958 2.79948 2.79948 0
0.521701 2.92361 2.68142 0
0.521701 2.68142 2.92361 0
0.200521 2.65104 2.79948 0
0.75 2.84375 2.84375 0
1 2.9375 2.6875 0
1 2.6875 2.9375 0
1.25 2 2.5 0
1.25 1.5 2.5 0
1.25 2 3 0
1.25 1.5 3 0
1.25 2.49805 2.49805 0
1.25 2.98438 2.48438 0
1.25 2.48438 2.98438 0
1.25 2.84375 2.84375 0
0.5 2 1.5 0
0 2 1.5 0
0 2 2 0
0.5 2 2 0
0.5 1.5 2 0
0 1.5 2 0
1 2 1.5 0
1 2 2 0
1 1.5 2 0
1.47656 1.50781 1.50781 0
1 2.5 1.5 0
0.501953 2.49805 1.5 0
0.501953 2.49805 2 0
1 2.5 2 0
0.015625 2.48438 1.5 0
0.015625 2.48438 2 0
0.515625 2.98438 1.5 0
0.15625 2.84375 1.5 0
0.15625 2.84375 2 0
0.515625 2.98438 2 0
1 3 1.5 0
1 3 2 0
0.015625 2 2.48438 0
0.501953 2 2.49805 0
0.501953 1.5 2.49805 0
0.015625 1.5 2.48438 0
1 2 2.5 0
1 1.5 2.5 0
0.15625 2 2.84375 0
0.515625 2 2.98438 0
0.515625 1.5 2.98438 0
0.15625 1.5 2.84375 0
1 2 3 0
1 1.5 3 0
0.503852 2.49615 2.49615 0
1 2.49805 2.49805 0
0.030816 2.48286 2.48286 0
0.167318 2.83268 2.47526 0
0.517144 2.96918 2.48286 0
1 2.98438 2.48438 0
0.517144 2.48286 2.96918 0
1 2.48438 2.98438 0
0.167318 2.47526 2.83268 0
0.24537 2.75463 2.75463 0
0.52474 2.83268 2.83268 0
1 2.84375 2.84375 0
1.75 1.75 0.25 0
1.75 1.75 0.75 0
2.25 1.75 0.25 0
2.71875 1.75 0.28125 0
2.25 1.75 0.75 0
2.75 1.75 0.75 0
1.75 2.71875 0.28125 0
1.75 2.25 0.25 0
1.75 2.75 0.75 0
1.75 2.25 0.75 0
2.25 2.25 0.25 0
2.25 2.71875 0.28125 0
2.69097 2.69097 0.309028 0
2.71875 2.25 0.28125 0
2.25 2.25 0.75 0
2.25 2.75 0.75 0
2.71875 2.71875 0.75 0
2.75 2.25 0.75 0
1.75 1.75 1.25 0
1.75 2.25 1.25 0
1.75 2.75 1.25 0
2.25 1.75 1.25 0
2.75 1.75 1.25 0
2.75 2.25 1.25 0
2.25 2.25 1.25 0
2.25 2.75 1.25 0
2.71875 2.71875 1.25 0
1.75 1.75 0 0
2 1.75 0.25 0
1.75 1.75 0.5 0
1.5 1.75 0.25 0
1.75 1.5 0.25 0
1.75 2 0.25 0
2 1.75 0.75 0
1.75 1.75 1 0
1.5 1.75 0.75 0
1.75 1.5 0.75 0
1.75 2 0.75 0
2.25 1.75 0 0
2.49219 1.75 0.257812 0
2.25 1.75 0.5 0
2.25 1.5 0.25 0
2.25 2 0.25 0
2.6875 1.75 0.0625 0
2.9375 1.75 0.3125 0
2.74219 1.75 0.507812 0
2.71875 1.5 0.28125 0
2.71875 2 0.28125 0
2.5 1.75 0.75 0
2.25 1.75 1 0
2.25 1.5 0.75 0
2.25 2 0.75 0
3 1.75 0.75 0
2.75 1.75 1 0
2.75 1.5 0.75 0
2.75 2 0.75 0
1.75 2.6875 0.0625 0
2 2.71875 0.28125 0
1.75 2.74219 0.507812 0
1.5 2.71875 0.28125 0
1.75 2.49219 0.257812 0
1.75 2.9375 0.3125 0
1.75 2.25 0 0
2 2.25 0.25 0
1.75 2.25 0.5 0
1.5 2.25 0.25 0
2 2.75 0.75 0
1.75 2.75 1 0
1.5 2.75 0.75 0
1.75 2.5 0.75 0
1.75 3 0.75 0
2 2.25 0.75 0
1.75 2.25 1 0
1.5 2.25 0.75 0
2.25 2.25 0 0
2.49219 2.25 0.257812 0
2.25 2.25 0.5 0
2.25 2.49219 0.257812 0
2.25 2.6875 0.0625 0
2.48524 2.71181 0.288194 0
2.25 2.74219 0.507812 0
2.25 2.9375 0.3125 0
2.66319 2.66319 0.118056 0
2.88194 2.66319 0.336806 0
2.71181 2.71181 0.514757 0
2.71181 2.48524 0.288194 0
2.66319 2.88194 0.336806 0
2.6875 2.25 0.0625 0
2.9375 2.25 0.3125 0
2.74219 2.25 0.507812 0
2.5 2.25 0.75 0
2.25 2.25 1 0
2.25 2.5 0.75 0
2.49219 2.74219 0.75 0
2.25 2.75 1 0
2.25 3 0.75 0
2.9375 2.6875 0.75 0
2.71875 2.71875 1 0
2.74219 2.49219 0.75 0
2.6875 2.9375 0.75 0
3 2.25 0.75 0
2.75 2.25 1 0
1.75 2 1.25 0
1.75 1.5 1.25 0
2 1.75 1.25 0
1.5 1.75 1.25 0
1.75 2.5 1.25 0
2 2.25 1.25 0
1.5 2.25 1.25 0
1.75 3 1.25 0
2 2.75 1.25 0
1.5 2.75 1.25 0
2.25 2 1.25 0
2.25 1.5 1.25 0
2.5 1.75 1.25 0
2.75 2 1.25 0
2.75 1.5 1.25 0
3 1.75 1.25 0
2.74219 2.49219 1.25 0
3 2.25 1.25 0
2.5 2.25 1.25 0
2.25 2.5 1.25 0
2.25 3 1.25 0
2.49219 2.74219 1.25 0
2.6875 2.9375 1.25 0
2.9375 2.6875 1.25 0
1.5 1.75 0 0
1.75 2 0 0
2 1.75 0 0
1.75 1.5 0 0
2 2 0.25 0
2 1.75 0.5 0
2 1.5 0.25 0
1.75 1.5 0.5 0
1.75 2 0.5 0
1.5 1.75 0.5 0
1.5 2 0.25 0
2 2 0.75 0
2 1.75 1 0
2 1.5 0.75 0
1.75 1.5 1 0
1.75 2 1 0
1.5 1.75 1 0
1.5 2 0.75 0
2.25 2 0 0
2.48438 1.75 0.015625 0
2.25 1.5 0 0
2.49219 2 0.257812 0
2.49805 1.75 0.501953 0
2.49219 1.5 0.257812 0
2.25 1.5 0.5 0
2.25 2 0.5 0
2.6875 2 0.0625 0
2.84375 1.75 0.15625 0
2.6875 1.5 0.0625 0
2.9375 2 0.3125 0
2.98438 1.75 0.515625 0
2.9375 1.5 0.3125 0
2.74219 1.5 0.507812 0
2.74219 2 0.507812 0
2.5 2 0.75 0
2.5 1.75 1 0
2.5 1.5 0.75 0
2.25 1.5 1 0
2.25 2 1 0
3 2 0.75 0
3 1.75 1 0
3 1.5 0.75 0
2.75 1.5 1 0
2.75 2 1 0
1.5 2.6875 0.0625 0
1.75 2.84375 0.15625 0
2 2.6875 0.0625 0
1.75 2.48438 0.015625 0
2 2.9375 0.3125 0
2 2.74219 0.507812 0
2 2.49219 0.257812 0
1.75 2.49805 0.501953 0
1.75 2.98438 0.515625 0
1.5 2.74219 0.507812 0
1.5 2.9375 0.3125 0
1.5 2.49219 0.257812 0
1.5 2.25 0 0
2 2.25 0 0
2 2.25 0.5 0
1.5 2.25 0.5 0
2 3 0.75 0
2 2.75 1 0
2 2.5 0.75 0
1.75 2.5 1 0
1.75 3 1 0
1.5 2.75 1 0
1.5 3 0.75 0
1.5 2.5 0.75 0
2 2.25 1 0
1.5 2.25 1 0
2.25 2.48438 0.015625 0
2.48438 2.25 0.015625 0
2.49045 2.49045 0.265408 0
2.49805 2.25 0.501953 0
2.25 2.49805 0.501953 0
2.25 2.84375 0.15625 0
2.4783 2.68142 0.0763889 0
2.4783 2.92361 0.318576 0
2.49045 2.73459 0.509549 0
2.25 2.98438 0.515625 0
2.65104 2.79948 0.200521 0
2.79948 2.65104 0.200521 0
2.68142 2.4783 0.0763889 0
2.79948 2.79948 0.348958 0
2.92361 2.68142 0.521701 0
2.92361 2.4783 0.318576 0
2.73459 2.49045 0.509549 0
2.68142 2.92361 0.521701 0
2.84375 2.25 0.15625 0
2.98438 2.25 0.515625 0
2.49805 2.49805 0.75 0
2.5 2.25 1 0
2.25 2.5 1 0
2.48438 2.98438 0.75 0
2.49219 2.74219 1 0
2.25 3 1 0
2.84375 2.84375 0.75 0
2.9375 2.6875 1 0
2.98438 2.48438 0.75 0
2.74219 2.49219 1 0
2.6875 2.9375 1 0
3 2.25 1 0
1.5 2 1.25 0
2 2 1.25 0
2 1.5 1.25 0
1.5 2.5 1.25 0
2 2.5 1.25 0
1.5 3 1.25 0
2 3 1.25 0
2.5 2 1.25 0
2.5 1.5 1.25 0
3 2 1.25 0
3 1.5 1.25 0
2.49805 2.49805 1.25 0
2.98438 2.48438 1.25 0
2.48438 2.98438 1.25 0
2.84375 2.84375 1.25 0
1.5 2 0 0
2 2 0 0
2 1.5 0 0
2 2 0.5 0
2 1.5 0.5 0
1.5 2 0.5 0
2 2 1 0
2 1.5 1 0
1.5 2 1 0
2.48438 2 0.015625 0
2.48438 1.5 0.015625 0
2.49805 2 0.501953 0
2.49805 1.5 0.501953 0
2.84375 2 0.15625 0
2.84375 1.5 0.15625 0
2.98438 2 0.515625 0
2.98438 1.5 0.515625 0
2.5 2 1 0
2.5 1.5 1 0
3 2 1 0
3 1.5 1 0
1.5 2.84375 0.15625 0
1.5 2.48438 0.015625 0
2 2.84375 0.15625 0
2 2.48438 0.015625 0
2 2.98438 0.515625 0
2 2.49805 0.501953 0
1.5 2.49805 0.501953 0
1.5 2.98438 0.515625 0
2 3 1 0
2 2.5 1 0
1.5 2.5 1 0
1.5 3 1 0
2.48286 2.48286 0.030816 0
2.49615 2.49615 0.503852 0
2.47526 2.83268 0.167318 0
2.48286 2.96918 0.517144 0
2.75463 2.75463 0.24537 0
2.83268 2.47526 0.167318 0
2.83268 2.83268 0.52474 0
2.96918 2.48286 0.517144 0
2.49805 2.49805 1 0
2.48438 2.98438 1 0
2.84375 2.84375 1 0
2.98438 2.48438 1 0
1.50781 1.50781 1.47656 0
0.28125 1.75 0.28125 0
0.75 1.75 0.25 0
0.25 1.75 0.75 0
0.75 1.75 0.75 0
1.25 1.75 0.25 0
1.25 1.75 0.75 0
0.28125 2.25 0.28125 0
0.309028 2.69097 0.309028 0
0.75 2.71875 0.28125 0
0.75 2.25 0.25 0
0.25 2.25 0.75 0
0.28125 2.71875 0.75 0
0.75 2.75 0.75 0
0.75 2.25 0.75 0
1.25 2.25 0.25 0
1.25 2.71875 0.28125 0
1.25 2.25 0.75 0
1.25 2.75 0.75 0
0.25 1.75 1.25 0
0.75 1.75 1.25 0
1.25 1.75 1.25 0
0.75 2.25 1.25 0
0.25 2.25 1.25 0
0.28125 2.71875 1.25 0
0.75 2.75 1.25 0
1.25 2.25 1.25 0
1.25 2.75 1.25 0
0.3125 1.75 0.0625 0
0.507812 1.75 0.257812 0
0.257812 1.75 0.507812 0
0.0625 1.75 0.3125 0
0.28125 2 0.28125 0
0.75 1.75 0 0
1 1.75 0.25 0
0.75 1.75 0.5 0
0.75 2 0.25 0
0.5 1.75 0.75 0
0.25 1.75 1 0
0 1.75 0.75 0
0.25 2 0.75 0
1 1.75 0.75 0
0.75 1.75 1 0
0.75 2 0.75 0
1.25 1.75 0 0
1.25 1.75 0.5 0
1.25 2 0.25 0
1.25 1.75 1 0
1.25 2 0.75 0
0.3125 2.25 0.0625 0
0.507812 2.25 0.257812 0
0.257812 2.25 0.507812 0
0.0625 2.25 0.3125 0
0.288194 2.48524 0.288194 0
0.336806 2.66319 0.118056 0
0.514757 2.71181 0.288194 0
0.288194 2.71181 0.514757 0
0.118056 2.66319 0.336806 0
0.336806 2.88194 0.336806 0
0.75 2.6875 0.0625 0
1 2.71875 0.28125 0
0.75 2.74219 0.507812 0
0.75 2.49219 0.257812 0
0.75 2.9375 0.3125 0
0.75 2.25 0 0
1 2.25 0.25 0
0.75 2.25 0.5 0
0.5 2.25 0.75 0
0.25 2.25 1 0
0 2.25 0.75 0
0.257812 2.49219 0.75 0
0.507812 2.74219 0.75 0
0.28125 2.71875 1 0
0.0625 2.6875 0.75 0
0.3125 2.9375 0.75 0
1 2.75 0.75 0
0.75 2.75 1 0
0.75 2.5 0.75 0
0.75 3 0.75 0
1 2.25 0.75 0
0.75 2.25 1 0
1.25 2.25 0 0
1.25 2.25 0.5 0
1.25 2.49219 0.257812 0
1.25 2.6875 0.0625 0
1.25 2.74219 0.507812 0
1.25 2.9375 0.3125 0
1.25 2.25 1 0
1.25 2.5 0.75 0
1.25 2.75 1 0
1.25 3 0.75 0
0.25 2 1.25 0
0.5 1.75 1.25 0
0 1.75 1.25 0
0.75 2 1.25 0
1 1.75 1.25 0
1.25 2 1.25 0
0.75 2.5 1.25 0
1 2.25 1.25 0
0.5 2.25 1.25 0
0.257812 2.49219 1.25 0
0 2.25 1.25 0
0.3125 2.9375 1.25 0
0.507812 2.74219 1.25 0
0.0625 2.6875 1.25 0
0.75 3 1.25 0
1 2.75 1.25 0
1.25 2.5 1.25 0
1.25 3 1.25 0
0.15625 1.75 0.15625 0
0.3125 2 0.0625 0
0.515625 1.75 0.015625 0
0.507812 2 0.257812 0
0.501953 1.75 0.501953 0
0.257812 2 0.507812 0
0.015625 1.75 0.515625 0
0.0625 2 0.3125 0
0.75 2 0 0
1 1.75 0 0
1 2 0.25 0
1 1.75 0.5 0
0.75 2 0.5 0
0.5 2 0.75 0
0.5 1.75 1 0
0.25 2 1 0
0 1.75 1 0
0 2 0.75 0
1 2 0.75 0
1 1.75 1 0
0.75 2 1 0
1.25 2 0 0
1.25 2 0.5 0
1.25 2 1 0
0.15625 2.25 0.15625 0
0.318576 2.4783 0.0763889 0
0.515625 2.25 0.015625 0
0.509549 2.49045 0.265408 0
0.501953 2.25 0.501953 0
0.265408 2.49045 0.509549 0
0.015625 2.25 0.515625 0
0.0763889 2.4783 0.318576 0
0.200521 2.65104 0.200521 0
0.348958 2.79948 0.200521 0
0.521701 2.68142 0.0763889 0
0.521701 2.92361 0.318576 0
0.509549 2.73459 0.509549 0
0.318576 2.92361 0.521701 0
0.0763889 2.68142 0.521701 0
0.200521 2.79948 0.348958 0
0.75 2.84375 0.15625 0
1 2.6875 0.0625 0
0.75 2.48438 0.015625 0
1 2.9375 0.3125 0
1 2.74219 0.507812 0
1 2.49219 0.257812 0
0.75 2.49805 0.501953 0
0.75 2.98438 0.515625 0
1 2.25 0 0
1 2.25 0.5 0
0.501953 2.49805 0.75 0
0.5 2.25 1 0
0.257812 2.49219 1 0
0 2.25 1 0
0.015625 2.48438 0.75 0
0.515625 2.98438 0.75 0
0.507812 2.74219 1 0
0.3125 2.9375 1 0
0.0625 2.6875 1 0
0.15625 2.84375 0.75 0
1 3 0.75 0
1 2.75 1 0
1 2.5 0.75 0
0.75 2.5 1 0
0.75 3 1 0
1 2.25 1 0
1.25 2.48438 0.015625 0
1.25 2.49805 0.501953 0
1.25 2.84375 0.15625 0
1.25 2.98438 0.515625 0
1.25 2.5 1 0
1.25 3 1 0
0 2 1.25 0
0.5 2 1.25 0
1 2 1.25 0
0.501953 2.49805 1.25 0
1 2.5 1.25 0
0.015625 2.48438 1.25 0
0.15625 2.84375 1.25 0
0.515625 2.98438 1.25 0
1 3 1.25 0
0.15625 2 0.15625 0
0.515625 2 0.015625 0
0.501953 2 0.501953 0
0.015625 2 0.515625 0
1 2 0 0
1 2 0.5 0
0.5 2 1 0
0 2 1 0
1 2 1 0
0.167318 2.47526 0.167318 0
0.517144 2.48286 0.030816 0
0.503852 2.49615 0.503852 0
0.030816 2.48286 0.517144 0
0.24537 2.75463 0.24537 0
0.52474 2.83268 0.167318 0
0.517144 2.96918 0.517144 0
0.167318 2.83268 0.52474 0
1 2.84375 0.15625 0
1 2.48438 0.015625 0
1 2.98438 0.515625 0
1 2.49805 0.501953 0
0.501953 2.49805 1 0
0.015625 2.48438 1 0
0.515625 2.98438 1 0
0.15625 2.84375 1 0
1 3 1 0
1 2.5 1 0
1.47705 1.50781 1.47705 0
1.75 0.75 0.25 0
1.75 0.28125 0.28125 0
1.75 0.75 0.75 0
1.75 0.25 0.75 0
2.25 0.28125 0.28125 0
2.25 0.75 0.25 0
2.71875 0.75 0.28125 0
2.69097 0.309028 0.309028 0
2.25 0.25 0.75 0
2.25 0.75 0.75 0
2.75 0.75 0.75 0
2.71875 0.28125 0.75 0
1.75 1.25 0.25 0
1.75 1.25 0.75 0
2.25 1.25 0.25 0
2.71875 1.25 0.28125 0
2.25 1.25 0.75 0
2.75 1.25 0.75 0
1.75 0.25 1.25 0
1.75 0.75 1.25 0
1.75 1.25 1.25 0
2.71875 0.28125 1.25 0
2.25 0.25 1.25 0
2.25 0.75 1.25 0
2.75 0.75 1.25 0
2.75 1.25 1.25 0
2.25 1.25 1.25 0
1.75 0.75 0 0
2 0.75 0.25 0
1.75 0.75 0.5 0
1.75 0.507812 0.257812 0
1.75 1 0.25 0
1.75 0.3125 0.0625 0
2 0.28125 0.28125 0
1.75 0.257812 0.507812 0
1.75 0.0625 0.3125 0
2 0.75 0.75 0
1.75 0.75 1 0
1.75 0.5 0.75 0
1.75 1 0.75 0
2 0.25 0.75 0
1.75 0.25 1 0
1.75 0 0.75 0
2.25 0.3125 0.0625 0
2.48524 0.288194 0.288194 0
2.25 0.257812 0.507812 0
2.25 0.0625 0.3125 0
2.25 0.507812 0.257812 0
2.25 0.75 0 0
2.49219 0.75 0.257812 0
2.25 0.75 0.5 0
2.25 1 0.25 0
2.6875 0.75 0.0625 0
2.9375 0.75 0.3125 0
2.74219 0.75 0.507812 0
2.71181 0.514757 0.288194 0
2.71875 1 0.28125 0
2.66319 0.336806 0.118056 0
2.88194 0.336806 0.336806 0
2.71181 0.288194 0.514757 0
2.66319 0.118056 0.336806 0
2.49219 0.257812 0.75 0
2.25 0.25 1 0
2.25 0 0.75 0
2.25 0.5 0.75 0
2.5 0.75 0.75 0
2.25 0.75 1 0
2.25 1 0.75 0
3 0.75 0.75 0
2.75 0.75 1 0
2.74219 0.507812 0.75 0
2.75 1 0.75 0
2.9375 0.3125 0.75 0
2.71875 0.28125 1 0
2.6875 0.0625 0.75 0
1.75 1.25 0 0
2 1.25 0.25 0
1.75 1.25 0.5 0
2 1.25 0.75 0
1.75 1.25 1 0
2.25 1.25 0 0
2.49219 1.25 0.257812 0
2.25 1.25 0.5 0
2.6875 1.25 0.0625 0
2.9375 1.25 0.3125 0
2.74219 1.25 0.507812 0
2.5 1.25 0.75 0
2.25 1.25 1 0
3 1.25 0.75 0
2.75 1.25 1 0
1.75 0.5 1.25 0
1.75 0 1.25 0
2 0.25 1.25 0
1.75 1 1.25 0
2 0.75 1.25 0
2 1.25 1.25 0
2.74219 0.507812 1.25 0
2.6875 0.0625 1.25 0
2.9375 0.3125 1.25 0
2.49219 0.257812 1.25 0
2.25 0.5 1.25 0
2.25 0 1.25 0
2.25 1 1.25 0
2.5 0.75 1.25 0
2.75 1 1.25 0
3 0.75 1.25 0
3 1.25 1.25 0
2.5 1.25 1.25 0
1.75 1 0 0
2 0.75 0 0
1.75 0.515625 0.015625 0
2 1 0.25 0
2 0.75 0.5 0
2 0.507812 0.257812 0
1.75 0.501953 0.501953 0
1.75 1 0.5 0
2 0.3125 0.0625 0
1.75 0.15625 0.15625 0
2 0.257812 0.507812 0
2 0.0625 0.3125 0
1.75 0.015625 0.515625 0
2 1 0.75 0
2 0.75 1 0
2 0.5 0.75 0
1.75 0.5 1 0
1.75 1 1 0
2 0.25 1 0
2 0 0.75 0
1.75 0 1 0
2.25 0.515625 0.015625 0
2.4783 0.318576 0.0763889 0
2.25 0.15625 0.15625 0
2.49045 0.509549 0.265408 0
2.49045 0.265408 0.509549 0
2.4783 0.0763889 0.318576 0
2.25 0.015625 0.515625 0
2.25 0.501953 0.501953 0
2.25 1 0 0
2.48438 0.75 0.015625 0
2.49219 1 0.257812 0
2.49805 0.75 0.501953 0
2.25 1 0.5 0
2.6875 1 0.0625 0
2.84375 0.75 0.15625 0
2.68142 0.521701 0.0763889 0
2.9375 1 0.3125 0
2.98438 0.75 0.515625 0
2.92361 0.521701 0.318576 0
2.73459 0.509549 0.509549 0
2.74219 1 0.507812 0
2.79948 0.348958 0.200521 0
2.65104 0.200521 0.200521 0
2.92361 0.318576 0.521701 0
2.79948 0.200521 0.348958 0
2.68142 0.0763889 0.521701 0
2.49805 0.501953 0.75 0
2.49219 0.257812 1 0
2.48438 0.015625 0.75 0
2.25 0 1 0
2.25 0.5 1 0
2.5 1 0.75 0
2.5 0.75 1 0
2.25 1 1 0
3 1 0.75 0
3 0.75 1 0
2.98438 0.515625 0.75 0
2.74219 0.507812 1 0
2.75 1 1 0
2.9375 0.3125 1 0
2.84375 0.15625 0.75 0
2.6875 0.0625 1 0
2 1.25 0 0
2 1.25 0.5 0
2 1.25 1 0
2.48438 1.25 0.015625 0
2.49805 1.25 0.501953 0
2.84375 1.25 0.15625 0
2.98438 1.25 0.515625 0
2.5 1.25 1 0
3 1.25 1 0
2 0.5 1.25 0
2 0 1.25 0
2 1 1.25 0
2.49805 0.501953 1.25 0
2.98438 0.515625 1.25 0
2.84375 0.15625 1.25 0
2.48438 0.015625 1.25 0
2.5 1 1.25 0
3 1 1.25 0
2 1 0 0
2 0.515625 0.015625 0
2 1 0.5 0
2 0.501953 0.501953 0
2 0.15625 0.15625 0
2 0.015625 0.515625 0
2 1 1 0
2 0.5 1 0
2 0 1 0
2.48286 0.517144 0.030816 0
2.47526 0.167318 0.167318 0
2.49615 0.503852 0.503852 0
2.48286 0.030816 0.517144 0
2.48438 1 0.015625 0
2.49805 1 0.501953 0
2.84375 1 0.15625 0
2.83268 0.52474 0.167318 0
2.98438 1 0.515625 0
2.96918 0.517144 0.517144 0
2.75463 0.24537 0.24537 0
2.83268 0.167318 0.52474 0
2.49805 0.501953 1 0
2.48438 0.015625 1 0
2.5 1 1 0
3 1 1 0
2.98438 0.515625 1 0
2.84375 0.15625 1 0
1.50781 1.48438 1.47656 0
0.75 0.25 1.75 0
0.28125 0.28125 1.75 0
0.25 0.75 1.75 0
0.75 0.75 1.75 0
1.25 0.25 1.75 0
1.25 0.75 1.75 0
0.75 1.25 1.75 0
0.25 1.25 1.75 0
1.25 1.25 1.75 0
0.75 0.25 2.25 0
0.28125 0.28125 2.25 0
0.25 0.75 2.25 0
0.75 0.75 2.25 0
0.75 0.28125 2.71875 0
0.309028 0.309028 2.69097 0
0.28125 0.75 2.71875 0
0.75 0.75 2.75 0
0.75 1.25 2.25 0
0.25 1.25 2.25 0
0.75 1.25 2.75 0
0.28125 1.25 2.71875 0
1.25 0.25 2.25 0
1.25 0.75 2.25 0
1.25 0.28125 2.71875 0
1.25 0.75 2.75 0
1.25 1.25 2.25 0
1.25 1.25 2.75 0
0.75 0.5 1.75 0
0.75 0.25 2 0
0.75 0 1.75 0
1 0.25 1.75 0
0.507812 0.257812 1.75 0
0.257812 0.507812 1.75 0
0.28125 0.28125 2 0
0.3125 0.0625 1.75 0
0.0625 0.3125 1.75 0
0.25 1 1.75 0
0.25 0.75 2 0
0.5 0.75 1.75 0
0 0.75 1.75 0
0.75 1 1.75 0
0.75 0.75 2 0
1 0.75 1.75 0
1.25 0.5 1.75 0
1.25 0.25 2 0
1.25 0 1.75 0
1.25 1 1.75 0
1.25 0.75 2 0
0.75 1.25 2 0
1 1.25 1.75 0
0.5 1.25 1.75 0
0.25 1.25 2 0
0 1.25 1.75 0
1.25 1.25 2 0
0.75 0.5 2.25 0
0.75 0.257812 2.49219 0
0.75 0 2.25 0
1 0.25 2.25 0
0.507812 0.257812 2.25 0
0.257812 0.507812 2.25 0
0.288194 0.288194 2.48524 0
0.3125 0.0625 2.25 0
0.0625 0.3125 2.25 0
0.25 1 2.25 0
0.257812 0.75 2.49219 0
0.5 0.75 2.25 0
0 0.75 2.25 0
0.75 1 2.25 0
0.75 0.75 2.5 0
1 0.75 2.25 0
0.75 0.507812 2.74219 0
0.75 0.3125 2.9375 0
0.75 0.0625 2.6875 0
1 0.28125 2.71875 0
0.514757 0.288194 2.71181 0
0.288194 0.514757 2.71181 0
0.336806 0.336806 2.88194 0
0.336806 0.118056 2.66319 0
0.118056 0.336806 2.66319 0
0.28125 1 2.71875 0
0.3125 0.75 2.9375 0
0.507812 0.75 2.74219 0
0.0625 0.75 2.6875 0
0.75 1 2.75 0
0.75 0.75 3 0
1 0.75 2.75 0
0.75 1.25 2.5 0
1 1.25 2.25 0
0.5 1.25 2.25 0
0.257812 1.25 2.49219 0
0 1.25 2.25 0
0.75 1.25 3 0
1 1.25 2.75 0
0.507812 1.25 2.74219 0
0.3125 1.25 2.9375 0
0.0625 1.25 2.6875 0
1.25 0.5 2.25 0
1.25 0.257812 2.49219 0
1.25 0 2.25 0
1.25 1 2.25 0
1.25 0.75 2.5 0
1.25 0.507812 2.74219 0
1.25 0.3125 2.9375 0
1.25 0.0625 2.6875 0
1.25 1 2.75 0
1.25 0.75 3 0
1.25 1.25 2.5 0
1.25 1.25 3 0
0.501953 0.501953 1.75 0
0.75 0.5 2 0
1 0.5 1.75 0
1 0.25 2 0
0.507812 0.257812 2 0
0.75 0 2 0
1 0 1.75 0
0.515625 0.015625 1.75 0
0.015625 0.515625 1.75 0
0.257812 0.507812 2 0
0.0625 0.3125 2 0
0.3125 0.0625 2 0
0.15625 0.15625 1.75 0
0 1 1.75 0
0.25 1 2 0
0.5 1 1.75 0
0.5 0.75 2 0
0 0.75 2 0
0.75 1 2 0
1 1 1.75 0
1 0.75 2 0
1.25 0.5 2 0
1.25 0 2 0
1.25 1 2 0
1 1.25 2 0
0.5 1.25 2 0
0 1.25 2 0
0.501953 0.501953 2.25 0
0.75 0.501953 2.49805 0
1 0.5 2.25 0
1 0.257812 2.49219 0
0.509549 0.265408 2.49045 0
0.75 0.015625 2.48438 0
1 0 2.25 0
0.515625 0.015625 2.25 0
0.015625 0.515625 2.25 0
0.265408 0.509549 2.49045 0
0.0763889 0.318576 2.4783 0
0.318576 0.0763889 2.4783 0
0.15625 0.15625 2.25 0
0 1 2.25 0
0.257812 1 2.49219 0
0.5 1 2.25 0
0.501953 0.75 2.49805 0
0.015625 0.75 2.48438 0
0.75 1 2.5 0
1 1 2.25 0
1 0.75 2.5 0
0.509549 0.509549 2.73459 0
0.75 0.515625 2.98438 0
1 0.507812 2.74219 0
1 0.3125 2.9375 0
0.521701 0.318576 2.92361 0
0.75 0.15625 2.84375 0
1 0.0625 2.6875 0
0.521701 0.0763889 2.68142 0
0.0763889 0.521701 2.68142 0
0.318576 0.521701 2.92361 0
0.200521 0.348958 2.79948 0
0.348958 0.200521 2.79948 0
0.200521 0.200521 2.65104 0
0.0625 1 2.6875 0
0.3125 1 2.9375 0
0.507812 1 2.74219 0
0.515625 0.75 2.98438 0
0.15625 0.75 2.84375 0
0.75 1 3 0
1 1 2.75 0
1 0.75 3 0
1 1.25 2.5 0
0.501953 1.25 2.49805 0
0.015625 1.25 2.48438 0
1 1.25 3 0
0.515625 1.25 2.98438 0
0.15625 1.25 2.84375 0
1.25 0.501953 2.49805 0
1.25 0.015625 2.48438 0
1.25 1 2.5 0
1.25 0.515625 2.98438 0
1.25 0.15625 2.84375 0
1.25 1 3 0
0.501953 0.501953 2 0
1 0.5 2 0
1 0 2 0
0.515625 0.015625 2 0
0.015625 0.515625 2 0
0.15625 0.15625 2 0
0 1 2 0
0.5 1 2 0
1 1 2 0
1.48438 1.47656 1.50781 0
0.503852 0.503852 2.49615 0
1 0.501953 2.49805 0
1 0.015625 2.48438 0
0.517144 0.030816 2.48286 0
0.030816 0.517144 2.48286 0
0.167318 0.167318 2.47526 0
0.015625 1 2.48438 0
0.501953 1 2.49805 0
1 1 2.5 0
0.517144 0.517144 2.96918 0
1 0.515625 2.98438 0
1 0.15625 2.84375 0
0.52474 0.167318 2.83268 0
0.167318 0.52474 2.83268 0
0.24537 0.24537 2.75463 0
0.15625 1 2.84375 0
0.515625 1 2.98438 0
1 1 3 0
Hexahedra
1728
280 139 28 136 146 32 1 31 0
136 28 137 281 31 1 33 147 0
28 138 282 137 1 29 140 33 0
139 283 138 28 32 142 29 1 0
146 32 1 31 286 143 30 145 0
31 1 33 147 145 30 144 287 0
1 29 140 33 30 141 284 144 0
32 142 29 1 143 285 141 30 0
281 137 34 148 147 33 2 37 0
148 34 149 288 37 2 38 155 0
34 150 289 149 2 35 151 38 0
137 282 150 34 33 140 35 2 0
147 33 2 37 287 144 36 154 0
37 2 38 155 154 36 153 291 0
2 35 151 38 36 152 290 153 0
33 140 35 2 144 284 152 36 0
282 158 39 150 140 42 3 35 0
150 39 156 289 35 3 43 151 0
39 157 292 156 3 40 159 43 0
158 293 157 39 42 161 40 3 0
140 42 3 35 284 162 41 152 0
35 3 43 151 152 41 163 290 0
3 40 159 43 41 160 294 163 0
42 161 40 3 162 295 160 41 0
283 165 44 138 142 47 4 29 0
138 44 158 282 29 4 42 140 0
44 164 293 158 4 45 161 42 0
165 296 164 44 47 167 45 4 0
142 47 4 29 285 168 46 141 0
29 4 42 140 141 46 162 284 0
4 45 161 42 46 166 295 162 0
47 167 45 4 168 297 166 46 0
285 141 30 143 171 48 5 51 0
143 30 145 286 51 5 50 175 0
30 144 287 145 5 52 176 50 0
141 284 144 30 48 169 52 5 0
171 48 5 51 299 170 49 172 0
51 5 50 175 172 49 174 300 0
5 52 176 50 49 173 301 174 0
48 169 52 5 170 298 173 49 0
284 152 36 144 169 53 6 52 0
144 36 154 287 52 6 55 176 0
36 153 291 154 6 56 181 55 0
152 290 153 36 53 177 56 6 0
169 53 6 52 298 178 54 173 0
52 6 55 176 173 54 180 301 0
6 56 181 55 54 179 303 180 0
53 177 56 6 178 302 179 54 0
295 160 41 162 184 57 7 59 0
162 41 152 284 59 7 53 169 0
41 163 290 152 7 60 177 53 0
160 294 163 41 57 182 60 7 0
184 57 7 59 305 183 58 185 0
59 7 53 169 185 58 178 298 0
7 60 177 53 58 186 302 178 0
57 182 60 7 183 304 186 58 0
297 166 46 168 188 61 8 63 0
168 46 141 285 63 8 48 171 0
46 162 284 141 8 59 169 48 0
166 295 162 46 61 184 59 8 0
188 61 8 63 306 187 62 189 0
63 8 48 171 189 62 170 299 0
8 59 169 48 62 185 298 170 0
61 184 59 8 187 305 185 62 0
293 190 64 164 161 68 9 45 0
164 64 192 296 45 9 67 167 0
64 191 308 192 9 65 195 67 0
190 307 191 64 68 193 65 9 0
161 68 9 45 295 197 66 166 0
45 9 67 167 166 66 196 297 0
9 65 195 67 66 194 310 196 0
68 193 65 9 197 309 194 66 0
292 198 69 157 159 72 10 40 0
157 69 190 293 40 10 68 161 0
69 199 307 190 10 70 193 68 0
198 311 199 69 72 200 70 10 0
159 72 10 40 294 202 71 160 0
40 10 68 161 160 71 197 295 0
10 70 193 68 71 201 309 197 0
72 200 70 10 202 312 201 71 0
310 194 66 196 205 73 11 75 0
196 66 166 297 75 11 61 188 0
66 197 295 166 11 76 184 61 0
194 309 197 66 73 203 76 11 0
205 73 11 75 314 204 74 206 0
75 11 61 188 206 74 187 306 0
11 76 184 61 74 207 305 187 0
73 203 76 11 204 313 207 74 0
309 201 71 197 203 77 12 76 0
197 71 160 295 76 12 57 184 0
71 202 294 160 12 79 182 57 0
201 312 202 71 77 208 79 12 0
203 77 12 76 313 209 78 207 0
76 12 57 184 207 78 183 305 0
12 79 182 57 78 210 304 183 0
77 208 79 12 209 315 210 78 0
316 212 80 211 218 84 13 83 0
211 80 149 288 83 13 38 155 0
80 213 289 149 13 81 151 38 0
212 317 213 80 84 214 81 13 0
218 84 13 83 319 216 82 217 0
83 13 38 155 217 82 153 291 0
13 81 151 38 82 215 290 153 0
84 214 81 13 216 318 215 82 0
317 219 85 213 214 88 14 81 0
213 85 156 289 81 14 43 151 0
85 220 292 156 14 86 159 43 0
219 320 220 85 88 221 86 14 0
214 88 14 81 318 223 87 215 0
81 14 43 151 215 87 163 290 0
14 86 159 43 87 222 294 163 0
88 221 86 14 223 321 222 87 0
290 215 82 153 177 89 15 56 0
153 82 217 291 56 15 91 181 0
82 216 319 217 15 92 228 91 0
215 318 216 82 89 224 92 15 0
177 89 15 56 302 225 90 179 0
56 15 91 181 179 90 227 303 0
15 92 228 91 90 226 323 227 0
89 224 92 15 225 322 226 90 0
294 222 87 163 182 93 16 60 0
163 87 215 290 60 16 89 177 0
87 223 318 215 16 95 224 89 0
222 321 223 87 93 229 95 16 0
182 93 16 60 304 230 94 186 0
60 16 89 177 186 94 225 302 0
16 95 224 89 94 231 322 225 0
93 229 95 16 230 324 231 94 0
320 232 96 220 221 99 17 86 0
220 96 198 292 86 17 72 159 0
96 233 311 198 17 97 200 72 0
232 325 233 96 99 234 97 17 0
221 99 17 86 321 236 98 222 0
86 17 72 159 222 98 202 294 0
17 97 200 72 98 235 312 202 0
99 234 97 17 236 326 235 98 0
312 235 98 202 208 100 18 79 0
202 98 222 294 79 18 93 182 0
98 236 321 222 18 102 229 93 0
235 326 236 98 100 237 102 18 0
208 100 18 79 315 238 101 210 0
79 18 93 182 210 101 230 304 0
18 102 229 93 101 239 324 230 0
100 237 102 18 238 327 239 101 0
306 187 62 189 246 106 19 105 0
189 62 170 299 105 19 107 247 0
62 185 298 170 19 103 240 107 0
187 305 185 62 106 242 103 19 0
246 106 19 105 330 243 104 245 0
105 19 107 247 245 104 244 331 0
19 103 240 107 104 241 328 244 0
106 242 103 19 243 329 241 104 0
299 170 49 172 247 107 20 110 0
172 49 174 300 110 20 111 252 0
49 173 301 174 20 108 248 111 0
170 298 173 49 107 240 108 20 0
247 107 20 110 331 244 109 251 0
110 20 111 252 251 109 250 333 0
20 108 248 111 109 249 332 250 0
107 240 108 20 244 328 249 109 0
298 178 54 173 240 114 21 108 0
173 54 180 301 108 21 115 248 0
54 179 303 180 21 112 253 115 0
178 302 179 54 114 255 112 21 0
240 114 21 108 328 256 113 249 0
108 21 115 248 249 113 257 332 0
21 112 253 115 113 254 334 257 0
114 255 112 21 256 335 254 113 0
305 183 58 185 242 118 22 103 0
185 58 178 298 103 22 114 240 0
58 186 302 178 22 116 255 114 0
183 304 186 58 118 259 116 22 0
242 118 22 103 329 260 117 241 0
103 22 114 240 241 117 256 328 0
22 116 255 114 117 258 335 256 0
118 259 116 22 260 336 258 117 0
314 204 74 206 265 122 23 121 0
206 74 187 306 121 23 106 246 0
74 207 305 187 23 119 242 106 0
204 313 207 74 122 262 119 23 0
265 122 23 121 338 263 120 264 0
121 23 106 246 264 120 243 330 0
23 119 242 106 120 261 329 243 0
122 262 119 23 263 337 261 120 0
313 209 78 207 262 125 24 119 0
207 78 183 305 119 24 118 242 0
78 210 304 183 24 123 259 118 0
209 315 210 78 125 267 123 24 0
262 125 24 119 337 268 124 261 0
119 24 118 242 261 124 260 329 0
24 123 259 118 124 266 336 260 0
125 267 123 24 268 339 266 124 0
304 230 94 186 259 128 25 116 0
186 94 225 302 116 25 129 255 0
94 231 322 225 25 126 269 129 0
230 324 231 94 128 271 126 25 0
259 128 25 116 336 272 127 258 0
116 25 129 255 258 127 273 335 0
25 126 269 129 127 270 340 273 0
128 271 126 25 272 341 270 127 0
302 225 90 179 255 129 26 112 0
179 90 227 303 112 26 132 253 0
90 226 323 227 26 130 274 132 0
225 322 226 90 129 269 130 26 0
255 129 26 112 335 273 131 254 0
112 26 132 253 254 131 276 334 0
26 130 274 132 131 275 342 276 0
129 269 130 26 273 340 275 131 0
315 238 101 210 267 135 27 123 0
210 101 230 304 123 27 128 259 0
101 239 324 230 27 133 271 128 0
238 327 239 101 135 278 133 27 0
267 135 27 123 339 279 134 266 0
123 27 128 259 266 134 272 336 0
27 133 271 128 134 277 341 272 0
135 278 133 27 279 343 277 134 0
624 480 371 479 485 372 344 375 0
479 371 482 623 375 344 374 490 0
371 481 626 482 344 376 489 374 0
480 625 481 371 372 483 376 344 0
485 372 344 375 628 484 373 486 0
375 344 374 490 486 373 488 629 0
344 376 489 374 373 487 630 488 0
372 483 376 344 484 627 487 373 0
631 492 377 491 496 378 345 380 0
491 377 480 624 380 345 372 485 0
377 493 625 480 345 381 483 372 0
492 632 493 377 378 494 381 345 0
496 378 345 380 634 495 379 497 0
380 345 372 485 497 379 484 628 0
345 381 483 372 379 498 627 484 0
378 494 381 345 495 633 498 379 0
635 500 382 499 504 383 346 385 0
499 382 492 631 385 346 378 496 0
382 501 632 492 346 386 494 378 0
500 636 501 382 383 502 386 346 0
504 383 346 385 638 503 384 505 0
385 346 378 496 505 384 495 634 0
346 386 494 378 384 506 633 495 0
383 502 386 346 503 637 506 384 0
640 508 387 507 511 388 347 391 0
507 387 509 639 391 347 390 514 0
387 479 623 509 347 375 490 390 0
508 624 479 387 388 485 375 347 0
511 388 347 391 641 510 389 512 0
391 347 390 514 512 389 513 642 0
347 375 490 390 389 486 629 513 0
388 485 375 347 510 628 486 389 0
644 516 392 515 519 393 348 396 0
515 392 517 643 396 348 395 522 0
392 507 639 517 348 391 514 395 0
516 640 507 392 393 511 391 348 0
519 393 348 396 645 518 394 520 0
396 348 395 522 520 394 521 646 0
348 391 514 395 394 512 642 521 0
393 511 391 348 518 641 512 394 0
647 524 397 523 528 398 349 400 0
523 397 516 644 400 349 393 519 0
397 525 640 516 349 401 511 393 0
524 648 525 397 398 526 401 349 0
528 398 349 400 650 527 399 529 0
400 349 393 519 529 399 518 645 0
349 401 511 393 399 530 641 518 0
398 526 401 349 527 649 530 399 0
648 531 402 525 526 403 350 401 0
525 402 508 640 401 350 388 511 0
402 491 624 508 350 380 485 388 0
531 631 491 402 403 496 380 350 0
526 403 350 401 649 532 404 530 0
401 350 388 511 530 404 510 641 0
350 380 485 388 404 497 628 510 0
403 496 380 350 532 634 497 404 0
651 534 405 533 536 406 351 408 0
533 405 531 648 408 351 403 526 0
405 499 631 531 351 385 496 403 0
534 635 499 405 406 504 385 351 0
536 406 351 408 652 535 407 537 0
408 351 403 526 537 407 532 649 0
351 385 496 403 407 505 634 532 0
406 504 385 351 535 638 505 407 0
653 539 409 538 541 410 352 412 0
538 409 524 647 412 352 398 528 0
409 533 648 524 352 408 526 398 0
539 651 533 409 410 536 408 352 0
541 410 352 412 654 540 411 542 0
412 352 398 528 542 411 527 650 0
352 408 526 398 411 537 649 527 0
410 536 408 352 540 652 537 411 0
628 484 373 486 545 413 353 416 0
486 373 488 629 416 353 415 550 0
373 487 630 488 353 417 549 415 0
484 627 487 373 413 543 417 353 0
545 413 353 416 656 544 414 546 0
416 353 415 550 546 414 548 657 0
353 417 549 415 414 547 658 548 0
413 543 417 353 544 655 547 414 0
656 544 414 546 553 418 354 421 0
546 414 548 657 421 354 420 558 0
414 547 658 548 354 422 557 420 0
544 655 547 414 418 551 422 354 0
553 418 354 421 660 552 419 554 0
421 354 420 558 554 419 556 661 0
354 422 557 420 419 555 662 556 0
418 551 422 354 552 659 555 419 0
641 510 389 512 560 423 355 426 0
512 389 513 642 426 355 425 563 0
389 486 629 513 355 416 550 425 0
510 628 486 389 423 545 416 355 0
560 423 355 426 663 559 424 561 0
426 355 425 563 561 424 562 664 0
355 416 550 425 424 546 657 562 0
423 545 416 355 559 656 546 424 0
645 518 394 520 565 427 356 430 0
520 394 521 646 430 356 429 568 0
394 512 642 521 356 426 563 429 0
518 641 512 394 427 560 426 356 0
565 427 356 430 665 564 428 566 0
430 356 429 568 566 428 567 666 0
356 426 563 429 428 561 664 567 0
427 560 426 356 564 663 561 428 0
663 559 424 561 570 431 357 434 0
561 424 562 664 434 357 433 573 0
424 546 657 562 357 421 558 433 0
559 656 546 424 431 553 421 357 0
570 431 357 434 667 569 432 571 0
434 357 433 573 571 432 572 668 0
357 421 558 433 432 554 661 572 0
431 553 421 357 569 660 554 432 0
665 564 428 566 575 435 358 438 0
566 428 567 666 438 358 437 578 0
428 561 664 567 358 434 573 437 0
564 663 561 428 435 570 434 358 0
575 435 358 438 669 574 436 576 0
438 358 437 578 576 436 577 670 0
358 434 573 437 436 571 668 577 0
435 570 434 358 574 667 571 436 0
634 495 379 497 581 439 359 441 0
497 379 484 628 441 359 413 545 0
379 498 627 484 359 442 543 413 0
495 633 498 379 439 579 442 359 0
581 439 359 441 672 580 440 582 0
441 359 413 545 582 440 544 656 0
359 442 543 413 440 583 655 544 0
439 579 442 359 580 671 583 440 0
638 503 384 505 586 443 360 445 0
505 384 495 634 445 360 439 581 0
384 506 633 495 360 446 579 439 0
503 637 506 384 443 584 446 360 0
586 443 360 445 674 585 444 587 0
445 360 439 581 587 444 580 672 0
360 446 579 439 444 588 671 580 0
443 584 446 360 585 673 588 444 0
672 580 440 582 591 447 361 449 0
582 440 544 656 449 361 418 553 0
440 583 655 544 361 450 551 418 0
580 671 583 440 447 589 450 361 0
591 447 361 449 676 590 448 592 0
449 361 418 553 592 448 552 660 0
361 450 551 418 448 593 659 552 0
447 589 450 361 590 675 593 448 0
674 585 444 587 596 451 362 453 0
587 444 580 672 453 362 447 591 0
444 588 671 580 362 454 589 447 0
585 673 588 444 451 594 454 362 0
596 451 362 453 678 595 452 597 0
453 362 447 591 597 452 590 676 0
362 454 589 447 452 598 675 590 0
451 594 454 362 595 677 598 452 0
650 527 399 529 601 455 363 457 0
529 399 518 645 457 363 427 565 0
399 530 641 518 363 458 560 427 0
527 649 530 399 455 599 458 363 0
601 455 363 457 680 600 456 602 0
457 363 427 565 602 456 564 665 0
363 458 560 427 456 603 663 564 0
455 599 458 363 600 679 603 456 0
649 532 404 530 599 459 364 458 0
530 404 510 641 458 364 423 560 0
404 497 628 510 364 441 545 423 0
532 634 497 404 459 581 441 364 0
599 459 364 458 679 604 460 603 0
458 364 423 560 603 460 559 663 0
364 441 545 423 460 582 656 559 0
459 581 441 364 604 672 582 460 0
652 535 407 537 606 461 365 463 0
537 407 532 649 463 365 459 599 0
407 505 634 532 365 445 581 459 0
535 638 505 407 461 586 445 365 0
606 461 365 463 681 605 462 607 0
463 365 459 599 607 462 604 679 0
365 445 581 459 462 587 672 604 0
461 586 445 365 605 674 587 462 0
654 540 411 542 609 464 366 466 0
542 411 527 650 466 366 455 601 0
411 537 649 527 366 463 599 455 0
540 652 537 411 464 606 463 366 0
609 464 366 466 682 608 465 610 0
466 366 455 601 610 465 600 680 0
366 463 599 455 465 607 679 600 0
464 606 463 366 608 681 607 465 0
680 600 456 602 613 467 367 469 0
602 456 564 665 469 367 435 575 0
456 603 663 564 367 470 570 435 0
600 679 603 456 467 611 470 367 0
613 467 367 469 684 612 468 614 0
469 367 435 575 614 468 574 669 0
367 470 570 435 468 615 667 574 0
467 611 470 367 612 683 615 468 0
679 604 460 603 611 471 368 470 0
603 460 559 663 470 368 431 570 0
460 582 656 559 368 449 553 431 0
604 672 582 460 471 591 449 368 0
611 471 368 470 683 616 472 615 0
470 368 431 570 615 472 569 667 0
368 449 553 431 472 592 660 569 0
471 591 449 368 616 676 592 472 0
681 605 462 607 618 473 369 475 0
607 462 604 679 475 369 471 611 0
462 587 672 604 369 453 591 471 0
605 674 587 462 473 596 453 369 0
618 473 369 475 685 617 474 619 0
475 369 471 611 619 474 616 683 0
369 453 591 471 474 597 676 616 0
473 596 453 369 617 678 597 474 0
682 608 465 610 621 476 370 478 0
610 465 600 680 478 370 467 613 0
465 607 679 600 370 475 611 467 0
608 681 607 465 476 618 475 370 0
621 476 370 478 686 620 477 622 0
478 370 467 613 622 477 612 684 0
370 475 611 467 477 619 683 612 0
476 618 475 370 620 685 619 477 0
931 814 714 813 818 715 687 718 0
813 714 815 930 718 687 717 822 0
714 263 338 815 687 719 823 717 0
814 337 263 714 715 816 719 687 0
818 715 687 718 933 817 716 819 0
718 687 717 822 819 716 821 934 0
687 719 823 717 716 820 935 821 0
715 816 719 687 817 932 820 716 0
936 825 720 824 828 721 688 723 0
824 720 814 931 723 688 715 818 0
720 268 337 814 688 724 816 715 0
825 339 268 720 721 826 724 688 0
828 721 688 723 938 827 722 829 0
723 688 715 818 829 722 817 933 0
688 724 816 715 722 830 932 817 0
721 826 724 688 827 937 830 722 0
623 482 725 831 490 374 689 727 0
831 725 825 936 727 689 721 828 0
725 279 339 825 689 728 826 721 0
482 939 279 725 374 489 728 689 0
490 374 689 727 629 488 726 832 0
727 689 721 828 832 726 827 938 0
689 728 826 721 726 833 937 827 0
374 489 728 689 488 630 833 726 0
941 835 729 834 840 730 690 733 0
834 729 837 940 733 690 732 844 0
729 836 943 837 690 734 845 732 0
835 942 836 729 730 838 734 690 0
840 730 690 733 945 839 731 841 0
733 690 732 844 841 731 843 946 0
690 734 845 732 731 842 947 843 0
730 838 734 690 839 944 842 731 0
942 846 735 836 838 736 691 734 0
836 735 847 943 734 691 738 845 0
735 813 930 847 691 718 822 738 0
846 931 813 735 736 818 718 691 0
838 736 691 734 944 848 737 842 0
734 691 738 845 842 737 849 947 0
691 718 822 738 737 819 934 849 0
736 818 718 691 848 933 819 737 0
948 851 739 850 853 740 692 742 0
850 739 846 942 742 692 736 838 0
739 824 931 846 692 723 818 736 0
851 936 824 739 740 828 723 692 0
853 740 692 742 949 852 741 854 0
742 692 736 838 854 741 848 944 0
692 723 818 736 741 829 933 848 0
740 828 723 692 852 938 829 741 0
950 856 743 855 858 744 693 746 0
855 743 835 941 746 693 730 840 0
743 850 942 835 693 742 838 730 0
856 948 850 743 744 853 742 693 0
858 744 693 746 951 857 745 859 0
746 693 730 840 859 745 839 945 0
693 742 838 730 745 854 944 839 0
744 853 742 693 857 949 854 745 0
643 517 747 860 522 395 694 749 0
860 747 856 950 749 694 744 858 0
747 861 948 856 694 750 853 744 0
517 639 861 747 395 514 750 694 0
522 395 694 749 646 521 748 862 0
749 694 744 858 862 748 857 951 0
694 750 853 744 748 863 949 857 0
395 514 750 694 521 642 863 748 0
639 509 751 861 514 390 695 750 0
861 751 851 948 750 695 740 853 0
751 831 936 851 695 727 828 740 0
509 623 831 751 390 490 727 695 0
514 390 695 750 642 513 752 863 0
750 695 740 853 863 752 852 949 0
695 727 828 740 752 832 938 852 0
390 490 727 695 513 629 832 752 0
933 817 716 819 866 753 696 756 0
819 716 821 934 756 696 755 870 0
716 820 935 821 696 757 871 755 0
817 932 820 716 753 864 757 696 0
866 753 696 756 953 865 754 867 0
756 696 755 870 867 754 869 954 0
696 757 871 755 754 868 955 869 0
753 864 757 696 865 952 868 754 0
938 827 722 829 874 758 697 760 0
829 722 817 933 760 697 753 866 0
722 830 932 817 697 761 864 753 0
827 937 830 722 758 872 761 697 0
874 758 697 760 957 873 759 875 0
760 697 753 866 875 759 865 953 0
697 761 864 753 759 876 952 865 0
758 872 761 697 873 956 876 759 0
953 865 754 867 879 762 698 765 0
867 754 869 954 765 698 764 883 0
754 868 955 869 698 766 884 764 0
865 952 868 754 762 877 766 698 0
879 762 698 765 959 878 763 880 0
765 698 764 883 880 763 882 960 0
698 766 884 764 763 881 961 882 0
762 877 766 698 878 958 881 763 0
957 873 759 875 887 767 699 769 0
875 759 865 953 769 699 762 879 0
759 876 952 865 699 770 877 762 0
873 956 876 759 767 885 770 699 0
887 767 699 769 963 886 768 888 0
769 699 762 879 888 768 878 959 0
699 770 877 762 768 889 958 878 0
767 885 770 699 886 962 889 768 0
945 839 731 841 892 771 700 774 0
841 731 843 946 774 700 773 896 0
731 842 947 843 700 775 897 773 0
839 944 842 731 771 890 775 700 0
892 771 700 774 965 891 772 893 0
774 700 773 896 893 772 895 966 0
700 775 897 773 772 894 967 895 0
771 890 775 700 891 964 894 772 0
944 848 737 842 890 776 701 775 0
842 737 849 947 775 701 778 897 0
737 819 934 849 701 756 870 778 0
848 933 819 737 776 866 756 701 0
890 776 701 775 964 898 777 894 0
775 701 778 897 894 777 899 967 0
701 756 870 778 777 867 954 899 0
776 866 756 701 898 953 867 777 0
949 852 741 854 901 779 702 781 0
854 741 848 944 781 702 776 890 0
741 829 933 848 702 760 866 776 0
852 938 829 741 779 874 760 702 0
901 779 702 781 968 900 780 902 0
781 702 776 890 902 780 898 964 0
702 760 866 776 780 875 953 898 0
779 874 760 702 900 957 875 780 0
951 857 745 859 904 782 703 784 0
859 745 839 945 784 703 771 892 0
745 854 944 839 703 781 890 771 0
857 949 854 745 782 901 781 703 0
904 782 703 784 969 903 783 905 0
784 703 771 892 905 783 891 965 0
703 781 890 771 783 902 964 891 0
782 901 781 703 903 968 902 783 0
965 891 772 893 908 785 704 788 0
893 772 895 966 788 704 787 912 0
772 894 967 895 704 789 913 787 0
891 964 894 772 785 906 789 704 0
908 785 704 788 971 907 786 909 0
788 704 787 912 909 786 911 972 0
704 789 913 787 786 910 973 911 0
785 906 789 704 907 970 910 786 0
964 898 777 894 906 790 705 789 0
894 777 899 967 789 705 792 913 0
777 867 954 899 705 765 883 792 0
898 953 867 777 790 879 765 705 0
906 790 705 789 970 914 791 910 0
789 705 792 913 910 791 915 973 0
705 765 883 792 791 880 960 915 0
790 879 765 705 914 959 880 791 0
968 900 780 902 917 793 706 795 0
902 780 898 964 795 706 790 906 0
780 875 953 898 706 769 879 790 0
900 957 875 780 793 887 769 706 0
917 793 706 795 974 916 794 918 0
795 706 790 906 918 794 914 970 0
706 769 879 790 794 888 959 914 0
793 887 769 706 916 963 888 794 0
969 903 783 905 920 796 707 798 0
905 783 891 965 798 707 785 908 0
783 902 964 891 707 795 906 785 0
903 968 902 783 796 917 795 707 0
920 796 707 798 975 919 797 921 0
798 707 785 908 921 797 907 971 0
707 795 906 785 797 918 970 907 0
796 917 795 707 919 974 918 797 0
629 488 726 832 550 415 708 800 0
832 726 827 938 800 708 758 874 0
726 833 937 827 708 801 872 758 0
488 630 833 726 415 549 801 708 0
550 415 708 800 657 548 799 922 0
800 708 758 874 922 799 873 957 0
708 801 872 758 799 923 956 873 0
415 549 801 708 548 658 923 799 0
657 548 799 922 558 420 709 803 0
922 799 873 957 803 709 767 887 0
799 923 956 873 709 804 885 767 0
548 658 923 799 420 557 804 709 0
558 420 709 803 661 556 802 924 0
803 709 767 887 924 802 886 963 0
709 804 885 767 802 925 962 886 0
420 557 804 709 556 662 925 802 0
646 521 748 862 568 429 710 806 0
862 748 857 951 806 710 782 904 0
748 863 949 857 710 807 901 782 0
521 642 863 748 429 563 807 710 0
568 429 710 806 666 567 805 926 0
806 710 782 904 926 805 903 969 0
710 807 901 782 805 927 968 903 0
429 563 807 710 567 664 927 805 0
642 513 752 863 563 425 711 807 0
863 752 852 949 807 711 779 901 0
752 832 938 852 711 800 874 779 0
513 629 832 752 425 550 800 711 0
563 425 711 807 664 562 808 927 0
807 711 779 901 927 808 900 968 0
711 800 874 779 808 922 957 900 0
425 550 800 711 562 657 922 808 0
666 567 805 926 578 437 712 810 0
926 805 903 969 810 712 796 920 0
805 927 968 903 712 811 917 796 0
567 664 927 805 437 573 811 712 0
578 437 712 810 670 577 809 928 0
810 712 796 920 928 809 919 975 0
712 811 917 796 809 929 974 919 0
437 573 811 712 577 668 929 809 0
664 562 808 927 573 433 713 811 0
927 808 900 968 811 713 793 917 0
808 922 957 900 713 803 887 793 0
562 657 922 808 433 558 803 713 0
573 433 713 811 668 572 812 929 0
811 713 793 917 929 812 916 974 0
713 803 887 793 812 924 963 916 0
433 558 803 713 572 661 924 812 0
1219 1103 1003 1102 1107 1004 976 1007 0
1102 1003 275 340 1007 976 1006 1112 0
1003 1104 342 275 976 1008 1111 1006 0
1103 1220 1104 1003 1004 1105 1008 976 0
1107 1004 976 1007 1222 1106 1005 1108 0
1007 976 1006 1112 1108 1005 1110 1223 0
976 1008 1111 1006 1005 1109 1224 1110 0
1004 1105 1008 976 1106 1221 1109 1005 0
1225 1114 1009 1113 1116 1010 977 1013 0
1113 1009 270 341 1013 977 1012 1119 0
1009 1102 340 270 977 1007 1112 1012 0
1114 1219 1102 1009 1010 1107 1007 977 0
1116 1010 977 1013 1226 1115 1011 1117 0
1013 977 1012 1119 1117 1011 1118 1227 0
977 1007 1112 1012 1011 1108 1223 1118 0
1010 1107 1007 977 1115 1222 1108 1011 0
625 1120 1014 481 483 1015 978 376 0
481 1014 277 1228 376 978 1017 489 0
1014 1113 341 277 978 1013 1119 1017 0
1120 1225 1113 1014 1015 1116 1013 978 0
483 1015 978 376 627 1121 1016 487 0
376 978 1017 489 487 1016 1122 630 0
978 1013 1119 1017 1016 1117 1227 1122 0
1015 1116 1013 978 1121 1226 1117 1016 0
1229 1124 1018 1123 1128 1019 979 1021 0
1123 1018 1114 1225 1021 979 1010 1116 0
1018 1125 1219 1114 979 1022 1107 1010 0
1124 1230 1125 1018 1019 1126 1022 979 0
1128 1019 979 1021 1232 1127 1020 1129 0
1021 979 1010 1116 1129 1020 1115 1226 0
979 1022 1107 1010 1020 1130 1222 1115 0
1019 1126 1022 979 1127 1231 1130 1020 0
1230 1131 1023 1125 1126 1024 980 1022 0
1125 1023 1103 1219 1022 980 1004 1107 0
1023 1132 1220 1103 980 1026 1105 1004 0
1131 1233 1132 1023 1024 1133 1026 980 0
1126 1024 980 1022 1231 1134 1025 1130 0
1022 980 1004 1107 1130 1025 1106 1222 0
980 1026 1105 1004 1025 1135 1221 1106 0
1024 1133 1026 980 1134 1234 1135 1025 0
1235 1137 1027 1136 1141 1028 981 1030 0
1136 1027 1131 1230 1030 981 1024 1126 0
1027 1138 1233 1131 981 1031 1133 1024 0
1137 1236 1138 1027 1028 1139 1031 981 0
1141 1028 981 1030 1238 1140 1029 1142 0
1030 981 1024 1126 1142 1029 1134 1231 0
981 1031 1133 1024 1029 1143 1234 1134 0
1028 1139 1031 981 1140 1237 1143 1029 0
1239 1145 1032 1144 1147 1033 982 1035 0
1144 1032 1124 1229 1035 982 1019 1128 0
1032 1136 1230 1124 982 1030 1126 1019 0
1145 1235 1136 1032 1033 1141 1030 982 0
1147 1033 982 1035 1240 1146 1034 1148 0
1035 982 1019 1128 1148 1034 1127 1232 0
982 1030 1126 1019 1034 1142 1231 1127 0
1033 1141 1030 982 1146 1238 1142 1034 0
632 1149 1036 493 494 1037 983 381 0
493 1036 1120 625 381 983 1015 483 0
1036 1123 1225 1120 983 1021 1116 1015 0
1149 1229 1123 1036 1037 1128 1021 983 0
494 1037 983 381 633 1150 1038 498 0
381 983 1015 483 498 1038 1121 627 0
983 1021 1116 1015 1038 1129 1226 1121 0
1037 1128 1021 983 1150 1232 1129 1038 0
636 1151 1039 501 502 1040 984 386 0
501 1039 1149 632 386 984 1037 494 0
1039 1144 1229 1149 984 1035 1128 1037 0
1151 1239 1144 1039 1040 1147 1035 984 0
502 1040 984 386 637 1152 1041 506 0
386 984 1037 494 506 1041 1150 633 0
984 1035 1128 1037 1041 1148 1232 1150 0
1040 1147 1035 984 1152 1240 1148 1041 0
1222 1106 1005 1108 1155 1042 985 1045 0
1108 1005 1110 1223 1045 985 1044 1160 0
1005 1109 1224 1110 985 1046 1159 1044 0
1106 1221 1109 1005 1042 1153 1046 985 0
1155 1042 985 1045 1242 1154 1043 1156 0
1045 985 1044 1160 1156 1043 1158 1243 0
985 1046 1159 1044 1043 1157 1244 1158 0
1042 1153 1046 985 1154 1241 1157 1043 0
1226 1115 1011 1117 1162 1047 986 1050 0
1117 1011 1118 1227 1050 986 1049 1165 0
1011 1108 1223 1118 986 1045 1160 1049 0
1115 1222 1108 1011 1047 1155 1045 986 0
1162 1047 986 1050 1245 1161 1048 1163 0
1050 986 1049 1165 1163 1048 1164 1246 0
986 1045 1160 1049 1048 1156 1243 1164 0
1047 1155 1045 986 1161 1242 1156 1048 0
1242 1154 1043 1156 1168 1051 987 1054 0
1156 1043 1158 1243 1054 987 1053 1173 0
1043 1157 1244 1158 987 1055 1172 1053 0
1154 1241 1157 1043 1051 1166 1055 987 0
1168 1051 987 1054 1248 1167 1052 1169 0
1054 987 1053 1173 1169 1052 1171 1249 0
987 1055 1172 1053 1052 1170 1250 1171 0
1051 1166 1055 987 1167 1247 1170 1052 0
1245 1161 1048 1163 1175 1056 988 1059 0
1163 1048 1164 1246 1059 988 1058 1178 0
1048 1156 1243 1164 988 1054 1173 1058 0
1161 1242 1156 1048 1056 1168 1054 988 0
1175 1056 988 1059 1251 1174 1057 1176 0
1059 988 1058 1178 1176 1057 1177 1252 0
988 1054 1173 1058 1057 1169 1249 1177 0
1056 1168 1054 988 1174 1248 1169 1057 0
1232 1127 1020 1129 1181 1060 989 1062 0
1129 1020 1115 1226 1062 989 1047 1162 0
1020 1130 1222 1115 989 1063 1155 1047 0
1127 1231 1130 1020 1060 1179 1063 989 0
1181 1060 989 1062 1254 1180 1061 1182 0
1062 989 1047 1162 1182 1061 1161 1245 0
989 1063 1155 1047 1061 1183 1242 1161 0
1060 1179 1063 989 1180 1253 1183 1061 0
1231 1134 1025 1130 1179 1064 990 1063 0
1130 1025 1106 1222 1063 990 1042 1155 0
1025 1135 1221 1106 990 1066 1153 1042 0
1134 1234 1135 1025 1064 1184 1066 990 0
1179 1064 990 1063 1253 1185 1065 1183 0
1063 990 1042 1155 1183 1065 1154 1242 0
990 1066 1153 1042 1065 1186 1241 1154 0
1064 1184 1066 990 1185 1255 1186 1065 0
1238 1140 1029 1142 1189 1067 991 1069 0
1142 1029 1134 1231 1069 991 1064 1179 0
1029 1143 1234 1134 991 1070 1184 1064 0
1140 1237 1143 1029 1067 1187 1070 991 0
1189 1067 991 1069 1257 1188 1068 1190 0
1069 991 1064 1179 1190 1068 1185 1253 0
991 1070 1184 1064 1068 1191 1255 1185 0
1067 1187 1070 991 1188 1256 1191 1068 0
1240 1146 1034 1148 1193 1071 992 1073 0
1148 1034 1127 1232 1073 992 1060 1181 0
1034 1142 1231 1127 992 1069 1179 1060 0
1146 1238 1142 1034 1071 1189 1069 992 0
1193 1071 992 1073 1258 1192 1072 1194 0
1073 992 1060 1181 1194 1072 1180 1254 0
992 1069 1179 1060 1072 1190 1253 1180 0
1071 1189 1069 992 1192 1257 1190 1072 0
1254 1180 1061 1182 1197 1074 993 1076 0
1182 1061 1161 1245 1076 993 1056 1175 0
1061 1183 1242 1161 993 1077 1168 1056 0
1180 1253 1183 1061 1074 1195 1077 993 0
1197 1074 993 1076 1260 1196 1075 1198 0
1076 993 1056 1175 1198 1075 1174 1251 0
993 1077 1168 1056 1075 1199 1248 1174 0
1074 1195 1077 993 1196 1259 1199 1075 0
1253 1185 1065 1183 1195 1078 994 1077 0
1183 1065 1154 1242 1077 994 1051 1168 0
1065 1186 1241 1154 994 1080 1166 1051 0
1185 1255 1186 1065 1078 1200 1080 994 0
1195 1078 994 1077 1259 1201 1079 1199 0
1077 994 1051 1168 1199 1079 1167 1248 0
994 1080 1166 1051 1079 1202 1247 1167 0
1078 1200 1080 994 1201 1261 1202 1079 0
1257 1188 1068 1190 1205 1081 995 1083 0
1190 1068 1185 1253 1083 995 1078 1195 0
1068 1191 1255 1185 995 1084 1200 1078 0
1188 1256 1191 1068 1081 1203 1084 995 0
1205 1081 995 1083 1263 1204 1082 1206 0
1083 995 1078 1195 1206 1082 1201 1259 0
995 1084 1200 1078 1082 1207 1261 1201 0
1081 1203 1084 995 1204 1262 1207 1082 0
1258 1192 1072 1194 1209 1085 996 1087 0
1194 1072 1180 1254 1087 996 1074 1197 0
1072 1190 1253 1180 996 1083 1195 1074 0
1192 1257 1190 1072 1085 1205 1083 996 0
1209 1085 996 1087 1264 1208 1086 1210 0
1087 996 1074 1197 1210 1086 1196 1260 0
996 1083 1195 1074 1086 1206 1259 1196 0
1085 1205 1083 996 1208 1263 1206 1086 0
627 1121 1016 487 543 1088 997 417 0
487 1016 1122 630 417 997 1090 549 0
1016 1117 1227 1122 997 1050 1165 1090 0
1121 1226 1117 1016 1088 1162 1050 997 0
543 1088 997 417 655 1211 1089 547 0
417 997 1090 549 547 1089 1212 658 0
997 1050 1165 1090 1089 1163 1246 1212 0
1088 1162 1050 997 1211 1245 1163 1089 0
655 1211 1089 547 551 1091 998 422 0
547 1089 1212 658 422 998 1093 557 0
1089 1163 1246 1212 998 1059 1178 1093 0
1211 1245 1163 1089 1091 1175 1059 998 0
551 1091 998 422 659 1213 1092 555 0
422 998 1093 557 555 1092 1214 662 0
998 1059 1178 1093 1092 1176 1252 1214 0
1091 1175 1059 998 1213 1251 1176 1092 0
633 1150 1038 498 579 1094 999 442 0
498 1038 1121 627 442 999 1088 543 0
1038 1129 1226 1121 999 1062 1162 1088 0
1150 1232 1129 1038 1094 1181 1062 999 0
579 1094 999 442 671 1215 1095 583 0
442 999 1088 543 583 1095 1211 655 0
999 1062 1162 1088 1095 1182 1245 1211 0
1094 1181 1062 999 1215 1254 1182 1095 0
637 1152 1041 506 584 1096 1000 446 0
506 1041 1150 633 446 1000 1094 579 0
1041 1148 1232 1150 1000 1073 1181 1094 0
1152 1240 1148 1041 1096 1193 1073 1000 0
584 1096 1000 446 673 1216 1097 588 0
446 1000 1094 579 588 1097 1215 671 0
1000 1073 1181 1094 1097 1194 1254 1215 0
1096 1193 1073 1000 1216 1258 1194 1097 0
671 1215 1095 583 589 1098 1001 450 0
583 1095 1211 655 450 1001 1091 551 0
1095 1182 1245 1211 1001 1076 1175 1091 0
1215 1254 1182 1095 1098 1197 1076 1001 0
589 1098 1001 450 675 1217 1099 593 0
450 1001 1091 551 593 1099 1213 659 0
1001 1076 1175 1091 1099 1198 1251 1213 0
1098 1197 1076 1001 1217 1260 1198 1099 0
673 1216 1097 588 594 1100 1002 454 0
588 1097 1215 671 454 1002 1098 589 0
1097 1194 1254 1215 1002 1087 1197 1098 0
1216 1258 1194 1097 1100 1209 1087 1002 0
594 1100 1002 454 677 1218 1101 598 0
454 1002 1098 589 598 1101 1217 675 0
1002 1087 1197 1098 1101 1210 1260 1217 0
1100 1209 1087 1002 1218 1264 1210 1101 0
325 1394 1292 1391 234 1296 1265 1295 0
1391 1292 1392 1508 1295 1265 1297 1401 0
1292 1393 1509 1392 1265 1293 1395 1297 0
1394 1510 1393 1292 1296 1397 1293 1265 0
234 1296 1265 1295 326 1398 1294 1400 0
1295 1265 1297 1401 1400 1294 1399 1513 0
1265 1293 1395 1297 1294 1396 1511 1399 0
1296 1397 1293 1265 1398 1512 1396 1294 0
1512 1396 1294 1398 1404 1298 1266 1301 0
1398 1294 1400 326 1301 1266 1300 237 0
1294 1399 1513 1400 1266 1302 1408 1300 0
1396 1511 1399 1294 1298 1402 1302 1266 0
1404 1298 1266 1301 1515 1403 1299 1405 0
1301 1266 1300 237 1405 1299 1407 327 0
1266 1302 1408 1300 1299 1406 1516 1407 0
1298 1402 1302 1266 1403 1514 1406 1299 0
1509 1409 1303 1393 1395 1307 1267 1293 0
1393 1303 1411 1510 1293 1267 1306 1397 0
1303 1410 1518 1411 1267 1304 1414 1306 0
1409 1517 1410 1303 1307 1412 1304 1267 0
1395 1307 1267 1293 1511 1416 1305 1396 0
1293 1267 1306 1397 1396 1305 1415 1512 0
1267 1304 1414 1306 1305 1413 1520 1415 0
1307 1412 1304 1267 1416 1519 1413 1305 0
1517 1417 1308 1410 1412 1312 1268 1304 0
1410 1308 1419 1518 1304 1268 1311 1414 0
1308 1418 1522 1419 1268 1309 1422 1311 0
1417 1521 1418 1308 1312 1420 1309 1268 0
1412 1312 1268 1304 1519 1424 1310 1413 0
1304 1268 1311 1414 1413 1310 1423 1520 0
1268 1309 1422 1311 1310 1421 1524 1423 0
1312 1420 1309 1268 1424 1523 1421 1310 0
1520 1413 1305 1415 1427 1313 1269 1315 0
1415 1305 1396 1512 1315 1269 1298 1404 0
1305 1416 1511 1396 1269 1316 1402 1298 0
1413 1519 1416 1305 1313 1425 1316 1269 0
1427 1313 1269 1315 1526 1426 1314 1428 0
1315 1269 1298 1404 1428 1314 1403 1515 0
1269 1316 1402 1298 1314 1429 1514 1403 0
1313 1425 1316 1269 1426 1525 1429 1314 0
1524 1421 1310 1423 1432 1317 1270 1319 0
1423 1310 1413 1520 1319 1270 1313 1427 0
1310 1424 1519 1413 1270 1320 1425 1313 0
1421 1523 1424 1310 1317 1430 1320 1270 0
1432 1317 1270 1319 1528 1431 1318 1433 0
1319 1270 1313 1427 1433 1318 1426 1526 0
1270 1320 1425 1313 1318 1434 1525 1426 0
1317 1430 1320 1270 1431 1527 1434 1318 0
1529 1436 1321 1435 1445 1326 1271 1324 0
1435 1321 1438 1530 1324 1271 1325 1446 0
1321 1437 1532 1438 1271 1322 1441 1325 0
1436 1531 1437 1321 1326 1439 1322 1271 0
1445 1326 1271 1324 1536 1443 1323 1444 0
1324 1271 1325 1446 1444 1323 1442 1535 0
1271 1322 1441 1325 1323 1440 1534 1442 0
1326 1439 1322 1271 1443 1533 1440 1323 0
1530 1438 1327 1447 1446 1325 1272 1330 0
1447 1327 1392 1508 1330 1272 1297 1401 0
1327 1448 1509 1392 1272 1328 1395 1297 0
1438 1532 1448 1327 1325 1441 1328 1272 0
1446 1325 1272 1330 1535 1442 1329 1450 0
1330 1272 1297 1401 1450 1329 1399 1513 0
1272 1328 1395 1297 1329 1449 1511 1399 0
1325 1441 1328 1272 1442 1534 1449 1329 0
1534 1440 1323 1442 1453 1331 1273 1334 0
1442 1323 1444 1535 1334 1273 1333 1458 0
1323 1443 1536 1444 1273 1335 1457 1333 0
1440 1533 1443 1323 1331 1451 1335 1273 0
1453 1331 1273 1334 1538 1452 1332 1454 0
1334 1273 1333 1458 1454 1332 1456 1539 0
1273 1335 1457 1333 1332 1455 1540 1456 0
1331 1451 1335 1273 1452 1537 1455 1332 0
1511 1449 1329 1399 1402 1336 1274 1302 0
1399 1329 1450 1513 1302 1274 1338 1408 0
1329 1442 1535 1450 1274 1334 1458 1338 0
1449 1534 1442 1329 1336 1453 1334 1274 0
1402 1336 1274 1302 1514 1459 1337 1406 0
1302 1274 1338 1408 1406 1337 1460 1516 0
1274 1334 1458 1338 1337 1454 1539 1460 0
1336 1453 1334 1274 1459 1538 1454 1337 0
1532 1461 1339 1448 1441 1342 1275 1328 0
1448 1339 1409 1509 1328 1275 1307 1395 0
1339 1462 1517 1409 1275 1340 1412 1307 0
1461 1541 1462 1339 1342 1463 1340 1275 0
1441 1342 1275 1328 1534 1465 1341 1449 0
1328 1275 1307 1395 1449 1341 1416 1511 0
1275 1340 1412 1307 1341 1464 1519 1416 0
1342 1463 1340 1275 1465 1542 1464 1341 0
1531 1466 1343 1437 1439 1346 1276 1322 0
1437 1343 1461 1532 1322 1276 1342 1441 0
1343 1467 1541 1461 1276 1344 1463 1342 0
1466 1543 1467 1343 1346 1468 1344 1276 0
1439 1346 1276 1322 1533 1470 1345 1440 0
1322 1276 1342 1441 1440 1345 1465 1534 0
1276 1344 1463 1342 1345 1469 1542 1465 0
1346 1468 1344 1276 1470 1544 1469 1345 0
1543 1471 1347 1467 1468 1351 1277 1344 0
1467 1347 1473 1541 1344 1277 1350 1463 0
1347 1472 1546 1473 1277 1348 1476 1350 0
1471 1545 1472 1347 1351 1474 1348 1277 0
1468 1351 1277 1344 1544 1478 1349 1469 0
1344 1277 1350 1463 1469 1349 1477 1542 0
1277 1348 1476 1350 1349 1475 1548 1477 0
1351 1474 1348 1277 1478 1547 1475 1349 0
1541 1473 1352 1462 1463 1350 1278 1340 0
1462 1352 1417 1517 1340 1278 1312 1412 0
1352 1479 1521 1417 1278 1353 1420 1312 0
1473 1546 1479 1352 1350 1476 1353 1278 0
1463 1350 1278 1340 1542 1477 1354 1464 0
1340 1278 1312 1412 1464 1354 1424 1519 0
1278 1353 1420 1312 1354 1480 1523 1424 0
1350 1476 1353 1278 1477 1548 1480 1354 0
1519 1464 1341 1416 1425 1355 1279 1316 0
1416 1341 1449 1511 1316 1279 1336 1402 0
1341 1465 1534 1449 1279 1357 1453 1336 0
1464 1542 1465 1341 1355 1481 1357 1279 0
1425 1355 1279 1316 1525 1482 1356 1429 0
1316 1279 1336 1402 1429 1356 1459 1514 0
1279 1357 1453 1336 1356 1483 1538 1459 0
1355 1481 1357 1279 1482 1549 1483 1356 0
1542 1469 1345 1465 1481 1358 1280 1357 0
1465 1345 1440 1534 1357 1280 1331 1453 0
1345 1470 1533 1440 1280 1360 1451 1331 0
1469 1544 1470 1345 1358 1484 1360 1280 0
1481 1358 1280 1357 1549 1485 1359 1483 0
1357 1280 1331 1453 1483 1359 1452 1538 0
1280 1360 1451 1331 1359 1486 1537 1452 0
1358 1484 1360 1280 1485 1550 1486 1359 0
1548 1475 1349 1477 1489 1361 1281 1363 0
1477 1349 1469 1542 1363 1281 1358 1481 0
1349 1478 1544 1469 1281 1364 1484 1358 0
1475 1547 1478 1349 1361 1487 1364 1281 0
1489 1361 1281 1363 1552 1488 1362 1490 0
1363 1281 1358 1481 1490 1362 1485 1549 0
1281 1364 1484 1358 1362 1491 1550 1485 0
1361 1487 1364 1281 1488 1551 1491 1362 0
1523 1480 1354 1424 1430 1365 1282 1320 0
1424 1354 1464 1519 1320 1282 1355 1425 0
1354 1477 1542 1464 1282 1363 1481 1355 0
1480 1548 1477 1354 1365 1489 1363 1282 0
1430 1365 1282 1320 1527 1492 1366 1434 0
1320 1282 1355 1425 1434 1366 1482 1525 0
1282 1363 1481 1355 1366 1490 1549 1482 0
1365 1489 1363 1282 1492 1552 1490 1366 0
1515 1403 1299 1405 1495 1369 1283 1368 0
1405 1299 1407 327 1368 1283 1370 278 0
1299 1406 1516 1407 1283 1367 1493 1370 0
1403 1514 1406 1299 1369 1494 1367 1283 0
1495 1369 1283 1368 623 479 371 482 0
1368 1283 1370 278 482 371 481 1553 0
1283 1367 1493 1370 371 480 625 481 0
1369 1494 1367 1283 479 624 480 371 0
1514 1459 1337 1406 1494 1372 1284 1367 0
1406 1337 1460 1516 1367 1284 1373 1493 0
1337 1454 1539 1460 1284 1371 1496 1373 0
1459 1538 1454 1337 1372 1497 1371 1284 0
1494 1372 1284 1367 624 491 377 480 0
1367 1284 1373 1493 480 377 493 625 0
1284 1371 1496 1373 377 492 632 493 0
1372 1497 1371 1284 491 631 492 377 0
1538 1452 1332 1454 1497 1375 1285 1371 0
1454 1332 1456 1539 1371 1285 1376 1496 0
1332 1455 1540 1456 1285 1374 1498 1376 0
1452 1537 1455 1332 1375 1499 1374 1285 0
1497 1375 1285 1371 631 499 382 492 0
1371 1285 1376 1496 492 382 501 632 0
1285 1374 1498 1376 382 500 636 501 0
1375 1499 1374 1285 499 635 500 382 0
1526 1426 1314 1428 1501 1379 1286 1378 0
1428 1314 1403 1515 1378 1286 1369 1495 0
1314 1429 1514 1403 1286 1377 1494 1369 0
1426 1525 1429 1314 1379 1500 1377 1286 0
1501 1379 1286 1378 639 507 387 509 0
1378 1286 1369 1495 509 387 479 623 0
1286 1377 1494 1369 387 508 624 479 0
1379 1500 1377 1286 507 640 508 387 0
1528 1431 1318 1433 1503 1382 1287 1381 0
1433 1318 1426 1526 1381 1287 1379 1501 0
1318 1434 1525 1426 1287 1380 1500 1379 0
1431 1527 1434 1318 1382 1502 1380 1287 0
1503 1382 1287 1381 643 515 392 517 0
1381 1287 1379 1501 517 392 507 639 0
1287 1380 1500 1379 392 516 640 507 0
1382 1502 1380 1287 515 644 516 392 0
1527 1492 1366 1434 1502 1384 1288 1380 0
1434 1366 1482 1525 1380 1288 1385 1500 0
1366 1490 1549 1482 1288 1383 1504 1385 0
1492 1552 1490 1366 1384 1505 1383 1288 0
1502 1384 1288 1380 644 523 397 516 0
1380 1288 1385 1500 516 397 525 640 0
1288 1383 1504 1385 397 524 648 525 0
1384 1505 1383 1288 523 647 524 397 0
1525 1482 1356 1429 1500 1385 1289 1377 0
1429 1356 1459 1514 1377 1289 1372 1494 0
1356 1483 1538 1459 1289 1386 1497 1372 0
1482 1549 1483 1356 1385 1504 1386 1289 0
1500 1385 1289 1377 640 525 402 508 0
1377 1289 1372 1494 508 402 491 624 0
1289 1386 1497 1372 402 531 631 491 0
1385 1504 1386 1289 525 648 531 402 0
1549 1485 1359 1483 1504 1388 1290 1386 0
1483 1359 1452 1538 1386 1290 1375 1497 0
1359 1486 1537 1452 1290 1387 1499 1375 0
1485 1550 1486 1359 1388 1506 1387 1290 0
1504 1388 1290 1386 648 533 405 531 0
1386 1290 1375 1497 531 405 499 631 0
1290 1387 1499 1375 405 534 635 499 0
1388 1506 1387 1290 533 651 534 405 0
1552 1488 1362 1490 1505 1390 1291 1383 0
1490 1362 1485 1549 1383 1291 1388 1504 0
1362 1491 1550 1485 1291 1389 1506 1388 0
1488 1551 1491 1362 1390 1507 1389 1291 0
1505 1390 1291 1383 647 538 409 524 0
1383 1291 1388 1504 524 409 533 648 0
1291 1389 1506 1388 409 539 651 533 0
1390 1507 1389 1291 538 653 539 409 0
316 212 1581 1662 218 84 1554 1584 0
1662 1581 1663 1743 1584 1554 1585 1669 0
1581 1664 1744 1663 1554 1582 1665 1585 0
212 317 1664 1581 84 214 1582 1554 0
218 84 1554 1584 319 216 1583 1668 0
1584 1554 1585 1669 1668 1583 1667 1746 0
1554 1582 1665 1585 1583 1666 1745 1667 0
84 214 1582 1554 216 318 1666 1583 0
317 219 1586 1664 214 88 1555 1582 0
1664 1586 1670 1744 1582 1555 1589 1665 0
1586 1671 1747 1670 1555 1587 1672 1589 0
219 320 1671 1586 88 221 1587 1555 0
214 88 1555 1582 318 223 1588 1666 0
1582 1555 1589 1665 1666 1588 1674 1745 0
1555 1587 1672 1589 1588 1673 1748 1674 0
88 221 1587 1555 223 321 1673 1588 0
318 1666 1583 216 224 1590 1556 92 0
216 1583 1668 319 92 1556 1592 228 0
1583 1667 1746 1668 1556 1593 1679 1592 0
1666 1745 1667 1583 1590 1675 1593 1556 0
224 1590 1556 92 322 1676 1591 226 0
92 1556 1592 228 226 1591 1678 323 0
1556 1593 1679 1592 1591 1677 1750 1678 0
1590 1675 1593 1556 1676 1749 1677 1591 0
321 1673 1588 223 229 1594 1557 95 0
223 1588 1666 318 95 1557 1590 224 0
1588 1674 1745 1666 1557 1596 1675 1590 0
1673 1748 1674 1588 1594 1680 1596 1557 0
229 1594 1557 95 324 1681 1595 231 0
95 1557 1590 224 231 1595 1676 322 0
1557 1596 1675 1590 1595 1682 1749 1676 0
1594 1680 1596 1557 1681 1751 1682 1595 0
1747 1683 1597 1671 1672 1599 1558 1587 0
1671 1597 232 320 1587 1558 99 221 0
1597 1391 325 232 1558 1295 234 99 0
1683 1508 1391 1597 1599 1401 1295 1558 0
1672 1599 1558 1587 1748 1684 1598 1673 0
1587 1558 99 221 1673 1598 236 321 0
1558 1295 234 99 1598 1400 326 236 0
1599 1401 1295 1558 1684 1513 1400 1598 0
326 1400 1598 236 237 1300 1559 102 0
236 1598 1673 321 102 1559 1594 229 0
1598 1684 1748 1673 1559 1601 1680 1594 0
1400 1513 1684 1598 1300 1408 1601 1559 0
237 1300 1559 102 327 1407 1600 239 0
102 1559 1594 229 239 1600 1681 324 0
1559 1601 1680 1594 1600 1685 1751 1681 0
1300 1408 1601 1559 1407 1516 1685 1600 0
1752 1687 1602 1686 1693 1606 1560 1605 0
1686 1602 1663 1743 1605 1560 1585 1669 0
1602 1688 1744 1663 1560 1603 1665 1585 0
1687 1753 1688 1602 1606 1689 1603 1560 0
1693 1606 1560 1605 1755 1691 1604 1692 0
1605 1560 1585 1669 1692 1604 1667 1746 0
1560 1603 1665 1585 1604 1690 1745 1667 0
1606 1689 1603 1560 1691 1754 1690 1604 0
1756 1695 1607 1694 1701 1611 1561 1610 0
1694 1607 1687 1752 1610 1561 1606 1693 0
1607 1696 1753 1687 1561 1608 1689 1606 0
1695 1757 1696 1607 1611 1697 1608 1561 0
1701 1611 1561 1610 1759 1699 1609 1700 0
1610 1561 1606 1693 1700 1609 1691 1755 0
1561 1608 1689 1606 1609 1698 1754 1691 0
1611 1697 1608 1561 1699 1758 1698 1609 0
1757 1702 1612 1696 1697 1616 1562 1608 0
1696 1612 1704 1753 1608 1562 1615 1689 0
1612 1703 1761 1704 1562 1613 1707 1615 0
1702 1760 1703 1612 1616 1705 1613 1562 0
1697 1616 1562 1608 1758 1709 1614 1698 0
1608 1562 1615 1689 1698 1614 1708 1754 0
1562 1613 1707 1615 1614 1706 1763 1708 0
1616 1705 1613 1562 1709 1762 1706 1614 0
1753 1704 1617 1688 1689 1615 1563 1603 0
1688 1617 1670 1744 1603 1563 1589 1665 0
1617 1710 1747 1670 1563 1618 1672 1589 0
1704 1761 1710 1617 1615 1707 1618 1563 0
1689 1615 1563 1603 1754 1708 1619 1690 0
1603 1563 1589 1665 1690 1619 1674 1745 0
1563 1618 1672 1589 1619 1711 1748 1674 0
1615 1707 1618 1563 1708 1763 1711 1619 0
1745 1690 1604 1667 1675 1620 1564 1593 0
1667 1604 1692 1746 1593 1564 1622 1679 0
1604 1691 1755 1692 1564 1623 1716 1622 0
1690 1754 1691 1604 1620 1712 1623 1564 0
1675 1620 1564 1593 1749 1713 1621 1677 0
1593 1564 1622 1679 1677 1621 1715 1750 0
1564 1623 1716 1622 1621 1714 1765 1715 0
1620 1712 1623 1564 1713 1764 1714 1621 0
1754 1698 1609 1691 1712 1624 1565 1623 0
1691 1609 1700 1755 1623 1565 1626 1716 0
1609 1699 1759 1700 1565 1627 1721 1626 0
1698 1758 1699 1609 1624 1717 1627 1565 0
1712 1624 1565 1623 1764 1718 1625 1714 0
1623 1565 1626 1716 1714 1625 1720 1765 0
1565 1627 1721 1626 1625 1719 1767 1720 0
1624 1717 1627 1565 1718 1766 1719 1625 0
1763 1706 1614 1708 1724 1628 1566 1630 0
1708 1614 1698 1754 1630 1566 1624 1712 0
1614 1709 1758 1698 1566 1631 1717 1624 0
1706 1762 1709 1614 1628 1722 1631 1566 0
1724 1628 1566 1630 1769 1723 1629 1725 0
1630 1566 1624 1712 1725 1629 1718 1764 0
1566 1631 1717 1624 1629 1726 1766 1718 0
1628 1722 1631 1566 1723 1768 1726 1629 0
1748 1711 1619 1674 1680 1632 1567 1596 0
1674 1619 1690 1745 1596 1567 1620 1675 0
1619 1708 1754 1690 1567 1630 1712 1620 0
1711 1763 1708 1619 1632 1724 1630 1567 0
1680 1632 1567 1596 1751 1727 1633 1682 0
1596 1567 1620 1675 1682 1633 1713 1749 0
1567 1630 1712 1620 1633 1725 1764 1713 0
1632 1724 1630 1567 1727 1769 1725 1633 0
1761 1728 1634 1710 1707 1636 1568 1618 0
1710 1634 1683 1747 1618 1568 1599 1672 0
1634 1447 1508 1683 1568 1330 1401 1599 0
1728 1530 1447 1634 1636 1446 1330 1568 0
1707 1636 1568 1618 1763 1729 1635 1711 0
1618 1568 1599 1672 1711 1635 1684 1748 0
1568 1330 1401 1599 1635 1450 1513 1684 0
1636 1446 1330 1568 1729 1535 1450 1635 0
1760 1730 1637 1703 1705 1639 1569 1613 0
1703 1637 1728 1761 1613 1569 1636 1707 0
1637 1435 1530 1728 1569 1324 1446 1636 0
1730 1529 1435 1637 1639 1445 1324 1569 0
1705 1639 1569 1613 1762 1731 1638 1706 0
1613 1569 1636 1707 1706 1638 1729 1763 0
1569 1324 1446 1636 1638 1444 1535 1729 0
1639 1445 1324 1569 1731 1536 1444 1638 0
1513 1450 1635 1684 1408 1338 1570 1601 0
1684 1635 1711 1748 1601 1570 1632 1680 0
1635 1729 1763 1711 1570 1641 1724 1632 0
1450 1535 1729 1635 1338 1458 1641 1570 0
1408 1338 1570 1601 1516 1460 1640 1685 0
1601 1570 1632 1680 1685 1640 1727 1751 0
1570 1641 1724 1632 1640 1732 1769 1727 0
1338 1458 1641 1570 1460 1539 1732 1640 0
1535 1444 1638 1729 1458 1333 1571 1641 0
1729 1638 1706 1763 1641 1571 1628 1724 0
1638 1731 1762 1706 1571 1643 1722 1628 0
1444 1536 1731 1638 1333 1457 1643 1571 0
1458 1333 1571 1641 1539 1456 1642 1732 0
1641 1571 1628 1724 1732 1642 1723 1769 0
1571 1643 1722 1628 1642 1733 1768 1723 0
1333 1457 1643 1571 1456 1540 1733 1642 0
322 1676 1591 226 269 1645 1572 130 0
226 1591 1678 323 130 1572 1646 274 0
1591 1677 1750 1678 1572 1644 1734 1646 0
1676 1749 1677 1591 1645 1735 1644 1572 0
269 1645 1572 130 340 1102 1003 275 0
130 1572 1646 274 275 1003 1104 342 0
1572 1644 1734 1646 1003 1103 1220 1104 0
1645 1735 1644 1572 1102 1219 1103 1003 0
324 1681 1595 231 271 1648 1573 126 0
231 1595 1676 322 126 1573 1645 269 0
1595 1682 1749 1676 1573 1647 1735 1645 0
1681 1751 1682 1595 1648 1736 1647 1573 0
271 1648 1573 126 341 1113 1009 270 0
126 1573 1645 269 270 1009 1102 340 0
1573 1647 1735 1645 1009 1114 1219 1102 0
1648 1736 1647 1573 1113 1225 1114 1009 0
327 1407 1600 239 278 1370 1574 133 0
239 1600 1681 324 133 1574 1648 271 0
1600 1685 1751 1681 1574 1649 1736 1648 0
1407 1516 1685 1600 1370 1493 1649 1574 0
278 1370 1574 133 1770 481 1014 277 0
133 1574 1648 271 277 1014 1113 341 0
1574 1649 1736 1648 1014 1120 1225 1113 0
1370 1493 1649 1574 481 625 1120 1014 0
1751 1727 1633 1682 1736 1651 1575 1647 0
1682 1633 1713 1749 1647 1575 1652 1735 0
1633 1725 1764 1713 1575 1650 1737 1652 0
1727 1769 1725 1633 1651 1738 1650 1575 0
1736 1651 1575 1647 1225 1123 1018 1114 0
1647 1575 1652 1735 1114 1018 1125 1219 0
1575 1650 1737 1652 1018 1124 1230 1125 0
1651 1738 1650 1575 1123 1229 1124 1018 0
1749 1713 1621 1677 1735 1652 1576 1644 0
1677 1621 1715 1750 1644 1576 1654 1734 0
1621 1714 1765 1715 1576 1653 1739 1654 0
1713 1764 1714 1621 1652 1737 1653 1576 0
1735 1652 1576 1644 1219 1125 1023 1103 0
1644 1576 1654 1734 1103 1023 1132 1220 0
1576 1653 1739 1654 1023 1131 1233 1132 0
1652 1737 1653 1576 1125 1230 1131 1023 0
1764 1718 1625 1714 1737 1656 1577 1653 0
1714 1625 1720 1765 1653 1577 1657 1739 0
1625 1719 1767 1720 1577 1655 1740 1657 0
1718 1766 1719 1625 1656 1741 1655 1577 0
1737 1656 1577 1653 1230 1136 1027 1131 0
1653 1577 1657 1739 1131 1027 1138 1233 0
1577 1655 1740 1657 1027 1137 1236 1138 0
1656 1741 1655 1577 1136 1235 1137 1027 0
1769 1723 1629 1725 1738 1659 1578 1650 0
1725 1629 1718 1764 1650 1578 1656 1737 0
1629 1726 1766 1718 1578 1658 1741 1656 0
1723 1768 1726 1629 1659 1742 1658 1578 0
1738 1659 1578 1650 1229 1144 1032 1124 0
1650 1578 1656 1737 1124 1032 1136 1230 0
1578 1658 1741 1656 1032 1145 1235 1136 0
1659 1742 1658 1578 1144 1239 1145 1032 0
1516 1460 1640 1685 1493 1373 1579 1649 0
1685 1640 1727 1751 1649 1579 1651 1736 0
1640 1732 1769 1727 1579 1660 1738 1651 0
1460 1539 1732 1640 1373 1496 1660 1579 0
1493 1373 1579 1649 625 493 1036 1120 0
1649 1579 1651 1736 1120 1036 1123 1225 0
1579 1660 1738 1651 1036 1149 1229 1123 0
1373 1496 1660 1579 493 632 1149 1036 0
1539 1456 1642 1732 1496 1376 1580 1660 0
1732 1642 1723 1769 1660 1580 1659 1738 0
1642 1733 1768 1723 1580 1661 1742 1659 0
1456 1540 1733 1642 1376 1498 1661 1580 0
1496 1376 1580 1660 632 501 1039 1149 0
1660 1580 1659 1738 1149 1039 1144 1229 0
1580 1661 1742 1659 1039 1151 1239 1144 0
1376 1498 1661 1580 501 636 1151 1039 0
307 1881 1798 199 193 1801 1771 70 0
199 1798 1879 311 70 1771 1802 200 0
1798 1880 1960 1879 1771 1799 1882 1802 0
1881 1961 1880 1798 1801 1884 1799 1771 0
193 1801 1771 70 309 1885 1800 201 0
70 1771 1802 200 201 1800 1886 312 0
1771 1799 1882 1802 1800 1883 1962 1886 0
1801 1884 1799 1771 1885 1963 1883 1800 0
308 1888 1803 191 195 1806 1772 65 0
191 1803 1881 307 65 1772 1801 193 0
1803 1887 1961 1881 1772 1804 1884 1801 0
1888 1964 1887 1803 1806 1890 1804 1772 0
195 1806 1772 65 310 1891 1805 194 0
65 1772 1801 193 194 1805 1885 309 0
1772 1804 1884 1801 1805 1889 1963 1885 0
1806 1890 1804 1772 1891 1965 1889 1805 0
1963 1883 1800 1885 1894 1807 1773 1809 0
1885 1800 201 309 1809 1773 77 203 0
1800 1886 312 201 1773 1810 208 77 0
1883 1962 1886 1800 1807 1892 1810 1773 0
1894 1807 1773 1809 1967 1893 1808 1895 0
1809 1773 77 203 1895 1808 209 313 0
1773 1810 208 77 1808 1896 315 209 0
1807 1892 1810 1773 1893 1966 1896 1808 0
1965 1889 1805 1891 1898 1811 1774 1813 0
1891 1805 194 310 1813 1774 73 205 0
1805 1885 309 194 1774 1809 203 73 0
1889 1963 1885 1805 1811 1894 1809 1774 0
1898 1811 1774 1813 1968 1897 1812 1899 0
1813 1774 73 205 1899 1812 204 314 0
1774 1809 203 73 1812 1895 313 204 0
1811 1894 1809 1774 1897 1967 1895 1812 0
1961 1900 1814 1887 1884 1818 1775 1804 0
1887 1814 1902 1964 1804 1775 1817 1890 0
1814 1901 1970 1902 1775 1815 1905 1817 0
1900 1969 1901 1814 1818 1903 1815 1775 0
1884 1818 1775 1804 1963 1907 1816 1889 0
1804 1775 1817 1890 1889 1816 1906 1965 0
1775 1815 1905 1817 1816 1904 1972 1906 0
1818 1903 1815 1775 1907 1971 1904 1816 0
1960 1908 1819 1880 1882 1822 1776 1799 0
1880 1819 1900 1961 1799 1776 1818 1884 0
1819 1909 1969 1900 1776 1820 1903 1818 0
1908 1973 1909 1819 1822 1910 1820 1776 0
1882 1822 1776 1799 1962 1912 1821 1883 0
1799 1776 1818 1884 1883 1821 1907 1963 0
1776 1820 1903 1818 1821 1911 1971 1907 0
1822 1910 1820 1776 1912 1974 1911 1821 0
1973 1913 1823 1909 1910 1827 1777 1820 0
1909 1823 1915 1969 1820 1777 1826 1903 0
1823 1914 1976 1915 1777 1824 1918 1826 0
1913 1975 1914 1823 1827 1916 1824 1777 0
1910 1827 1777 1820 1974 1920 1825 1911 0
1820 1777 1826 1903 1911 1825 1919 1971 0
1777 1824 1918 1826 1825 1917 1978 1919 0
1827 1916 1824 1777 1920 1977 1917 1825 0
1969 1915 1828 1901 1903 1826 1778 1815 0
1901 1828 1922 1970 1815 1778 1831 1905 0
1828 1921 1979 1922 1778 1829 1924 1831 0
1915 1976 1921 1828 1826 1918 1829 1778 0
1903 1826 1778 1815 1971 1919 1830 1904 0
1815 1778 1831 1905 1904 1830 1925 1972 0
1778 1829 1924 1831 1830 1923 1980 1925 0
1826 1918 1829 1778 1919 1978 1923 1830 0
1972 1904 1816 1906 1928 1832 1779 1834 0
1906 1816 1889 1965 1834 1779 1811 1898 0
1816 1907 1963 1889 1779 1835 1894 1811 0
1904 1971 1907 1816 1832 1926 1835 1779 0
1928 1832 1779 1834 1982 1927 1833 1929 0
1834 1779 1811 1898 1929 1833 1897 1968 0
1779 1835 1894 1811 1833 1930 1967 1897 0
1832 1926 1835 1779 1927 1981 1930 1833 0
1971 1911 1821 1907 1926 1836 1780 1835 0
1907 1821 1883 1963 1835 1780 1807 1894 0
1821 1912 1962 1883 1780 1838 1892 1807 0
1911 1974 1912 1821 1836 1931 1838 1780 0
1926 1836 1780 1835 1981 1932 1837 1930 0
1835 1780 1807 1894 1930 1837 1893 1967 0
1780 1838 1892 1807 1837 1933 1966 1893 0
1836 1931 1838 1780 1932 1983 1933 1837 0
1978 1917 1825 1919 1936 1839 1781 1841 0
1919 1825 1911 1971 1841 1781 1836 1926 0
1825 1920 1974 1911 1781 1842 1931 1836 0
1917 1977 1920 1825 1839 1934 1842 1781 0
1936 1839 1781 1841 1985 1935 1840 1937 0
1841 1781 1836 1926 1937 1840 1932 1981 0
1781 1842 1931 1836 1840 1938 1983 1932 0
1839 1934 1842 1781 1935 1984 1938 1840 0
1980 1923 1830 1925 1940 1843 1782 1845 0
1925 1830 1904 1972 1845 1782 1832 1928 0
1830 1919 1971 1904 1782 1841 1926 1832 0
1923 1978 1919 1830 1843 1936 1841 1782 0
1940 1843 1782 1845 1986 1939 1844 1941 0
1845 1782 1832 1928 1941 1844 1927 1982 0
1782 1841 1926 1832 1844 1937 1981 1927 0
1843 1936 1841 1782 1939 1985 1937 1844 0
325 1394 1846 233 234 1296 1783 97 0
233 1846 1879 311 97 1783 1802 200 0
1846 1942 1960 1879 1783 1847 1882 1802 0
1394 1510 1942 1846 1296 1397 1847 1783 0
234 1296 1783 97 326 1398 1848 235 0
97 1783 1802 200 235 1848 1886 312 0
1783 1847 1882 1802 1848 1943 1962 1886 0
1296 1397 1847 1783 1398 1512 1943 1848 0
1962 1943 1848 1886 1892 1849 1784 1810 0
1886 1848 235 312 1810 1784 100 208 0
1848 1398 326 235 1784 1301 237 100 0
1943 1512 1398 1848 1849 1404 1301 1784 0
1892 1849 1784 1810 1966 1944 1850 1896 0
1810 1784 100 208 1896 1850 238 315 0
1784 1301 237 100 1850 1405 327 238 0
1849 1404 1301 1784 1944 1515 1405 1850 0
1510 1411 1851 1942 1397 1306 1785 1847 0
1942 1851 1908 1960 1847 1785 1822 1882 0
1851 1945 1973 1908 1785 1852 1910 1822 0
1411 1518 1945 1851 1306 1414 1852 1785 0
1397 1306 1785 1847 1512 1415 1853 1943 0
1847 1785 1822 1882 1943 1853 1912 1962 0
1785 1852 1910 1822 1853 1946 1974 1912 0
1306 1414 1852 1785 1415 1520 1946 1853 0
1518 1419 1854 1945 1414 1311 1786 1852 0
1945 1854 1913 1973 1852 1786 1827 1910 0
1854 1947 1975 1913 1786 1855 1916 1827 0
1419 1522 1947 1854 1311 1422 1855 1786 0
1414 1311 1786 1852 1520 1423 1856 1946 0
1852 1786 1827 1910 1946 1856 1920 1974 0
1786 1855 1916 1827 1856 1948 1977 1920 0
1311 1422 1855 1786 1423 1524 1948 1856 0
1974 1946 1853 1912 1931 1857 1787 1838 0
1912 1853 1943 1962 1838 1787 1849 1892 0
1853 1415 1512 1943 1787 1315 1404 1849 0
1946 1520 1415 1853 1857 1427 1315 1787 0
1931 1857 1787 1838 1983 1949 1858 1933 0
1838 1787 1849 1892 1933 1858 1944 1966 0
1787 1315 1404 1849 1858 1428 1515 1944 0
1857 1427 1315 1787 1949 1526 1428 1858 0
1977 1948 1856 1920 1934 1859 1788 1842 0
1920 1856 1946 1974 1842 1788 1857 1931 0
1856 1423 1520 1946 1788 1319 1427 1857 0
1948 1524 1423 1856 1859 1432 1319 1788 0
1934 1859 1788 1842 1984 1950 1860 1938 0
1842 1788 1857 1931 1938 1860 1949 1983 0
1788 1319 1427 1857 1860 1433 1526 1949 0
1859 1432 1319 1788 1950 1528 1433 1860 0
1968 1897 1812 1899 1952 1863 1789 1862 0
1899 1812 204 314 1862 1789 122 265 0
1812 1895 313 204 1789 1861 262 122 0
1897 1967 1895 1812 1863 1951 1861 1789 0
1952 1863 1789 1862 930 813 714 815 0
1862 1789 122 265 815 714 263 338 0
1789 1861 262 122 714 814 337 263 0
1863 1951 1861 1789 813 931 814 714 0
1967 1893 1808 1895 1951 1865 1790 1861 0
1895 1808 209 313 1861 1790 125 262 0
1808 1896 315 209 1790 1864 267 125 0
1893 1966 1896 1808 1865 1953 1864 1790 0
1951 1865 1790 1861 931 824 720 814 0
1861 1790 125 262 814 720 268 337 0
1790 1864 267 125 720 825 339 268 0
1865 1953 1864 1790 824 936 825 720 0
1966 1944 1850 1896 1953 1866 1791 1864 0
1896 1850 238 315 1864 1791 135 267 0
1850 1405 327 238 1791 1368 278 135 0
1944 1515 1405 1850 1866 1495 1368 1791 0
1953 1866 1791 1864 936 831 725 825 0
1864 1791 135 267 825 725 279 339 0
1791 1368 278 135 725 482 1987 279 0
1866 1495 1368 1791 831 623 482 725 0
1986 1939 1844 1941 1956 1869 1792 1868 0
1941 1844 1927 1982 1868 1792 1870 1957 0
1844 1937 1981 1927 1792 1867 1954 1870 0
1939 1985 1937 1844 1869 1955 1867 1792 0
1956 1869 1792 1868 940 834 729 837 0
1868 1792 1870 1957 837 729 836 943 0
1792 1867 1954 1870 729 835 942 836 0
1869 1955 1867 1792 834 941 835 729 0
1982 1927 1833 1929 1957 1870 1793 1872 0
1929 1833 1897 1968 1872 1793 1863 1952 0
1833 1930 1967 1897 1793 1871 1951 1863 0
1927 1981 1930 1833 1870 1954 1871 1793 0
1957 1870 1793 1872 943 836 735 847 0
1872 1793 1863 1952 847 735 813 930 0
1793 1871 1951 1863 735 846 931 813 0
1870 1954 1871 1793 836 942 846 735 0
1981 1932 1837 1930 1954 1874 1794 1871 0
1930 1837 1893 1967 1871 1794 1865 1951 0
1837 1933 1966 1893 1794 1873 1953 1865 0
1932 1983 1933 1837 1874 1958 1873 1794 0
1954 1874 1794 1871 942 850 739 846 0
1871 1794 1865 1951 846 739 824 931 0
1794 1873 1953 1865 739 851 936 824 0
1874 1958 1873 1794 850 948 851 739 0
1985 1935 1840 1937 1955 1876 1795 1867 0
1937 1840 1932 1981 1867 1795 1874 1954 0
1840 1938 1983 1932 1795 1875 1958 1874 0
1935 1984 1938 1840 1876 1959 1875 1795 0
1955 1876 1795 1867 941 855 743 835 0
1867 1795 1874 1954 835 743 850 942 0
1795 1875 1958 1874 743 856 948 850 0
1876 1959 1875 1795 855 950 856 743 0
1984 1950 1860 1938 1959 1877 1796 1875 0
1938 1860 1949 1983 1875 1796 1878 1958 0
1860 1433 1526 1949 1796 1381 1501 1878 0
1950 1528 1433 1860 1877 1503 1381 1796 0
1959 1877 1796 1875 950 860 747 856 0
1875 1796 1878 1958 856 747 861 948 0
1796 1381 1501 1878 747 517 639 861 0
1877 1503 1381 1796 860 643 517 747 0
1983 1949 1858 1933 1958 1878 1797 1873 0
1933 1858 1944 1966 1873 1797 1866 1953 0
1858 1428 1515 1944 1797 1378 1495 1866 0
1949 1526 1428 1858 1878 1501 1378 1797 0
1958 1878 1797 1873 948 861 751 851 0
1873 1797 1866 1953 851 751 831 936 0
1797 1378 1495 1866 751 509 623 831 0
1878 1501 1378 1797 861 639 509 751 0
329 241 104 243 2098 2015 1988 2018 0
243 104 245 330 2018 1988 2017 2102 0
104 244 331 245 1988 2019 2103 2017 0
241 328 244 104 2015 2096 2019 1988 0
2098 2015 1988 2018 2178 2097 2016 2099 0
2018 1988 2017 2102 2099 2016 2101 2179 0
1988 2019 2103 2017 2016 2100 2180 2101 0
2015 2096 2019 1988 2097 2177 2100 2016 0
328 249 109 244 2096 2020 1989 2019 0
244 109 251 331 2019 1989 2022 2103 0
109 250 333 251 1989 2023 2108 2022 0
249 332 250 109 2020 2104 2023 1989 0
2096 2020 1989 2019 2177 2105 2021 2100 0
2019 1989 2022 2103 2100 2021 2107 2180 0
1989 2023 2108 2022 2021 2106 2182 2107 0
2020 2104 2023 1989 2105 2181 2106 2021 0
335 254 113 256 2111 2024 1990 2026 0
256 113 249 328 2026 1990 2020 2096 0
113 257 332 249 1990 2027 2104 2020 0
254 334 257 113 2024 2109 2027 1990 0
2111 2024 1990 2026 2184 2110 2025 2112 0
2026 1990 2020 2096 2112 2025 2105 2177 0
1990 2027 2104 2020 2025 2113 2181 2105 0
2024 2109 2027 1990 2110 2183 2113 2025 0
336 258 117 260 2115 2028 1991 2030 0
260 117 241 329 2030 1991 2015 2098 0
117 256 328 241 1991 2026 2096 2015 0
258 335 256 117 2028 2111 2026 1991 0
2115 2028 1991 2030 2185 2114 2029 2116 0
2030 1991 2015 2098 2116 2029 2097 2178 0
1991 2026 2096 2015 2029 2112 2177 2097 0
2028 2111 2026 1991 2114 2184 2112 2029 0
337 261 120 263 816 2031 1992 719 0
263 120 264 338 719 1992 2033 823 0
120 243 330 264 1992 2018 2102 2033 0
261 329 243 120 2031 2098 2018 1992 0
816 2031 1992 719 932 2117 2032 820 0
719 1992 2033 823 820 2032 2118 935 0
1992 2018 2102 2033 2032 2099 2179 2118 0
2031 2098 2018 1992 2117 2178 2099 2032 0
339 266 124 268 826 2034 1993 724 0
268 124 261 337 724 1993 2031 816 0
124 260 329 261 1993 2030 2098 2031 0
266 336 260 124 2034 2115 2030 1993 0
826 2034 1993 724 937 2119 2035 830 0
724 1993 2031 816 830 2035 2117 932 0
1993 2030 2098 2031 2035 2116 2178 2117 0
2034 2115 2030 1993 2119 2185 2116 2035 0
341 270 127 272 1119 1012 1994 2037 0
272 127 258 336 2037 1994 2028 2115 0
127 273 335 258 1994 2038 2111 2028 0
270 340 273 127 1012 1112 2038 1994 0
1119 1012 1994 2037 1227 1118 2036 2120 0
2037 1994 2028 2115 2120 2036 2114 2185 0
1994 2038 2111 2028 2036 2121 2184 2114 0
1012 1112 2038 1994 1118 1223 2121 2036 0
340 275 131 273 1112 1006 1995 2038 0
273 131 254 335 2038 1995 2024 2111 0
131 276 334 254 1995 2040 2109 2024 0
275 342 276 131 1006 1111 2040 1995 0
1112 1006 1995 2038 1223 1110 2039 2121 0
2038 1995 2024 2111 2121 2039 2110 2184 0
1995 2040 2109 2024 2039 2122 2183 2110 0
1006 1111 2040 1995 1110 1224 2122 2039 0
2186 277 134 279 489 1017 1996 728 0
279 134 266 339 728 1996 2034 826 0
134 272 336 266 1996 2037 2115 2034 0
277 341 272 134 1017 1119 2037 1996 0
489 1017 1996 728 630 1122 2041 833 0
728 1996 2034 826 833 2041 2119 937 0
1996 2037 2115 2034 2041 2120 2185 2119 0
1017 1119 2037 1996 1122 1227 2120 2041 0
2178 2097 2016 2099 2125 2042 1997 2045 0
2099 2016 2101 2179 2045 1997 2044 2129 0
2016 2100 2180 2101 1997 2046 2130 2044 0
2097 2177 2100 2016 2042 2123 2046 1997 0
2125 2042 1997 2045 2188 2124 2043 2126 0
2045 1997 2044 2129 2126 2043 2128 2189 0
1997 2046 2130 2044 2043 2127 2190 2128 0
2042 2123 2046 1997 2124 2187 2127 2043 0
2177 2105 2021 2100 2123 2047 1998 2046 0
2100 2021 2107 2180 2046 1998 2049 2130 0
2021 2106 2182 2107 1998 2050 2135 2049 0
2105 2181 2106 2021 2047 2131 2050 1998 0
2123 2047 1998 2046 2187 2132 2048 2127 0
2046 1998 2049 2130 2127 2048 2134 2190 0
1998 2050 2135 2049 2048 2133 2192 2134 0
2047 2131 2050 1998 2132 2191 2133 2048 0
2184 2110 2025 2112 2138 2051 1999 2053 0
2112 2025 2105 2177 2053 1999 2047 2123 0
2025 2113 2181 2105 1999 2054 2131 2047 0
2110 2183 2113 2025 2051 2136 2054 1999 0
2138 2051 1999 2053 2194 2137 2052 2139 0
2053 1999 2047 2123 2139 2052 2132 2187 0
1999 2054 2131 2047 2052 2140 2191 2132 0
2051 2136 2054 1999 2137 2193 2140 2052 0
2185 2114 2029 2116 2142 2055 2000 2057 0
2116 2029 2097 2178 2057 2000 2042 2125 0
2029 2112 2177 2097 2000 2053 2123 2042 0
2114 2184 2112 2029 2055 2138 2053 2000 0
2142 2055 2000 2057 2195 2141 2056 2143 0
2057 2000 2042 2125 2143 2056 2124 2188 0
2000 2053 2123 2042 2056 2139 2187 2124 0
2055 2138 2053 2000 2141 2194 2139 2056 0
2188 2124 2043 2126 2146 2058 2001 2061 0
2126 2043 2128 2189 2061 2001 2060 2150 0
2043 2127 2190 2128 2001 2062 2151 2060 0
2124 2187 2127 2043 2058 2144 2062 2001 0
2146 2058 2001 2061 2197 2145 2059 2147 0
2061 2001 2060 2150 2147 2059 2149 2198 0
2001 2062 2151 2060 2059 2148 2199 2149 0
2058 2144 2062 2001 2145 2196 2148 2059 0
2187 2132 2048 2127 2144 2063 2002 2062 0
2127 2048 2134 2190 2062 2002 2065 2151 0
2048 2133 2192 2134 2002 2066 2156 2065 0
2132 2191 2133 2048 2063 2152 2066 2002 0
2144 2063 2002 2062 2196 2153 2064 2148 0
2062 2002 2065 2151 2148 2064 2155 2199 0
2002 2066 2156 2065 2064 2154 2201 2155 0
2063 2152 2066 2002 2153 2200 2154 2064 0
2194 2137 2052 2139 2159 2067 2003 2069 0
2139 2052 2132 2187 2069 2003 2063 2144 0
2052 2140 2191 2132 2003 2070 2152 2063 0
2137 2193 2140 2052 2067 2157 2070 2003 0
2159 2067 2003 2069 2203 2158 2068 2160 0
2069 2003 2063 2144 2160 2068 2153 2196 0
2003 2070 2152 2063 2068 2161 2200 2153 0
2067 2157 2070 2003 2158 2202 2161 2068 0
2195 2141 2056 2143 2163 2071 2004 2073 0
2143 2056 2124 2188 2073 2004 2058 2146 0
2056 2139 2187 2124 2004 2069 2144 2058 0
2141 2194 2139 2056 2071 2159 2069 2004 0
2163 2071 2004 2073 2204 2162 2072 2164 0
2073 2004 2058 2146 2164 2072 2145 2197 0
2004 2069 2144 2058 2072 2160 2196 2145 0
2071 2159 2069 2004 2162 2203 2160 2072 0
1227 1118 2036 2120 1165 1049 2005 2075 0
2120 2036 2114 2185 2075 2005 2055 2142 0
2036 2121 2184 2114 2005 2076 2138 2055 0
1118 1223 2121 2036 1049 1160 2076 2005 0
1165 1049 2005 2075 1246 1164 2074 2165 0
2075 2005 2055 2142 2165 2074 2141 2195 0
2005 2076 2138 2055 2074 2166 2194 2141 0
1049 1160 2076 2005 1164 1243 2166 2074 0
1223 1110 2039 2121 1160 1044 2006 2076 0
2121 2039 2110 2184 2076 2006 2051 2138 0
2039 2122 2183 2110 2006 2078 2136 2051 0
1110 1224 2122 2039 1044 1159 2078 2006 0
1160 1044 2006 2076 1243 1158 2077 2166 0
2076 2006 2051 2138 2166 2077 2137 2194 0
2006 2078 2136 2051 2077 2167 2193 2137 0
1044 1159 2078 2006 1158 1244 2167 2077 0
1246 1164 2074 2165 1178 1058 2007 2080 0
2165 2074 2141 2195 2080 2007 2071 2163 0
2074 2166 2194 2141 2007 2081 2159 2071 0
1164 1243 2166 2074 1058 1173 2081 2007 0
1178 1058 2007 2080 1252 1177 2079 2168 0
2080 2007 2071 2163 2168 2079 2162 2204 0
2007 2081 2159 2071 2079 2169 2203 2162 0
1058 1173 2081 2007 1177 1249 2169 2079 0
1243 1158 2077 2166 1173 1053 2008 2081 0
2166 2077 2137 2194 2081 2008 2067 2159 0
2077 2167 2193 2137 2008 2083 2157 2067 0
1158 1244 2167 2077 1053 1172 2083 2008 0
1173 1053 2008 2081 1249 1171 2082 2169 0
2081 2008 2067 2159 2169 2082 2158 2203 0
2008 2083 2157 2067 2082 2170 2202 2158 0
1053 1172 2083 2008 1171 1250 2170 2082 0
932 2117 2032 820 864 2084 2009 757 0
820 2032 2118 935 757 2009 2086 871 0
2032 2099 2179 2118 2009 2045 2129 2086 0
2117 2178 2099 2032 2084 2125 2045 2009 0
864 2084 2009 757 952 2171 2085 868 0
757 2009 2086 871 868 2085 2172 955 0
2009 2045 2129 2086 2085 2126 2189 2172 0
2084 2125 2045 2009 2171 2188 2126 2085 0
937 2119 2035 830 872 2087 2010 761 0
830 2035 2117 932 761 2010 2084 864 0
2035 2116 2178 2117 2010 2057 2125 2084 0
2119 2185 2116 2035 2087 2142 2057 2010 0
872 2087 2010 761 956 2173 2088 876 0
761 2010 2084 864 876 2088 2171 952 0
2010 2057 2125 2084 2088 2143 2188 2171 0
2087 2142 2057 2010 2173 2195 2143 2088 0
952 2171 2085 868 877 2089 2011 766 0
868 2085 2172 955 766 2011 2091 884 0
2085 2126 2189 2172 2011 2061 2150 2091 0
2171 2188 2126 2085 2089 2146 2061 2011 0
877 2089 2011 766 958 2174 2090 881 0
766 2011 2091 884 881 2090 2175 961 0
2011 2061 2150 2091 2090 2147 2198 2175 0
2089 2146 2061 2011 2174 2197 2147 2090 0
956 2173 2088 876 885 2092 2012 770 0
876 2088 2171 952 770 2012 2089 877 0
2088 2143 2188 2171 2012 2073 2146 2089 0
2173 2195 2143 2088 2092 2163 2073 2012 0
885 2092 2012 770 962 2176 2093 889 0
770 2012 2089 877 889 2093 2174 958 0
2012 2073 2146 2089 2093 2164 2197 2174 0
2092 2163 2073 2012 2176 2204 2164 2093 0
630 1122 2041 833 549 1090 2013 801 0
833 2041 2119 937 801 2013 2087 872 0
2041 2120 2185 2119 2013 2075 2142 2087 0
1122 1227 2120 2041 1090 1165 2075 2013 0
549 1090 2013 801 658 1212 2094 923 0
801 2013 2087 872 923 2094 2173 956 0
2013 2075 2142 2087 2094 2165 2195 2173 0
1090 1165 2075 2013 1212 1246 2165 2094 0
658 1212 2094 923 557 1093 2014 804 0
923 2094 2173 956 804 2014 2092 885 0
2094 2165 2195 2173 2014 2080 2163 2092 0
1212 1246 2165 2094 1093 1178 2080 2014 0
557 1093 2014 804 662 1214 2095 925 0
804 2014 2092 885 925 2095 2176 962 0
2014 2080 2163 2092 2095 2168 2204 2176 0
1093 1178 2080 2014 1214 1252 2168 2095 0
End