MeshVersionFormatted 1
Dimension 3
Vertices
2744
0.30902777777777779 0.30902777777777779 0.30902777777777779 0
0.28125 0.75 0.28125 0
0.75 0.75 0.25 0
0.75 0.28125 0.28125 0
0.28125 0.28125 0.75 0
0.25 0.75 0.75 0
0.75 0.75 0.75 0
0.75 0.25 0.75 0
1.25 0.28125 0.28125 0
1.25 0.75 0.25 0
1.25 0.25 0.75 0
1.25 0.75 0.75 0
0.28125 1.25 0.28125 0
0.75 1.25 0.25 0
0.25 1.25 0.75 0
0.75 1.25 0.75 0
1.25 1.25 0.25 0
1.25 1.25 0.75 0
0.75 0.25 1.25 0
0.28125 0.28125 1.25 0
0.25 0.75 1.25 0
0.75 0.75 1.25 0
1.25 0.25 1.25 0
1.25 0.75 1.25 0
0.75 1.25 1.25 0
0.25 1.25 1.25 0
1.25 1.25 1.25 0
0.33680555555555558 0.33680555555555558 0.11805555555555555 0
0.51475694444444442 0.28819444444444442 0.28819444444444442 0
0.28819444444444442 0.28819444444444442 0.51475694444444442 0
0.11805555555555555 0.33680555555555558 0.33680555555555558 0
0.33680555555555558 0.11805555555555555 0.33680555555555558 0
0.28819444444444442 0.51475694444444442 0.28819444444444442 0
0.3125 0.75 0.0625 0
0.5078125 0.75 0.2578125 0
0.2578125 0.75 0.5078125 0
0.0625 0.75 0.3125 0
0.28125 1 0.28125 0
0.75 0.75 0 0
1 0.75 0.25 0
0.75 0.75 0.5 0
0.75 0.5078125 0.2578125 0
0.75 1 0.25 0
0.75 0.3125 0.0625 0
1 0.28125 0.28125 0
0.75 0.2578125 0.5078125 0
0.75 0.0625 0.3125 0
0.5078125 0.2578125 0.75 0
0.28125 0.28125 1 0
0.0625 0.3125 0.75 0
0.3125 0.0625 0.75 0
0.2578125 0.5078125 0.75 0
0.5 0.75 0.75 0
0.25 0.75 1 0
0 0.75 0.75 0
0.25 1 0.75 0
1 0.75 0.75 0
0.75 0.75 1 0
0.75 0.5 0.75 0
0.75 1 0.75 0
1 0.25 0.75 0
0.75 0.25 1 0
0.75 0 0.75 0
1.25 0.3125 0.0625 0
1.5 0.28125 0.28125 0
1.25 0.2578125 0.5078125 0
1.25 0.0625 0.3125 0
1.25 0.5078125 0.2578125 0
1.25 0.75 0 0
1.5 0.75 0.25 0
1.25 0.75 0.5 0
1.25 1 0.25 0
1.5 0.25 0.75 0
1.25 0.25 1 0
1.25 0 0.75 0
1.25 0.5 0.75 0
1.5 0.75 0.75 0
1.25 0.75 1 0
1.25 1 0.75 0
0.3125 1.25 0.0625 0
0.5078125 1.25 0.2578125 0
0.2578125 1.25 0.5078125 0
0.0625 1.25 0.3125 0
0.28125 1.5 0.28125 0
0.75 1.25 0 0
1 1.25 0.25 0
0.75 1.25 0.5 0
0.75 1.5 0.25 0
0.5 1.25 0.75 0
0.25 1.25 1 0
0 1.25 0.75 0
0.25 1.5 0.75 0
1 1.25 0.75 0
0.75 1.25 1 0
0.75 1.5 0.75 0
1.25 1.25 0 0
1.5 1.25 0.25 0
1.25 1.25 0.5 0
1.25 1.5 0.25 0
1.5 1.25 0.75 0
1.25 1.25 1 0
1.25 1.5 0.75 0
0.75 0.5 1.25 0
0.75 0.25 1.5 0
0.75 0 1.25 0
1 0.25 1.25 0
0.5078125 0.2578125 1.25 0
0.2578125 0.5078125 1.25 0
0.28125 0.28125 1.5 0
0.3125 0.0625 1.25 0
0.0625 0.3125 1.25 0
0.25 1 1.25 0
0.25 0.75 1.5 0
0.5 0.75 1.25 0
0 0.75 1.25 0
0.75 1 1.25 0
0.75 0.75 1.5 0
1 0.75 1.25 0
1.25 0.5 1.25 0
1.25 0.25 1.5 0
1.25 0 1.25 0
1.5 0.25 1.25 0
1.25 1 1.25 0
1.25 0.75 1.5 0
1.5 0.75 1.25 0
0.75 1.5 1.25 0
0.75 1.25 1.5 0
1 1.25 1.25 0
0.5 1.25 1.25 0
0.25 1.5 1.25 0
0.25 1.25 1.5 0
0 1.25 1.25 0
1.25 1.5 1.25 0
1.25 1.25 1.5 0
1.5 1.25 1.25 0
0.20052083333333334 0.34895833333333337 0.20052083333333334 0
0.3185763888888889 0.52170138888888884 0.076388888888888895 0
0.52170138888888884 0.3185763888888889 0.076388888888888895 0
0.34895833333333337 0.20052083333333334 0.20052083333333334 0
0.50954861111111116 0.50954861111111116 0.2654079861111111 0
0.50954861111111116 0.2654079861111111 0.50954861111111116 0
0.52170138888888884 0.076388888888888895 0.3185763888888889 0
0.3185763888888889 0.076388888888888895 0.52170138888888884 0
0.2654079861111111 0.50954861111111116 0.50954861111111116 0
0.076388888888888895 0.3185763888888889 0.52170138888888884 0
0.20052083333333334 0.20052083333333334 0.34895833333333337 0
0.076388888888888895 0.52170138888888884 0.3185763888888889 0
0.15625 0.75 0.15625 0
0.3125 1 0.0625 0
0.515625 0.75 0.015625 0
0.5078125 1 0.2578125 0
0.501953125 0.75 0.501953125 0
0.2578125 1 0.5078125 0
0.015625 0.75 0.515625 0
0.0625 1 0.3125 0
0.75 1 0 0
1 0.75 0 0
0.75 0.515625 0.015625 0
1 1 0.25 0
1 0.75 0.5 0
1 0.5078125 0.2578125 0
0.75 0.501953125 0.501953125 0
0.75 1 0.5 0
1 0.3125 0.0625 0
0.75 0.15625 0.15625 0
1 0.2578125 0.5078125 0
1 0.0625 0.3125 0
0.75 0.015625 0.515625 0
0.501953125 0.501953125 0.75 0
0.5078125 0.2578125 1 0
0.515625 0.015625 0.75 0
0.3125 0.0625 1 0
0.2578125 0.5078125 1 0
0.0625 0.3125 1 0
0.15625 0.15625 0.75 0
0.015625 0.515625 0.75 0
0.5 1 0.75 0
0.5 0.75 1 0
0.25 1 1 0
0 0.75 1 0
0 1 0.75 0
1 1 0.75 0
1 0.75 1 0
1 0.5 0.75 0
0.75 0.5 1 0
0.75 1 1 0
1 0.25 1 0
1 0 0.75 0
0.75 0 1 0
1.25 0.515625 0.015625 0
1.5 0.3125 0.0625 0
1.25 0.15625 0.15625 0
1.5 0.5078125 0.2578125 0
1.5 0.2578125 0.5078125 0
1.5 0.0625 0.3125 0
1.25 0.015625 0.515625 0
1.25 0.501953125 0.501953125 0
1.25 1 0 0
1.5 0.75 0 0
1.5 1 0.25 0
1.5 0.75 0.5 0
1.25 1 0.5 0
1.5 0.5 0.75 0
1.5 0.25 1 0
1.5 0 0.75 0
1.25 0 1 0
1.25 0.5 1 0
1.5 1 0.75 0
1.5 0.75 1 0
1.25 1 1 0
0.15625 1.25 0.15625 0
0.3125 1.5 0.0625 0
0.515625 1.25 0.015625 0
0.5078125 1.5 0.2578125 0
0.501953125 1.25 0.501953125 0
0.2578125 1.5 0.5078125 0
0.015625 1.25 0.515625 0
0.0625 1.5 0.3125 0
0.75 1.5 0 0
1 1.25 0 0
1 1.5 0.25 0
1 1.25 0.5 0
0.75 1.5 0.5 0
0.5 1.5 0.75 0
0.5 1.25 1 0
0.25 1.5 1 0
0 1.25 1 0
0 1.5 0.75 0
1 1.5 0.75 0
1 1.25 1 0
0.75 1.5 1 0
1.25 1.5 0 0
1.5 1.25 0 0
1.5 1.5 0.25 0
1.5 1.25 0.5 0
1.25 1.5 0.5 0
1.5 1.5 0.75 0
1.5 1.25 1 0
1.25 1.5 1 0
0.501953125 0.501953125 1.25 0
0.75 0.5 1.5 0
1 0.5 1.25 0
1 0.25 1.5 0
0.5078125 0.2578125 1.5 0
0.75 0 1.5 0
1 0 1.25 0
0.515625 0.015625 1.25 0
0.015625 0.515625 1.25 0
0.2578125 0.5078125 1.5 0
0.0625 0.3125 1.5 0
0.3125 0.0625 1.5 0
0.15625 0.15625 1.25 0
0 1 1.25 0
0.25 1 1.5 0
0.5 1 1.25 0
0.5 0.75 1.5 0
0 0.75 1.5 0
0.75 1 1.5 0
1 1 1.25 0
1 0.75 1.5 0
1.25 0.5 1.5 0
1.5 0.5 1.25 0
1.5 0.25 1.5 0
1.25 0 1.5 0
1.5 0 1.25 0
1.25 1 1.5 0
1.5 1 1.25 0
1.5 0.75 1.5 0
0.5 1.5 1.25 0
0.75 1.5 1.5 0
1 1.5 1.25 0
1 1.25 1.5 0
0.5 1.25 1.5 0
0 1.5 1.25 0
0.25 1.5 1.5 0
0 1.25 1.5 0
1.25 1.5 1.5 0
1.5 1.5 1.25 0
1.5 1.25 1.5 0
0.24537037037037035 0.24537037037037035 0.24537037037037035 0
0.16731770833333334 0.52473958333333337 0.16731770833333334 0
0.51714409722222221 0.51714409722222221 0.030815972222222224 0
0.52473958333333337 0.16731770833333334 0.16731770833333334 0
0.50385199652777779 0.50385199652777779 0.50385199652777779 0
0.51714409722222221 0.030815972222222224 0.51714409722222221 0
0.16731770833333334 0.16731770833333334 0.52473958333333337 0
0.030815972222222224 0.51714409722222221 0.51714409722222221 0
0.15625 1 0.15625 0
0.515625 1 0.015625 0
0.501953125 1 0.501953125 0
0.015625 1 0.515625 0
1 1 0 0
1 0.515625 0.015625 0
1 1 0.5 0
1 0.501953125 0.501953125 0
1 0.15625 0.15625 0
1 0.015625 0.515625 0
0.501953125 0.501953125 1 0
0.515625 0.015625 1 0
0.15625 0.15625 1 0
0.015625 0.515625 1 0
0.5 1 1 0
0 1 1 0
1 1 1 0
1 0.5 1 0
1 0 1 0
1.5 0.515625 0.015625 0
1.5 0.15625 0.15625 0
1.5 0.501953125 0.501953125 0
1.5 0.015625 0.515625 0
1.5 1 0 0
1.5 1 0.5 0
1.5 0.5 1 0
1.5 0 1 0
1.5 1 1 0
0.15625 1.5 0.15625 0
0.515625 1.5 0.015625 0
0.501953125 1.5 0.501953125 0
0.015625 1.5 0.515625 0
1 1.5 0 0
1 1.5 0.5 0
0.5 1.5 1 0
0 1.5 1 0
1 1.5 1 0
1.5 1.5 0 0
1.5 1.5 0.5 0
1.5 1.5 1 0
0.501953125 0.501953125 1.5 0
1 0.5 1.5 0
1 0 1.5 0
0.515625 0.015625 1.5 0
0.015625 0.515625 1.5 0
0.15625 0.15625 1.5 0
0 1 1.5 0
0.5 1 1.5 0
1 1 1.5 0
1.5 0.5 1.5 0
1.5 0 1.5 0
1.5 1 1.5 0
0.5 1.5 1.5 0
1 1.5 1.5 0
0 1.5 1.5 0
1.4774848090277777 1.4774848090277777 1.4774848090277777 0
1.75 1.75 1.75 0
1.75 2.25 1.75 0
1.75 2.75 1.75 0
2.25 1.75 1.75 0
2.75 1.75 1.75 0
2.75 2.25 1.75 0
2.25 2.25 1.75 0
2.25 2.75 1.75 0
2.71875 2.71875 1.75 0
1.75 1.75 2.25 0
1.75 1.75 2.75 0
2.25 1.75 2.25 0
2.75 1.75 2.25 0
2.25 1.75 2.75 0
2.71875 1.75 2.71875 0
1.75 2.25 2.25 0
1.75 2.75 2.25 0
1.75 2.25 2.75 0
1.75 2.71875 2.71875 0
2.75 2.25 2.25 0
2.25 2.25 2.25 0
2.25 2.75 2.25 0
2.71875 2.71875 2.25 0
2.71875 2.25 2.71875 0
2.25 2.25 2.75 0
2.25 2.71875 2.71875 0
2.6909722222222228 2.6909722222222228 2.6909722222222228 0
1.75 1.75 1.5 0
1.75 2 1.75 0
1.75 1.75 2 0
1.75 1.5 1.75 0
2 1.75 1.75 0
1.5 1.75 1.75 0
1.75 2.25 1.5 0
1.75 2.5 1.75 0
1.75 2.25 2 0
2 2.25 1.75 0
1.5 2.25 1.75 0
1.75 2.75 1.5 0
1.75 3 1.75 0
1.75 2.75 2 0
2 2.75 1.75 0
1.5 2.75 1.75 0
2.25 1.75 1.5 0
2.25 2 1.75 0
2.25 1.75 2 0
2.25 1.5 1.75 0
2.5 1.75 1.75 0
2.75 1.75 1.5 0
2.75 2 1.75 0
2.75 1.75 2 0
2.75 1.5 1.75 0
3 1.75 1.75 0
2.75 2.25 1.5 0
2.7421875 2.4921875 1.75 0
2.75 2.25 2 0
3 2.25 1.75 0
2.5 2.25 1.75 0
2.25 2.25 1.5 0
2.25 2.5 1.75 0
2.25 2.25 2 0
2.25 2.75 1.5 0
2.25 3 1.75 0
2.25 2.75 2 0
2.4921875 2.7421875 1.75 0
2.71875 2.71875 1.5 0
2.6875 2.9375 1.75 0
2.71875 2.71875 2 0
2.9375 2.6875 1.75 0
1.75 2 2.25 0
1.75 1.75 2.5 0
1.75 1.5 2.25 0
2 1.75 2.25 0
1.5 1.75 2.25 0
1.75 2 2.75 0
1.75 1.75 3 0
1.75 1.5 2.75 0
2 1.75 2.75 0
1.5 1.75 2.75 0
2.25 2 2.25 0
2.25 1.75 2.5 0
2.25 1.5 2.25 0
2.5 1.75 2.25 0
2.75 2 2.25 0
2.7421875 1.75 2.4921875 0
2.75 1.5 2.25 0
3 1.75 2.25 0
2.25 2 2.75 0
2.25 1.75 3 0
2.25 1.5 2.75 0
2.4921875 1.75 2.7421875 0
2.71875 2 2.71875 0
2.6875 1.75 2.9375 0
2.71875 1.5 2.71875 0
2.9375 1.75 2.6875 0
1.75 2.5 2.25 0
1.75 2.25 2.5 0
2 2.25 2.25 0
1.5 2.25 2.25 0
1.75 3 2.25 0
1.75 2.7421875 2.4921875 0
2 2.75 2.25 0
1.5 2.75 2.25 0
1.75 2.4921875 2.7421875 0
1.75 2.25 3 0
2 2.25 2.75 0
1.5 2.25 2.75 0
1.75 2.9375 2.6875 0
1.75 2.6875 2.9375 0
2 2.71875 2.71875 0
1.5 2.71875 2.71875 0
2.7421875 2.4921875 2.25 0
2.7421875 2.25 2.4921875 0
3 2.25 2.25 0
2.5 2.25 2.25 0
2.25 2.5 2.25 0
2.25 2.25 2.5 0
2.25 3 2.25 0
2.25 2.7421875 2.4921875 0
2.4921875 2.7421875 2.25 0
2.6875 2.9375 2.25 0
2.7118055555555558 2.7118055555555558 2.4852430555555558 0
2.9375 2.6875 2.25 0
2.7118055555555558 2.4852430555555558 2.7118055555555558 0
2.6875 2.25 2.9375 0
2.9375 2.25 2.6875 0
2.4921875 2.25 2.7421875 0
2.25 2.4921875 2.7421875 0
2.25 2.25 3 0
2.25 2.9375 2.6875 0
2.25 2.6875 2.9375 0
2.4852430555555558 2.7118055555555558 2.7118055555555558 0
2.6631944444444446 2.8819444444444446 2.6631944444444446 0
2.6631944444444446 2.6631944444444446 2.8819444444444446 0
2.8819444444444446 2.6631944444444446 2.6631944444444446 0
2 1.75 1.5 0
1.75 2 1.5 0
1.5 1.75 1.5 0
1.75 1.5 1.5 0
1.5 2 1.75 0
1.75 2 2 0
2 2 1.75 0
2 1.75 2 0
1.5 1.75 2 0
1.75 1.5 2 0
1.5 1.5 1.75 0
2 1.5 1.75 0
2 2.25 1.5 0
1.75 2.5 1.5 0
1.5 2.25 1.5 0
1.5 2.5 1.75 0
1.75 2.5 2 0
2 2.5 1.75 0
2 2.25 2 0
1.5 2.25 2 0
2 2.75 1.5 0
1.75 3 1.5 0
1.5 2.75 1.5 0
1.5 3 1.75 0
1.75 3 2 0
2 3 1.75 0
2 2.75 2 0
1.5 2.75 2 0
2.5 1.75 1.5 0
2.25 2 1.5 0
2.25 1.5 1.5 0
2.25 2 2 0
2.5 2 1.75 0
2.5 1.75 2 0
2.25 1.5 2 0
2.5 1.5 1.75 0
3 1.75 1.5 0
2.75 2 1.5 0
2.75 1.5 1.5 0
2.75 2 2 0
3 2 1.75 0
3 1.75 2 0
2.75 1.5 2 0
3 1.5 1.75 0
3 2.25 1.5 0
2.7421875 2.4921875 1.5 0
2.5 2.25 1.5 0
2.498046875 2.498046875 1.75 0
2.7421875 2.4921875 2 0
2.984375 2.484375 1.75 0
3 2.25 2 0
2.5 2.25 2 0
2.25 2.5 1.5 0
2.25 2.5 2 0
2.4921875 2.7421875 1.5 0
2.25 3 1.5 0
2.25 3 2 0
2.484375 2.984375 1.75 0
2.4921875 2.7421875 2 0
2.9375 2.6875 1.5 0
2.6875 2.9375 1.5 0
2.6875 2.9375 2 0
2.84375 2.84375 1.75 0
2.9375 2.6875 2 0
1.5 2 2.25 0
1.75 2 2.5 0
2 2 2.25 0
2 1.75 2.5 0
1.5 1.75 2.5 0
1.75 1.5 2.5 0
1.5 1.5 2.25 0
2 1.5 2.25 0
1.5 2 2.75 0
1.75 2 3 0
2 2 2.75 0
2 1.75 3 0
1.5 1.75 3 0
1.75 1.5 3 0
1.5 1.5 2.75 0
2 1.5 2.75 0
2.25 2 2.5 0
2.5 2 2.25 0
2.498046875 1.75 2.498046875 0
2.25 1.5 2.5 0
2.5 1.5 2.25 0
2.7421875 2 2.4921875 0
3 2 2.25 0
2.984375 1.75 2.484375 0
2.7421875 1.5 2.4921875 0
3 1.5 2.25 0
2.25 2 3 0
2.4921875 2 2.7421875 0
2.484375 1.75 2.984375 0
2.25 1.5 3 0
2.4921875 1.5 2.7421875 0
2.6875 2 2.9375 0
2.9375 2 2.6875 0
2.84375 1.75 2.84375 0
2.6875 1.5 2.9375 0
2.9375 1.5 2.6875 0
1.5 2.5 2.25 0
1.75 2.498046875 2.498046875 0
2 2.5 2.25 0
2 2.25 2.5 0
1.5 2.25 2.5 0
1.5 3 2.25 0
1.75 2.984375 2.484375 0
2 3 2.25 0
2 2.7421875 2.4921875 0
1.5 2.7421875 2.4921875 0
1.5 2.4921875 2.7421875 0
1.75 2.484375 2.984375 0
2 2.4921875 2.7421875 0
2 2.25 3 0
1.5 2.25 3 0
1.5 2.9375 2.6875 0
1.75 2.84375 2.84375 0
2 2.9375 2.6875 0
2 2.6875 2.9375 0
1.5 2.6875 2.9375 0
2.498046875 2.498046875 2.25 0
2.7345920138888888 2.4904513888888888 2.4904513888888888 0
2.984375 2.484375 2.25 0
2.984375 2.25 2.484375 0
2.498046875 2.25 2.498046875 0
2.25 2.498046875 2.498046875 0
2.25 2.984375 2.484375 0
2.484375 2.984375 2.25 0
2.4904513888888888 2.7345920138888888 2.4904513888888888 0
2.6814236111111112 2.9236111111111112 2.4782986111111112 0
2.84375 2.84375 2.25 0
2.9236111111111112 2.6814236111111112 2.4782986111111112 0
2.4904513888888888 2.4904513888888888 2.7345920138888888 0
2.6814236111111112 2.4782986111111112 2.9236111111111112 0
2.9236111111111112 2.4782986111111112 2.6814236111111112 0
2.84375 2.25 2.84375 0
2.484375 2.25 2.984375 0
2.25 2.484375 2.984375 0
2.25 2.84375 2.84375 0
2.4782986111111112 2.9236111111111112 2.6814236111111112 0
2.4782986111111112 2.6814236111111112 2.9236111111111112 0
2.651041666666667 2.799479166666667 2.799479166666667 0
2.799479166666667 2.799479166666667 2.651041666666667 0
2.799479166666667 2.651041666666667 2.799479166666667 0
2 1.5 1.5 0
2 2 1.5 0
1.5 2 1.5 0
1.5044642857142856 1.5044642857142856 1.5044642857142856 0
1.5 2 2 0
2 2 2 0
2 1.5 2 0
1.5 1.5 2 0
2 2.5 1.5 0
1.5 2.5 1.5 0
1.5 2.5 2 0
2 2.5 2 0
2 3 1.5 0
1.5 3 1.5 0
1.5 3 2 0
2 3 2 0
2.5 1.5 1.5 0
2.5 2 1.5 0
2.5 2 2 0
2.5 1.5 2 0
3 1.5 1.5 0
3 2 1.5 0
3 2 2 0
3 1.5 2 0
2.984375 2.484375 1.5 0
2.498046875 2.498046875 1.5 0
2.498046875 2.498046875 2 0
2.984375 2.484375 2 0
2.484375 2.984375 1.5 0
2.484375 2.984375 2 0
2.84375 2.84375 1.5 0
2.84375 2.84375 2 0
1.5 2 2.5 0
2 2 2.5 0
2 1.5 2.5 0
1.5 1.5 2.5 0
1.5 2 3 0
2 2 3 0
2 1.5 3 0
1.5 1.5 3 0
2.498046875 2 2.498046875 0
2.498046875 1.5 2.498046875 0
2.984375 2 2.484375 0
2.984375 1.5 2.484375 0
2.484375 2 2.984375 0
2.484375 1.5 2.984375 0
2.84375 2 2.84375 0
2.84375 1.5 2.84375 0
1.5 2.498046875 2.498046875 0
2 2.498046875 2.498046875 0
1.5 2.984375 2.484375 0
2 2.984375 2.484375 0
1.5 2.484375 2.984375 0
2 2.484375 2.984375 0
1.5 2.84375 2.84375 0
2 2.84375 2.84375 0
2.4961480034722223 2.4961480034722223 2.4961480034722223 0
2.9691840277777777 2.4828559027777777 2.4828559027777777 0
2.4828559027777777 2.9691840277777777 2.4828559027777777 0
2.832682291666667 2.832682291666667 2.475260416666667 0
2.4828559027777777 2.4828559027777777 2.9691840277777777 0
2.832682291666667 2.475260416666667 2.832682291666667 0
2.475260416666667 2.832682291666667 2.832682291666667 0
2.7546296296296298 2.7546296296296298 2.7546296296296298 0
1.75 0.25 1.75 0
1.75 0.75 1.75 0
1.75 1.25 1.75 0
2.71875 0.28125 1.75 0
2.25 0.25 1.75 0
2.25 0.75 1.75 0
2.75 0.75 1.75 0
2.75 1.25 1.75 0
2.25 1.25 1.75 0
1.75 0.25 2.25 0
1.75 0.75 2.25 0
1.75 0.28125 2.71875 0
1.75 0.75 2.75 0
2.71875 0.28125 2.25 0
2.25 0.25 2.25 0
2.25 0.75 2.25 0
2.75 0.75 2.25 0
2.6909722222222228 0.30902777777777779 2.6909722222222228 0
2.25 0.28125 2.71875 0
2.25 0.75 2.75 0
2.71875 0.75 2.71875 0
1.75 1.25 2.25 0
1.75 1.25 2.75 0
2.75 1.25 2.25 0
2.25 1.25 2.25 0
2.71875 1.25 2.71875 0
2.25 1.25 2.75 0
1.75 0.25 1.5 0
1.75 0.5 1.75 0
1.75 0.25 2 0
1.75 0 1.75 0
2 0.25 1.75 0
1.5 0.25 1.75 0
1.75 0.75 1.5 0
1.75 1 1.75 0
1.75 0.75 2 0
2 0.75 1.75 0
1.5 0.75 1.75 0
1.75 1.25 1.5 0
1.75 1.5 1.75 0
1.75 1.25 2 0
2 1.25 1.75 0
1.5 1.25 1.75 0
2.71875 0.28125 1.5 0
2.7421875 0.5078125 1.75 0
2.71875 0.28125 2 0
2.6875 0.0625 1.75 0
2.9375 0.3125 1.75 0
2.4921875 0.2578125 1.75 0
2.25 0.25 1.5 0
2.25 0.5 1.75 0
2.25 0.25 2 0
2.25 0 1.75 0
2.25 0.75 1.5 0
2.25 1 1.75 0
2.25 0.75 2 0
2.5 0.75 1.75 0
2.75 0.75 1.5 0
2.75 1 1.75 0
2.75 0.75 2 0
3 0.75 1.75 0
2.75 1.25 1.5 0
2.75 1.5 1.75 0
2.75 1.25 2 0
3 1.25 1.75 0
2.5 1.25 1.75 0
2.25 1.25 1.5 0
2.25 1.5 1.75 0
2.25 1.25 2 0
1.75 0.5 2.25 0
1.75 0.2578125 2.4921875 0
1.75 0 2.25 0
2 0.25 2.25 0
1.5 0.25 2.25 0
1.75 1 2.25 0
1.75 0.75 2.5 0
2 0.75 2.25 0
1.5 0.75 2.25 0
1.75 0.5078125 2.7421875 0
1.75 0.3125 2.9375 0
1.75 0.0625 2.6875 0
2 0.28125 2.71875 0
1.5 0.28125 2.71875 0
1.75 1 2.75 0
1.75 0.75 3 0
2 0.75 2.75 0
1.5 0.75 2.75 0
2.7421875 0.5078125 2.25 0
2.7118055555555558 0.28819444444444442 2.4852430555555558 0
2.6875 0.0625 2.25 0
2.9375 0.3125 2.25 0
2.4921875 0.2578125 2.25 0
2.25 0.5 2.25 0
2.25 0.2578125 2.4921875 0
2.25 0 2.25 0
2.25 1 2.25 0
2.25 0.75 2.5 0
2.5 0.75 2.25 0
2.75 1 2.25 0
2.7421875 0.75 2.4921875 0
3 0.75 2.25 0
2.7118055555555558 0.51475694444444442 2.7118055555555558 0
2.6631944444444446 0.33680555555555558 2.8819444444444446 0
2.6631944444444446 0.11805555555555555 2.6631944444444446 0
2.8819444444444446 0.33680555555555558 2.6631944444444446 0
2.4852430555555558 0.28819444444444442 2.7118055555555558 0
2.25 0.5078125 2.7421875 0
2.25 0.3125 2.9375 0
2.25 0.0625 2.6875 0
2.25 1 2.75 0
2.25 0.75 3 0
2.4921875 0.75 2.7421875 0
2.71875 1 2.71875 0
2.6875 0.75 2.9375 0
2.9375 0.75 2.6875 0
1.75 1.5 2.25 0
1.75 1.25 2.5 0
2 1.25 2.25 0
1.5 1.25 2.25 0
1.75 1.5 2.75 0
1.75 1.25 3 0
2 1.25 2.75 0
1.5 1.25 2.75 0
2.75 1.5 2.25 0
2.7421875 1.25 2.4921875 0
3 1.25 2.25 0
2.5 1.25 2.25 0
2.25 1.5 2.25 0
2.25 1.25 2.5 0
2.71875 1.5 2.71875 0
2.6875 1.25 2.9375 0
2.9375 1.25 2.6875 0
2.4921875 1.25 2.7421875 0
2.25 1.5 2.75 0
2.25 1.25 3 0
2 0.25 1.5 0
1.75 0.5 1.5 0
1.5 0.25 1.5 0
1.75 0 1.5 0
1.5 0.5 1.75 0
1.75 0.5 2 0
2 0.5 1.75 0
2 0.25 2 0
1.5 0.25 2 0
1.75 0 2 0
2 0 1.75 0
1.5 0 1.75 0
2 0.75 1.5 0
1.75 1 1.5 0
1.5 0.75 1.5 0
1.5 1 1.75 0
1.75 1 2 0
2 1 1.75 0
2 0.75 2 0
1.5 0.75 2 0
2 1.25 1.5 0
1.75 1.5 1.5 0
1.5 1.25 1.5 0
1.5 1.5 1.75 0
1.75 1.5 2 0
2 1.5 1.75 0
2 1.25 2 0
1.5 1.25 2 0
2.9375 0.3125 1.5 0
2.7421875 0.5078125 1.5 0
2.4921875 0.2578125 1.5 0
2.6875 0.0625 1.5 0
2.498046875 0.501953125 1.75 0
2.7421875 0.5078125 2 0
2.984375 0.515625 1.75 0
2.9375 0.3125 2 0
2.4921875 0.2578125 2 0
2.6875 0.0625 2 0
2.84375 0.15625 1.75 0
2.484375 0.015625 1.75 0
2.25 0.5 1.5 0
2.25 0 1.5 0
2.25 0.5 2 0
2.25 0 2 0
2.5 0.75 1.5 0
2.25 1 1.5 0
2.25 1 2 0
2.5 1 1.75 0
2.5 0.75 2 0
3 0.75 1.5 0
2.75 1 1.5 0
2.75 1 2 0
3 1 1.75 0
3 0.75 2 0
3 1.25 1.5 0
2.75 1.5 1.5 0
2.5 1.25 1.5 0
2.5 1.5 1.75 0
2.75 1.5 2 0
3 1.5 1.75 0
3 1.25 2 0
2.5 1.25 2 0
2.25 1.5 1.5 0
2.25 1.5 2 0
1.5 0.5 2.25 0
1.75 0.501953125 2.498046875 0
2 0.5 2.25 0
2 0.2578125 2.4921875 0
1.5 0.2578125 2.4921875 0
1.75 0.015625 2.484375 0
2 0 2.25 0
1.5 0 2.25 0
1.5 1 2.25 0
1.75 1 2.5 0
2 1 2.25 0
2 0.75 2.5 0
1.5 0.75 2.5 0
1.5 0.5078125 2.7421875 0
1.75 0.515625 2.984375 0
2 0.5078125 2.7421875 0
2 0.3125 2.9375 0
1.5 0.3125 2.9375 0
1.75 0.15625 2.84375 0
2 0.0625 2.6875 0
1.5 0.0625 2.6875 0
1.5 1 2.75 0
1.75 1 3 0
2 1 2.75 0
2 0.75 3 0
1.5 0.75 3 0
2.498046875 0.501953125 2.25 0
2.7345920138888888 0.50954861111111116 2.4904513888888888 0
2.984375 0.515625 2.25 0
2.9236111111111112 0.3185763888888889 2.4782986111111112 0
2.4904513888888888 0.2654079861111111 2.4904513888888888 0
2.6814236111111112 0.076388888888888895 2.4782986111111112 0
2.84375 0.15625 2.25 0
2.484375 0.015625 2.25 0
2.25 0.501953125 2.498046875 0
2.25 0.015625 2.484375 0
2.25 1 2.5 0
2.5 1 2.25 0
2.498046875 0.75 2.498046875 0
2.7421875 1 2.4921875 0
3 1 2.25 0
2.984375 0.75 2.484375 0
2.4904513888888888 0.50954861111111116 2.7345920138888888 0
2.6814236111111112 0.52170138888888884 2.9236111111111112 0
2.9236111111111112 0.52170138888888884 2.6814236111111112 0
2.799479166666667 0.34895833333333337 2.799479166666667 0
2.4782986111111112 0.3185763888888889 2.9236111111111112 0
2.651041666666667 0.20052083333333334 2.799479166666667 0
2.799479166666667 0.20052083333333334 2.651041666666667 0
2.4782986111111112 0.076388888888888895 2.6814236111111112 0
2.25 0.515625 2.984375 0
2.25 0.15625 2.84375 0
2.25 1 3 0
2.4921875 1 2.7421875 0
2.484375 0.75 2.984375 0
2.6875 1 2.9375 0
2.9375 1 2.6875 0
2.84375 0.75 2.84375 0
1.5 1.5 2.25 0
1.75 1.5 2.5 0
2 1.5 2.25 0
2 1.25 2.5 0
1.5 1.25 2.5 0
1.5 1.5 2.75 0
1.75 1.5 3 0
2 1.5 2.75 0
2 1.25 3 0
1.5 1.25 3 0
2.5 1.5 2.25 0
2.7421875 1.5 2.4921875 0
3 1.5 2.25 0
2.984375 1.25 2.484375 0
2.498046875 1.25 2.498046875 0
2.25 1.5 2.5 0
2.4921875 1.5 2.7421875 0
2.6875 1.5 2.9375 0
2.9375 1.5 2.6875 0
2.84375 1.25 2.84375 0
2.484375 1.25 2.984375 0
2.25 1.5 3 0
2 0 1.5 0
2 0.5 1.5 0
1.5 0.5 1.5 0
1.5 0 1.5 0
1.5 0.5 2 0
2 0.5 2 0
2 0 2 0
1.5 0 2 0
2 1 1.5 0
1.5 1 1.5 0
1.5 1 2 0
2 1 2 0
2 1.5 1.5 0
1.5078125 1.4765625 1.5078125 0
1.5 1.5 2 0
2 1.5 2 0
2.84375 0.15625 1.5 0
2.984375 0.515625 1.5 0
2.498046875 0.501953125 1.5 0
2.484375 0.015625 1.5 0
2.498046875 0.501953125 2 0
2.984375 0.515625 2 0
2.84375 0.15625 2 0
2.484375 0.015625 2 0
2.5 1 1.5 0
2.5 1 2 0
3 1 1.5 0
3 1 2 0
3 1.5 1.5 0
2.5 1.5 1.5 0
2.5 1.5 2 0
3 1.5 2 0
1.5 0.501953125 2.498046875 0
2 0.501953125 2.498046875 0
2 0.015625 2.484375 0
1.5 0.015625 2.484375 0
1.5 1 2.5 0
2 1 2.5 0
1.5 0.515625 2.984375 0
2 0.515625 2.984375 0
2 0.15625 2.84375 0
1.5 0.15625 2.84375 0
1.5 1 3 0
2 1 3 0
2.4961480034722223 0.50385199652777779 2.4961480034722223 0
2.9691840277777777 0.51714409722222221 2.4828559027777777 0
2.832682291666667 0.16731770833333334 2.475260416666667 0
2.4828559027777777 0.030815972222222224 2.4828559027777777 0
2.498046875 1 2.498046875 0
2.984375 1 2.484375 0
2.4828559027777777 0.51714409722222221 2.9691840277777777 0
2.832682291666667 0.52473958333333337 2.832682291666667 0
2.7546296296296298 0.24537037037037035 2.7546296296296298 0
2.475260416666667 0.16731770833333334 2.832682291666667 0
2.484375 1 2.984375 0
2.84375 1 2.84375 0
1.5 1.5 2.5 0
2 1.5 2.5 0
1.5 1.5 3 0
2 1.5 3 0
2.498046875 1.5 2.498046875 0
2.984375 1.5 2.484375 0
2.484375 1.5 2.984375 0
2.84375 1.5 2.84375 0
0.25 1.75 1.75 0
0.75 1.75 1.75 0
1.25 1.75 1.75 0
0.75 2.25 1.75 0
0.25 2.25 1.75 0
0.28125 2.71875 1.75 0
0.75 2.75 1.75 0
1.25 2.25 1.75 0
1.25 2.75 1.75 0
0.25 1.75 2.25 0
0.75 1.75 2.25 0
0.28125 1.75 2.71875 0
0.75 1.75 2.75 0
0.75 2.25 2.25 0
0.25 2.25 2.25 0
0.28125 2.71875 2.25 0
0.75 2.75 2.25 0
0.75 2.25 2.75 0
0.28125 2.25 2.71875 0
0.30902777777777779 2.6909722222222228 2.6909722222222228 0
0.75 2.71875 2.71875 0
1.25 1.75 2.25 0
1.25 1.75 2.75 0
1.25 2.25 2.25 0
1.25 2.75 2.25 0
1.25 2.25 2.75 0
1.25 2.71875 2.71875 0
0.25 1.75 1.5 0
0.25 2 1.75 0
0.25 1.75 2 0
0.25 1.5 1.75 0
0.5 1.75 1.75 0
0 1.75 1.75 0
0.75 1.75 1.5 0
0.75 2 1.75 0
0.75 1.75 2 0
0.75 1.5 1.75 0
1 1.75 1.75 0
1.25 1.75 1.5 0
1.25 2 1.75 0
1.25 1.75 2 0
1.25 1.5 1.75 0
1.5 1.75 1.75 0
0.75 2.25 1.5 0
0.75 2.5 1.75 0
0.75 2.25 2 0
1 2.25 1.75 0
0.5 2.25 1.75 0
0.25 2.25 1.5 0
0.2578125 2.4921875 1.75 0
0.25 2.25 2 0
0 2.25 1.75 0
0.28125 2.71875 1.5 0
0.3125 2.9375 1.75 0
0.28125 2.71875 2 0
0.5078125 2.7421875 1.75 0
0.0625 2.6875 1.75 0
0.75 2.75 1.5 0
0.75 3 1.75 0
0.75 2.75 2 0
1 2.75 1.75 0
1.25 2.25 1.5 0
1.25 2.5 1.75 0
1.25 2.25 2 0
1.5 2.25 1.75 0
1.25 2.75 1.5 0
1.25 3 1.75 0
1.25 2.75 2 0
1.5 2.75 1.75 0
0.25 2 2.25 0
0.2578125 1.75 2.4921875 0
0.25 1.5 2.25 0
0.5 1.75 2.25 0
0 1.75 2.25 0
0.75 2 2.25 0
0.75 1.75 2.5 0
0.75 1.5 2.25 0
1 1.75 2.25 0
0.28125 2 2.71875 0
0.3125 1.75 2.9375 0
0.28125 1.5 2.71875 0
0.5078125 1.75 2.7421875 0
0.0625 1.75 2.6875 0
0.75 2 2.75 0
0.75 1.75 3 0
0.75 1.5 2.75 0
1 1.75 2.75 0
0.75 2.5 2.25 0
0.75 2.25 2.5 0
1 2.25 2.25 0
0.5 2.25 2.25 0
0.2578125 2.4921875 2.25 0
0.2578125 2.25 2.4921875 0
0 2.25 2.25 0
0.3125 2.9375 2.25 0
0.28819444444444442 2.7118055555555558 2.4852430555555558 0
0.5078125 2.7421875 2.25 0
0.0625 2.6875 2.25 0
0.75 3 2.25 0
0.75 2.7421875 2.4921875 0
1 2.75 2.25 0
0.75 2.4921875 2.7421875 0
0.75 2.25 3 0
1 2.25 2.75 0
0.5078125 2.25 2.7421875 0
0.28819444444444442 2.4852430555555558 2.7118055555555558 0
0.3125 2.25 2.9375 0
0.0625 2.25 2.6875 0
0.33680555555555558 2.8819444444444446 2.6631944444444446 0
0.33680555555555558 2.6631944444444446 2.8819444444444446 0
0.51475694444444442 2.7118055555555558 2.7118055555555558 0
0.11805555555555555 2.6631944444444446 2.6631944444444446 0
0.75 2.9375 2.6875 0
0.75 2.6875 2.9375 0
1 2.71875 2.71875 0
1.25 2 2.25 0
1.25 1.75 2.5 0
1.25 1.5 2.25 0
1.5 1.75 2.25 0
1.25 2 2.75 0
1.25 1.75 3 0
1.25 1.5 2.75 0
1.5 1.75 2.75 0
1.25 2.5 2.25 0
1.25 2.25 2.5 0
1.5 2.25 2.25 0
1.25 3 2.25 0
1.25 2.7421875 2.4921875 0
1.5 2.75 2.25 0
1.25 2.4921875 2.7421875 0
1.25 2.25 3 0
1.5 2.25 2.75 0
1.25 2.9375 2.6875 0
1.25 2.6875 2.9375 0
1.5 2.71875 2.71875 0
0.5 1.75 1.5 0
0.25 2 1.5 0
0 1.75 1.5 0
0.25 1.5 1.5 0
0 2 1.75 0
0.25 2 2 0
0.5 2 1.75 0
0.5 1.75 2 0
0 1.75 2 0
0.25 1.5 2 0
0 1.5 1.75 0
0.5 1.5 1.75 0
1 1.75 1.5 0
0.75 2 1.5 0
0.75 1.5 1.5 0
0.75 2 2 0
1 2 1.75 0
1 1.75 2 0
0.75 1.5 2 0
1 1.5 1.75 0
1.5 1.75 1.5 0
1.25 2 1.5 0
1.25 1.5 1.5 0
1.25 2 2 0
1.5 2 1.75 0
1.5 1.75 2 0
1.25 1.5 2 0
1.5 1.5 1.75 0
1 2.25 1.5 0
0.75 2.5 1.5 0
0.5 2.25 1.5 0
0.501953125 2.498046875 1.75 0
0.75 2.5 2 0
1 2.5 1.75 0
1 2.25 2 0
0.5 2.25 2 0
0.2578125 2.4921875 1.5 0
0 2.25 1.5 0
0.015625 2.484375 1.75 0
0.2578125 2.4921875 2 0
0 2.25 2 0
0.5078125 2.7421875 1.5 0
0.3125 2.9375 1.5 0
0.0625 2.6875 1.5 0
0.15625 2.84375 1.75 0
0.3125 2.9375 2 0
0.515625 2.984375 1.75 0
0.5078125 2.7421875 2 0
0.0625 2.6875 2 0
1 2.75 1.5 0
0.75 3 1.5 0
0.75 3 2 0
1 3 1.75 0
1 2.75 2 0
1.5 2.25 1.5 0
1.25 2.5 1.5 0
1.25 2.5 2 0
1.5 2.5 1.75 0
1.5 2.25 2 0
1.5 2.75 1.5 0
1.25 3 1.5 0
1.25 3 2 0
1.5 3 1.75 0
1.5 2.75 2 0
0 2 2.25 0
0.2578125 2 2.4921875 0
0.5 2 2.25 0
0.501953125 1.75 2.498046875 0
0.015625 1.75 2.484375 0
0.2578125 1.5 2.4921875 0
0 1.5 2.25 0
0.5 1.5 2.25 0
0.75 2 2.5 0
1 2 2.25 0
1 1.75 2.5 0
0.75 1.5 2.5 0
1 1.5 2.25 0
0.0625 2 2.6875 0
0.3125 2 2.9375 0
0.5078125 2 2.7421875 0
0.515625 1.75 2.984375 0
0.15625 1.75 2.84375 0
0.3125 1.5 2.9375 0
0.0625 1.5 2.6875 0
0.5078125 1.5 2.7421875 0
0.75 2 3 0
1 2 2.75 0
1 1.75 3 0
0.75 1.5 3 0
1 1.5 2.75 0
0.501953125 2.498046875 2.25 0
0.75 2.498046875 2.498046875 0
1 2.5 2.25 0
1 2.25 2.5 0
0.501953125 2.25 2.498046875 0
0.015625 2.484375 2.25 0
0.2654079861111111 2.4904513888888888 2.4904513888888888 0
0.015625 2.25 2.484375 0
0.15625 2.84375 2.25 0
0.3185763888888889 2.9236111111111112 2.4782986111111112 0
0.515625 2.984375 2.25 0
0.50954861111111116 2.7345920138888888 2.4904513888888888 0
0.076388888888888895 2.6814236111111112 2.4782986111111112 0
0.75 2.984375 2.484375 0
1 3 2.25 0
1 2.7421875 2.4921875 0
0.50954861111111116 2.4904513888888888 2.7345920138888888 0
0.75 2.484375 2.984375 0
1 2.4921875 2.7421875 0
1 2.25 3 0
0.515625 2.25 2.984375 0
0.076388888888888895 2.4782986111111112 2.6814236111111112 0
0.3185763888888889 2.4782986111111112 2.9236111111111112 0
0.15625 2.25 2.84375 0
0.20052083333333334 2.799479166666667 2.651041666666667 0
0.34895833333333337 2.799479166666667 2.799479166666667 0
0.52170138888888884 2.9236111111111112 2.6814236111111112 0
0.52170138888888884 2.6814236111111112 2.9236111111111112 0
0.20052083333333334 2.651041666666667 2.799479166666667 0
0.75 2.84375 2.84375 0
1 2.9375 2.6875 0
1 2.6875 2.9375 0
1.25 2 2.5 0
1.5 2 2.25 0
1.5 1.75 2.5 0
1.25 1.5 2.5 0
1.5 1.5 2.25 0
1.25 2 3 0
1.5 2 2.75 0
1.5 1.75 3 0
1.25 1.5 3 0
1.5 1.5 2.75 0
1.25 2.498046875 2.498046875 0
1.5 2.5 2.25 0
1.5 2.25 2.5 0
1.25 2.984375 2.484375 0
1.5 3 2.25 0
1.5 2.7421875 2.4921875 0
1.25 2.484375 2.984375 0
1.5 2.4921875 2.7421875 0
1.5 2.25 3 0
1.25 2.84375 2.84375 0
1.5 2.9375 2.6875 0
1.5 2.6875 2.9375 0
0.5 1.5 1.5 0
0.5 2 1.5 0
0 2 1.5 0
0 1.5 1.5 0
0 2 2 0
0.5 2 2 0
0.5 1.5 2 0
0 1.5 2 0
1 1.5 1.5 0
1 2 1.5 0
1 2 2 0
1 1.5 2 0
1.4765625 1.5078125 1.5078125 0
1.5 2 1.5 0
1.5 2 2 0
1.5 1.5 2 0
1 2.5 1.5 0
0.501953125 2.498046875 1.5 0
0.501953125 2.498046875 2 0
1 2.5 2 0
0.015625 2.484375 1.5 0
0.015625 2.484375 2 0
0.515625 2.984375 1.5 0
0.15625 2.84375 1.5 0
0.15625 2.84375 2 0
0.515625 2.984375 2 0
1 3 1.5 0
1 3 2 0
1.5 2.5 1.5 0
1.5 2.5 2 0
1.5 3 1.5 0
1.5 3 2 0
0.015625 2 2.484375 0
0.501953125 2 2.498046875 0
0.501953125 1.5 2.498046875 0
0.015625 1.5 2.484375 0
1 2 2.5 0
1 1.5 2.5 0
0.15625 2 2.84375 0
0.515625 2 2.984375 0
0.515625 1.5 2.984375 0
0.15625 1.5 2.84375 0
1 2 3 0
1 1.5 3 0
0.50385199652777779 2.4961480034722223 2.4961480034722223 0
1 2.498046875 2.498046875 0
0.030815972222222224 2.4828559027777777 2.4828559027777777 0
0.16731770833333334 2.832682291666667 2.475260416666667 0
0.51714409722222221 2.9691840277777777 2.4828559027777777 0
1 2.984375 2.484375 0
0.51714409722222221 2.4828559027777777 2.9691840277777777 0
1 2.484375 2.984375 0
0.16731770833333334 2.475260416666667 2.832682291666667 0
0.24537037037037035 2.7546296296296298 2.7546296296296298 0
0.52473958333333337 2.832682291666667 2.832682291666667 0
1 2.84375 2.84375 0
1.5 2 2.5 0
1.5 1.5 2.5 0
1.5 2 3 0
1.5 1.5 3 0
1.5 2.498046875 2.498046875 0
1.5 2.984375 2.484375 0
1.5 2.484375 2.984375 0
1.5 2.84375 2.84375 0
1.75 1.75 0.25 0
1.75 1.75 0.75 0
2.25 1.75 0.25 0
2.71875 1.75 0.28125 0
2.25 1.75 0.75 0
2.75 1.75 0.75 0
1.75 2.71875 0.28125 0
1.75 2.25 0.25 0
1.75 2.75 0.75 0
1.75 2.25 0.75 0
2.25 2.25 0.25 0
2.25 2.71875 0.28125 0
2.6909722222222228 2.6909722222222228 0.30902777777777779 0
2.71875 2.25 0.28125 0
2.25 2.25 0.75 0
2.25 2.75 0.75 0
2.71875 2.71875 0.75 0
2.75 2.25 0.75 0
1.75 1.75 1.25 0
1.75 2.25 1.25 0
1.75 2.75 1.25 0
2.25 1.75 1.25 0
2.75 1.75 1.25 0
2.75 2.25 1.25 0
2.25 2.25 1.25 0
2.25 2.75 1.25 0
2.71875 2.71875 1.25 0
1.75 1.75 0 0
2 1.75 0.25 0
1.75 1.75 0.5 0
1.5 1.75 0.25 0
1.75 1.5 0.25 0
1.75 2 0.25 0
2 1.75 0.75 0
1.75 1.75 1 0
1.5 1.75 0.75 0
1.75 1.5 0.75 0
1.75 2 0.75 0
2.25 1.75 0 0
2.4921875 1.75 0.2578125 0
2.25 1.75 0.5 0
2.25 1.5 0.25 0
2.25 2 0.25 0
2.6875 1.75 0.0625 0
2.9375 1.75 0.3125 0
2.7421875 1.75 0.5078125 0
2.71875 1.5 0.28125 0
2.71875 2 0.28125 0
2.5 1.75 0.75 0
2.25 1.75 1 0
2.25 1.5 0.75 0
2.25 2 0.75 0
3 1.75 0.75 0
2.75 1.75 1 0
2.75 1.5 0.75 0
2.75 2 0.75 0
1.75 2.6875 0.0625 0
2 2.71875 0.28125 0
1.75 2.7421875 0.5078125 0
1.5 2.71875 0.28125 0
1.75 2.4921875 0.2578125 0
1.75 2.9375 0.3125 0
1.75 2.25 0 0
2 2.25 0.25 0
1.75 2.25 0.5 0
1.5 2.25 0.25 0
2 2.75 0.75 0
1.75 2.75 1 0
1.5 2.75 0.75 0
1.75 2.5 0.75 0
1.75 3 0.75 0
2 2.25 0.75 0
1.75 2.25 1 0
1.5 2.25 0.75 0
2.25 2.25 0 0
2.4921875 2.25 0.2578125 0
2.25 2.25 0.5 0
2.25 2.4921875 0.2578125 0
2.25 2.6875 0.0625 0
2.4852430555555558 2.7118055555555558 0.28819444444444442 0
2.25 2.7421875 0.5078125 0
2.25 2.9375 0.3125 0
2.6631944444444446 2.6631944444444446 0.11805555555555555 0
2.8819444444444446 2.6631944444444446 0.33680555555555558 0
2.7118055555555558 2.7118055555555558 0.51475694444444442 0
2.7118055555555558 2.4852430555555558 0.28819444444444442 0
2.6631944444444446 2.8819444444444446 0.33680555555555558 0
2.6875 2.25 0.0625 0
2.9375 2.25 0.3125 0
2.7421875 2.25 0.5078125 0
2.5 2.25 0.75 0
2.25 2.25 1 0
2.25 2.5 0.75 0
2.4921875 2.7421875 0.75 0
2.25 2.75 1 0
2.25 3 0.75 0
2.9375 2.6875 0.75 0
2.71875 2.71875 1 0
2.7421875 2.4921875 0.75 0
2.6875 2.9375 0.75 0
3 2.25 0.75 0
2.75 2.25 1 0
1.75 2 1.25 0
1.75 1.75 1.5 0
1.75 1.5 1.25 0
2 1.75 1.25 0
1.5 1.75 1.25 0
1.75 2.5 1.25 0
1.75 2.25 1.5 0
2 2.25 1.25 0
1.5 2.25 1.25 0
1.75 3 1.25 0
1.75 2.75 1.5 0
2 2.75 1.25 0
1.5 2.75 1.25 0
2.25 2 1.25 0
2.25 1.75 1.5 0
2.25 1.5 1.25 0
2.5 1.75 1.25 0
2.75 2 1.25 0
2.75 1.75 1.5 0
2.75 1.5 1.25 0
3 1.75 1.25 0
2.7421875 2.4921875 1.25 0
2.75 2.25 1.5 0
3 2.25 1.25 0
2.5 2.25 1.25 0
2.25 2.5 1.25 0
2.25 2.25 1.5 0
2.25 3 1.25 0
2.25 2.75 1.5 0
2.4921875 2.7421875 1.25 0
2.6875 2.9375 1.25 0
2.71875 2.71875 1.5 0
2.9375 2.6875 1.25 0
1.5 1.75 0 0
1.75 2 0 0
2 1.75 0 0
1.75 1.5 0 0
2 2 0.25 0
2 1.75 0.5 0
2 1.5 0.25 0
1.75 1.5 0.5 0
1.75 2 0.5 0
1.5 1.75 0.5 0
1.5 2 0.25 0
1.5 1.5 0.25 0
2 2 0.75 0
2 1.75 1 0
2 1.5 0.75 0
1.75 1.5 1 0
1.75 2 1 0
1.5 1.75 1 0
1.5 2 0.75 0
1.5 1.5 0.75 0
2.25 2 0 0
2.484375 1.75 0.015625 0
2.25 1.5 0 0
2.4921875 2 0.2578125 0
2.498046875 1.75 0.501953125 0
2.4921875 1.5 0.2578125 0
2.25 1.5 0.5 0
2.25 2 0.5 0
2.6875 2 0.0625 0
2.84375 1.75 0.15625 0
2.6875 1.5 0.0625 0
2.9375 2 0.3125 0
2.984375 1.75 0.515625 0
2.9375 1.5 0.3125 0
2.7421875 1.5 0.5078125 0
2.7421875 2 0.5078125 0
2.5 2 0.75 0
2.5 1.75 1 0
2.5 1.5 0.75 0
2.25 1.5 1 0
2.25 2 1 0
3 2 0.75 0
3 1.75 1 0
3 1.5 0.75 0
2.75 1.5 1 0
2.75 2 1 0
1.5 2.6875 0.0625 0
1.75 2.84375 0.15625 0
2 2.6875 0.0625 0
1.75 2.484375 0.015625 0
2 2.9375 0.3125 0
2 2.7421875 0.5078125 0
2 2.4921875 0.2578125 0
1.75 2.498046875 0.501953125 0
1.75 2.984375 0.515625 0
1.5 2.7421875 0.5078125 0
1.5 2.9375 0.3125 0
1.5 2.4921875 0.2578125 0
1.5 2.25 0 0
2 2.25 0 0
2 2.25 0.5 0
1.5 2.25 0.5 0
2 3 0.75 0
2 2.75 1 0
2 2.5 0.75 0
1.75 2.5 1 0
1.75 3 1 0
1.5 2.75 1 0
1.5 3 0.75 0
1.5 2.5 0.75 0
2 2.25 1 0
1.5 2.25 1 0
2.25 2.484375 0.015625 0
2.484375 2.25 0.015625 0
2.4904513888888888 2.4904513888888888 0.2654079861111111 0
2.498046875 2.25 0.501953125 0
2.25 2.498046875 0.501953125 0
2.25 2.84375 0.15625 0
2.4782986111111112 2.6814236111111112 0.076388888888888895 0
2.4782986111111112 2.9236111111111112 0.3185763888888889 0
2.4904513888888888 2.7345920138888888 0.50954861111111116 0
2.25 2.984375 0.515625 0
2.651041666666667 2.799479166666667 0.20052083333333334 0
2.799479166666667 2.651041666666667 0.20052083333333334 0
2.6814236111111112 2.4782986111111112 0.076388888888888895 0
2.799479166666667 2.799479166666667 0.34895833333333337 0
2.9236111111111112 2.6814236111111112 0.52170138888888884 0
2.9236111111111112 2.4782986111111112 0.3185763888888889 0
2.7345920138888888 2.4904513888888888 0.50954861111111116 0
2.6814236111111112 2.9236111111111112 0.52170138888888884 0
2.84375 2.25 0.15625 0
2.984375 2.25 0.515625 0
2.498046875 2.498046875 0.75 0
2.5 2.25 1 0
2.25 2.5 1 0
2.484375 2.984375 0.75 0
2.4921875 2.7421875 1 0
2.25 3 1 0
2.84375 2.84375 0.75 0
2.9375 2.6875 1 0
2.984375 2.484375 0.75 0
2.7421875 2.4921875 1 0
2.6875 2.9375 1 0
3 2.25 1 0
1.5 2 1.25 0
1.75 2 1.5 0
2 2 1.25 0
2 1.75 1.5 0
1.5 1.75 1.5 0
1.75 1.5 1.5 0
1.5 1.5 1.25 0
2 1.5 1.25 0
1.5 2.5 1.25 0
1.75 2.5 1.5 0
2 2.5 1.25 0
2 2.25 1.5 0
1.5 2.25 1.5 0
1.5 3 1.25 0
1.75 3 1.5 0
2 3 1.25 0
2 2.75 1.5 0
1.5 2.75 1.5 0
2.25 2 1.5 0
2.5 2 1.25 0
2.5 1.75 1.5 0
2.25 1.5 1.5 0
2.5 1.5 1.25 0
2.75 2 1.5 0
3 2 1.25 0
3 1.75 1.5 0
2.75 1.5 1.5 0
3 1.5 1.25 0
2.498046875 2.498046875 1.25 0
2.7421875 2.4921875 1.5 0
2.984375 2.484375 1.25 0
3 2.25 1.5 0
2.5 2.25 1.5 0
2.25 2.5 1.5 0
2.25 3 1.5 0
2.484375 2.984375 1.25 0
2.4921875 2.7421875 1.5 0
2.6875 2.9375 1.5 0
2.84375 2.84375 1.25 0
2.9375 2.6875 1.5 0
1.5 2 0 0
1.5 1.5 0 0
2 2 0 0
2 1.5 0 0
2 2 0.5 0
2 1.5 0.5 0
1.5 1.5 0.5 0
1.5 2 0.5 0
2 2 1 0
2 1.5 1 0
1.5 1.5 1 0
1.5 2 1 0
2.484375 2 0.015625 0
2.484375 1.5 0.015625 0
2.498046875 2 0.501953125 0
2.498046875 1.5 0.501953125 0
2.84375 2 0.15625 0
2.84375 1.5 0.15625 0
2.984375 2 0.515625 0
2.984375 1.5 0.515625 0
2.5 2 1 0
2.5 1.5 1 0
3 2 1 0
3 1.5 1 0
1.5 2.84375 0.15625 0
1.5 2.484375 0.015625 0
2 2.84375 0.15625 0
2 2.484375 0.015625 0
2 2.984375 0.515625 0
2 2.498046875 0.501953125 0
1.5 2.498046875 0.501953125 0
1.5 2.984375 0.515625 0
2 3 1 0
2 2.5 1 0
1.5 2.5 1 0
1.5 3 1 0
2.4828559027777777 2.4828559027777777 0.030815972222222224 0
2.4961480034722223 2.4961480034722223 0.50385199652777779 0
2.475260416666667 2.832682291666667 0.16731770833333334 0
2.4828559027777777 2.9691840277777777 0.51714409722222221 0
2.7546296296296298 2.7546296296296298 0.24537037037037035 0
2.832682291666667 2.475260416666667 0.16731770833333334 0
2.832682291666667 2.832682291666667 0.52473958333333337 0
2.9691840277777777 2.4828559027777777 0.51714409722222221 0
2.498046875 2.498046875 1 0
2.484375 2.984375 1 0
2.84375 2.84375 1 0
2.984375 2.484375 1 0
1.5 2 1.5 0
2 2 1.5 0
2 1.5 1.5 0
1.5078125 1.5078125 1.4765625 0
1.5 2.5 1.5 0
2 2.5 1.5 0
1.5 3 1.5 0
2 3 1.5 0
2.5 2 1.5 0
2.5 1.5 1.5 0
3 2 1.5 0
3 1.5 1.5 0
2.498046875 2.498046875 1.5 0
2.984375 2.484375 1.5 0
2.484375 2.984375 1.5 0
2.84375 2.84375 1.5 0
0.28125 1.75 0.28125 0
0.75 1.75 0.25 0
0.25 1.75 0.75 0
0.75 1.75 0.75 0
1.25 1.75 0.25 0
1.25 1.75 0.75 0
0.28125 2.25 0.28125 0
0.30902777777777779 2.6909722222222228 0.30902777777777779 0
0.75 2.71875 0.28125 0
0.75 2.25 0.25 0
0.25 2.25 0.75 0
0.28125 2.71875 0.75 0
0.75 2.75 0.75 0
0.75 2.25 0.75 0
1.25 2.25 0.25 0
1.25 2.71875 0.28125 0
1.25 2.25 0.75 0
1.25 2.75 0.75 0
0.25 1.75 1.25 0
0.75 1.75 1.25 0
1.25 1.75 1.25 0
0.75 2.25 1.25 0
0.25 2.25 1.25 0
0.28125 2.71875 1.25 0
0.75 2.75 1.25 0
1.25 2.25 1.25 0
1.25 2.75 1.25 0
0.3125 1.75 0.0625 0
0.5078125 1.75 0.2578125 0
0.2578125 1.75 0.5078125 0
0.0625 1.75 0.3125 0
0.28125 1.5 0.28125 0
0.28125 2 0.28125 0
0.75 1.75 0 0
1 1.75 0.25 0
0.75 1.75 0.5 0
0.75 1.5 0.25 0
0.75 2 0.25 0
0.5 1.75 0.75 0
0.25 1.75 1 0
0 1.75 0.75 0
0.25 1.5 0.75 0
0.25 2 0.75 0
1 1.75 0.75 0
0.75 1.75 1 0
0.75 1.5 0.75 0
0.75 2 0.75 0
1.25 1.75 0 0
1.5 1.75 0.25 0
1.25 1.75 0.5 0
1.25 1.5 0.25 0
1.25 2 0.25 0
1.5 1.75 0.75 0
1.25 1.75 1 0
1.25 1.5 0.75 0
1.25 2 0.75 0
0.3125 2.25 0.0625 0
0.5078125 2.25 0.2578125 0
0.2578125 2.25 0.5078125 0
0.0625 2.25 0.3125 0
0.28819444444444442 2.4852430555555558 0.28819444444444442 0
0.33680555555555558 2.6631944444444446 0.11805555555555555 0
0.51475694444444442 2.7118055555555558 0.28819444444444442 0
0.28819444444444442 2.7118055555555558 0.51475694444444442 0
0.11805555555555555 2.6631944444444446 0.33680555555555558 0
0.33680555555555558 2.8819444444444446 0.33680555555555558 0
0.75 2.6875 0.0625 0
1 2.71875 0.28125 0
0.75 2.7421875 0.5078125 0
0.75 2.4921875 0.2578125 0
0.75 2.9375 0.3125 0
0.75 2.25 0 0
1 2.25 0.25 0
0.75 2.25 0.5 0
0.5 2.25 0.75 0
0.25 2.25 1 0
0 2.25 0.75 0
0.2578125 2.4921875 0.75 0
0.5078125 2.7421875 0.75 0
0.28125 2.71875 1 0
0.0625 2.6875 0.75 0
0.3125 2.9375 0.75 0
1 2.75 0.75 0
0.75 2.75 1 0
0.75 2.5 0.75 0
0.75 3 0.75 0
1 2.25 0.75 0
0.75 2.25 1 0
1.25 2.25 0 0
1.5 2.25 0.25 0
1.25 2.25 0.5 0
1.25 2.4921875 0.2578125 0
1.25 2.6875 0.0625 0
1.5 2.71875 0.28125 0
1.25 2.7421875 0.5078125 0
1.25 2.9375 0.3125 0
1.5 2.25 0.75 0
1.25 2.25 1 0
1.25 2.5 0.75 0
1.5 2.75 0.75 0
1.25 2.75 1 0
1.25 3 0.75 0
0.25 2 1.25 0
0.25 1.75 1.5 0
0.25 1.5 1.25 0
0.5 1.75 1.25 0
0 1.75 1.25 0
0.75 2 1.25 0
0.75 1.75 1.5 0
0.75 1.5 1.25 0
1 1.75 1.25 0
1.25 2 1.25 0
1.25 1.75 1.5 0
1.25 1.5 1.25 0
1.5 1.75 1.25 0
0.75 2.5 1.25 0
0.75 2.25 1.5 0
1 2.25 1.25 0
0.5 2.25 1.25 0
0.2578125 2.4921875 1.25 0
0.25 2.25 1.5 0
0 2.25 1.25 0
0.3125 2.9375 1.25 0
0.28125 2.71875 1.5 0
0.5078125 2.7421875 1.25 0
0.0625 2.6875 1.25 0
0.75 3 1.25 0
0.75 2.75 1.5 0
1 2.75 1.25 0
1.25 2.5 1.25 0
1.25 2.25 1.5 0
1.5 2.25 1.25 0
1.25 3 1.25 0
1.25 2.75 1.5 0
1.5 2.75 1.25 0
0.15625 1.75 0.15625 0
0.3125 2 0.0625 0
0.515625 1.75 0.015625 0
0.3125 1.5 0.0625 0
0.5078125 2 0.2578125 0
0.501953125 1.75 0.501953125 0
0.5078125 1.5 0.2578125 0
0.2578125 1.5 0.5078125 0
0.2578125 2 0.5078125 0
0.015625 1.75 0.515625 0
0.0625 1.5 0.3125 0
0.0625 2 0.3125 0
0.75 2 0 0
1 1.75 0 0
0.75 1.5 0 0
1 2 0.25 0
1 1.75 0.5 0
1 1.5 0.25 0
0.75 1.5 0.5 0
0.75 2 0.5 0
0.5 2 0.75 0
0.5 1.75 1 0
0.5 1.5 0.75 0
0.25 1.5 1 0
0.25 2 1 0
0 1.75 1 0
0 1.5 0.75 0
0 2 0.75 0
1 2 0.75 0
1 1.75 1 0
1 1.5 0.75 0
0.75 1.5 1 0
0.75 2 1 0
1.25 2 0 0
1.5 1.75 0 0
1.25 1.5 0 0
1.5 2 0.25 0
1.5 1.75 0.5 0
1.5 1.5 0.25 0
1.25 1.5 0.5 0
1.25 2 0.5 0
1.5 2 0.75 0
1.5 1.75 1 0
1.5 1.5 0.75 0
1.25 1.5 1 0
1.25 2 1 0
0.15625 2.25 0.15625 0
0.3185763888888889 2.4782986111111112 0.076388888888888895 0
0.515625 2.25 0.015625 0
0.50954861111111116 2.4904513888888888 0.2654079861111111 0
0.501953125 2.25 0.501953125 0
0.2654079861111111 2.4904513888888888 0.50954861111111116 0
0.015625 2.25 0.515625 0
0.076388888888888895 2.4782986111111112 0.3185763888888889 0
0.20052083333333334 2.651041666666667 0.20052083333333334 0
0.34895833333333337 2.799479166666667 0.20052083333333334 0
0.52170138888888884 2.6814236111111112 0.076388888888888895 0
0.52170138888888884 2.9236111111111112 0.3185763888888889 0
0.50954861111111116 2.7345920138888888 0.50954861111111116 0
0.3185763888888889 2.9236111111111112 0.52170138888888884 0
0.076388888888888895 2.6814236111111112 0.52170138888888884 0
0.20052083333333334 2.799479166666667 0.34895833333333337 0
0.75 2.84375 0.15625 0
1 2.6875 0.0625 0
0.75 2.484375 0.015625 0
1 2.9375 0.3125 0
1 2.7421875 0.5078125 0
1 2.4921875 0.2578125 0
0.75 2.498046875 0.501953125 0
0.75 2.984375 0.515625 0
1 2.25 0 0
1 2.25 0.5 0
0.501953125 2.498046875 0.75 0
0.5 2.25 1 0
0.2578125 2.4921875 1 0
0 2.25 1 0
0.015625 2.484375 0.75 0
0.515625 2.984375 0.75 0
0.5078125 2.7421875 1 0
0.3125 2.9375 1 0
0.0625 2.6875 1 0
0.15625 2.84375 0.75 0
1 3 0.75 0
1 2.75 1 0
1 2.5 0.75 0
0.75 2.5 1 0
0.75 3 1 0
1 2.25 1 0
1.25 2.484375 0.015625 0
1.5 2.25 0 0
1.5 2.4921875 0.2578125 0
1.5 2.25 0.5 0
1.25 2.498046875 0.501953125 0
1.25 2.84375 0.15625 0
1.5 2.6875 0.0625 0
1.5 2.9375 0.3125 0
1.5 2.7421875 0.5078125 0
1.25 2.984375 0.515625 0
1.5 2.5 0.75 0
1.5 2.25 1 0
1.25 2.5 1 0
1.5 3 0.75 0
1.5 2.75 1 0
1.25 3 1 0
0 2 1.25 0
0.25 2 1.5 0
0.5 2 1.25 0
0.5 1.75 1.5 0
0 1.75 1.5 0
0.25 1.5 1.5 0
0 1.5 1.25 0
0.5 1.5 1.25 0
0.75 2 1.5 0
1 2 1.25 0
1 1.75 1.5 0
0.75 1.5 1.5 0
1 1.5 1.25 0
1.25 2 1.5 0
1.5 2 1.25 0
1.5 1.75 1.5 0
1.25 1.5 1.5 0
1.5 1.5 1.25 0
0.501953125 2.498046875 1.25 0
0.75 2.5 1.5 0
1 2.5 1.25 0
1 2.25 1.5 0
0.5 2.25 1.5 0
0.015625 2.484375 1.25 0
0.2578125 2.4921875 1.5 0
0 2.25 1.5 0
0.15625 2.84375 1.25 0
0.3125 2.9375 1.5 0
0.515625 2.984375 1.25 0
0.5078125 2.7421875 1.5 0
0.0625 2.6875 1.5 0
0.75 3 1.5 0
1 3 1.25 0
1 2.75 1.5 0
1.25 2.5 1.5 0
1.5 2.5 1.25 0
1.5 2.25 1.5 0
1.25 3 1.5 0
1.5 3 1.25 0
1.5 2.75 1.5 0
0.15625 1.5 0.15625 0
0.15625 2 0.15625 0
0.515625 2 0.015625 0
0.515625 1.5 0.015625 0
0.501953125 2 0.501953125 0
0.501953125 1.5 0.501953125 0
0.015625 1.5 0.515625 0
0.015625 2 0.515625 0
1 2 0 0
1 1.5 0 0
1 2 0.5 0
1 1.5 0.5 0
0.5 2 1 0
0.5 1.5 1 0
0 1.5 1 0
0 2 1 0
1 2 1 0
1 1.5 1 0
1.5 2 0 0
1.5 1.5 0 0
1.5 2 0.5 0
1.5 1.5 0.5 0
1.5 2 1 0
1.5 1.5 1 0
0.16731770833333334 2.475260416666667 0.16731770833333334 0
0.51714409722222221 2.4828559027777777 0.030815972222222224 0
0.50385199652777779 2.4961480034722223 0.50385199652777779 0
0.030815972222222224 2.4828559027777777 0.51714409722222221 0
0.24537037037037035 2.7546296296296298 0.24537037037037035 0
0.52473958333333337 2.832682291666667 0.16731770833333334 0
0.51714409722222221 2.9691840277777777 0.51714409722222221 0
0.16731770833333334 2.832682291666667 0.52473958333333337 0
1 2.84375 0.15625 0
1 2.484375 0.015625 0
1 2.984375 0.515625 0
1 2.498046875 0.501953125 0
0.501953125 2.498046875 1 0
0.015625 2.484375 1 0
0.515625 2.984375 1 0
0.15625 2.84375 1 0
1 3 1 0
1 2.5 1 0
1.5 2.484375 0.015625 0
1.5 2.498046875 0.501953125 0
1.5 2.84375 0.15625 0
1.5 2.984375 0.515625 0
1.5 2.5 1 0
1.5 3 1 0
0 2 1.5 0
0.5 2 1.5 0
0.5 1.5 1.5 0
0 1.5 1.5 0
1 2 1.5 0
1 1.5 1.5 0
1.5 2 1.5 0
1.47705078125 1.5078125 1.47705078125 0
0.501953125 2.498046875 1.5 0
1 2.5 1.5 0
0.015625 2.484375 1.5 0
0.15625 2.84375 1.5 0
0.515625 2.984375 1.5 0
1 3 1.5 0
1.5 2.5 1.5 0
1.5 3 1.5 0
1.75 0.75 0.25 0
1.75 0.28125 0.28125 0
1.75 0.75 0.75 0
1.75 0.25 0.75 0
2.25 0.28125 0.28125 0
2.25 0.75 0.25 0
2.71875 0.75 0.28125 0
2.6909722222222228 0.30902777777777779 0.30902777777777779 0
2.25 0.25 0.75 0
2.25 0.75 0.75 0
2.75 0.75 0.75 0
2.71875 0.28125 0.75 0
1.75 1.25 0.25 0
1.75 1.25 0.75 0
2.25 1.25 0.25 0
2.71875 1.25 0.28125 0
2.25 1.25 0.75 0
2.75 1.25 0.75 0
1.75 0.25 1.25 0
1.75 0.75 1.25 0
1.75 1.25 1.25 0
2.71875 0.28125 1.25 0
2.25 0.25 1.25 0
2.25 0.75 1.25 0
2.75 0.75 1.25 0
2.75 1.25 1.25 0
2.25 1.25 1.25 0
1.75 0.75 0 0
2 0.75 0.25 0
1.75 0.75 0.5 0
1.5 0.75 0.25 0
1.75 0.5078125 0.2578125 0
1.75 1 0.25 0
1.75 0.3125 0.0625 0
2 0.28125 0.28125 0
1.75 0.2578125 0.5078125 0
1.5 0.28125 0.28125 0
1.75 0.0625 0.3125 0
2 0.75 0.75 0
1.75 0.75 1 0
1.5 0.75 0.75 0
1.75 0.5 0.75 0
1.75 1 0.75 0
2 0.25 0.75 0
1.75 0.25 1 0
1.5 0.25 0.75 0
1.75 0 0.75 0
2.25 0.3125 0.0625 0
2.4852430555555558 0.28819444444444442 0.28819444444444442 0
2.25 0.2578125 0.5078125 0
2.25 0.0625 0.3125 0
2.25 0.5078125 0.2578125 0
2.25 0.75 0 0
2.4921875 0.75 0.2578125 0
2.25 0.75 0.5 0
2.25 1 0.25 0
2.6875 0.75 0.0625 0
2.9375 0.75 0.3125 0
2.7421875 0.75 0.5078125 0
2.7118055555555558 0.51475694444444442 0.28819444444444442 0
2.71875 1 0.28125 0
2.6631944444444446 0.33680555555555558 0.11805555555555555 0
2.8819444444444446 0.33680555555555558 0.33680555555555558 0
2.7118055555555558 0.28819444444444442 0.51475694444444442 0
2.6631944444444446 0.11805555555555555 0.33680555555555558 0
2.4921875 0.2578125 0.75 0
2.25 0.25 1 0
2.25 0 0.75 0
2.25 0.5 0.75 0
2.5 0.75 0.75 0
2.25 0.75 1 0
2.25 1 0.75 0
3 0.75 0.75 0
2.75 0.75 1 0
2.7421875 0.5078125 0.75 0
2.75 1 0.75 0
2.9375 0.3125 0.75 0
2.71875 0.28125 1 0
2.6875 0.0625 0.75 0
1.75 1.25 0 0
2 1.25 0.25 0
1.75 1.25 0.5 0
1.5 1.25 0.25 0
1.75 1.5 0.25 0
2 1.25 0.75 0
1.75 1.25 1 0
1.5 1.25 0.75 0
1.75 1.5 0.75 0
2.25 1.25 0 0
2.4921875 1.25 0.2578125 0
2.25 1.25 0.5 0
2.25 1.5 0.25 0
2.6875 1.25 0.0625 0
2.9375 1.25 0.3125 0
2.7421875 1.25 0.5078125 0
2.71875 1.5 0.28125 0
2.5 1.25 0.75 0
2.25 1.25 1 0
2.25 1.5 0.75 0
3 1.25 0.75 0
2.75 1.25 1 0
2.75 1.5 0.75 0
1.75 0.5 1.25 0
1.75 0.25 1.5 0
1.75 0 1.25 0
2 0.25 1.25 0
1.5 0.25 1.25 0
1.75 1 1.25 0
1.75 0.75 1.5 0
2 0.75 1.25 0
1.5 0.75 1.25 0
1.75 1.5 1.25 0
1.75 1.25 1.5 0
2 1.25 1.25 0
1.5 1.25 1.25 0
2.7421875 0.5078125 1.25 0
2.71875 0.28125 1.5 0
2.6875 0.0625 1.25 0
2.9375 0.3125 1.25 0
2.4921875 0.2578125 1.25 0
2.25 0.5 1.25 0
2.25 0.25 1.5 0
2.25 0 1.25 0
2.25 1 1.25 0
2.25 0.75 1.5 0
2.5 0.75 1.25 0
2.75 1 1.25 0
2.75 0.75 1.5 0
3 0.75 1.25 0
2.75 1.5 1.25 0
2.75 1.25 1.5 0
3 1.25 1.25 0
2.5 1.25 1.25 0
2.25 1.5 1.25 0
2.25 1.25 1.5 0
1.5 0.75 0 0
1.75 1 0 0
2 0.75 0 0
1.75 0.515625 0.015625 0
2 1 0.25 0
2 0.75 0.5 0
2 0.5078125 0.2578125 0
1.75 0.501953125 0.501953125 0
1.75 1 0.5 0
1.5 0.75 0.5 0
1.5 1 0.25 0
1.5 0.5078125 0.2578125 0
1.5 0.3125 0.0625 0
2 0.3125 0.0625 0
1.75 0.15625 0.15625 0
2 0.2578125 0.5078125 0
2 0.0625 0.3125 0
1.75 0.015625 0.515625 0
1.5 0.2578125 0.5078125 0
1.5 0.0625 0.3125 0
2 1 0.75 0
2 0.75 1 0
2 0.5 0.75 0
1.75 0.5 1 0
1.75 1 1 0
1.5 0.75 1 0
1.5 1 0.75 0
1.5 0.5 0.75 0
2 0.25 1 0
2 0 0.75 0
1.75 0 1 0
1.5 0.25 1 0
1.5 0 0.75 0
2.25 0.515625 0.015625 0
2.4782986111111112 0.3185763888888889 0.076388888888888895 0
2.25 0.15625 0.15625 0
2.4904513888888888 0.50954861111111116 0.2654079861111111 0
2.4904513888888888 0.2654079861111111 0.50954861111111116 0
2.4782986111111112 0.076388888888888895 0.3185763888888889 0
2.25 0.015625 0.515625 0
2.25 0.501953125 0.501953125 0
2.25 1 0 0
2.484375 0.75 0.015625 0
2.4921875 1 0.2578125 0
2.498046875 0.75 0.501953125 0
2.25 1 0.5 0
2.6875 1 0.0625 0
2.84375 0.75 0.15625 0
2.6814236111111112 0.52170138888888884 0.076388888888888895 0
2.9375 1 0.3125 0
2.984375 0.75 0.515625 0
2.9236111111111112 0.52170138888888884 0.3185763888888889 0
2.7345920138888888 0.50954861111111116 0.50954861111111116 0
2.7421875 1 0.5078125 0
2.799479166666667 0.34895833333333337 0.20052083333333334 0
2.651041666666667 0.20052083333333334 0.20052083333333334 0
2.9236111111111112 0.3185763888888889 0.52170138888888884 0
2.799479166666667 0.20052083333333334 0.34895833333333337 0
2.6814236111111112 0.076388888888888895 0.52170138888888884 0
2.498046875 0.501953125 0.75 0
2.4921875 0.2578125 1 0
2.484375 0.015625 0.75 0
2.25 0 1 0
2.25 0.5 1 0
2.5 1 0.75 0
2.5 0.75 1 0
2.25 1 1 0
3 1 0.75 0
3 0.75 1 0
2.984375 0.515625 0.75 0
2.7421875 0.5078125 1 0
2.75 1 1 0
2.9375 0.3125 1 0
2.84375 0.15625 0.75 0
2.6875 0.0625 1 0
1.5 1.25 0 0
1.75 1.5 0 0
2 1.25 0 0
2 1.5 0.25 0
2 1.25 0.5 0
1.75 1.5 0.5 0
1.5 1.25 0.5 0
1.5 1.5 0.25 0
2 1.5 0.75 0
2 1.25 1 0
1.75 1.5 1 0
1.5 1.25 1 0
1.5 1.5 0.75 0
2.25 1.5 0 0
2.484375 1.25 0.015625 0
2.4921875 1.5 0.2578125 0
2.498046875 1.25 0.501953125 0
2.25 1.5 0.5 0
2.6875 1.5 0.0625 0
2.84375 1.25 0.15625 0
2.9375 1.5 0.3125 0
2.984375 1.25 0.515625 0
2.7421875 1.5 0.5078125 0
2.5 1.5 0.75 0
2.5 1.25 1 0
2.25 1.5 1 0
3 1.5 0.75 0
3 1.25 1 0
2.75 1.5 1 0
1.5 0.5 1.25 0
1.75 0.5 1.5 0
2 0.5 1.25 0
2 0.25 1.5 0
1.5 0.25 1.5 0
1.75 0 1.5 0
2 0 1.25 0
1.5 0 1.25 0
1.5 1 1.25 0
1.75 1 1.5 0
2 1 1.25 0
2 0.75 1.5 0
1.5 0.75 1.5 0
1.5 1.5 1.25 0
1.75 1.5 1.5 0
2 1.5 1.25 0
2 1.25 1.5 0
1.5 1.25 1.5 0
2.498046875 0.501953125 1.25 0
2.7421875 0.5078125 1.5 0
2.984375 0.515625 1.25 0
2.9375 0.3125 1.5 0
2.4921875 0.2578125 1.5 0
2.6875 0.0625 1.5 0
2.84375 0.15625 1.25 0
2.484375 0.015625 1.25 0
2.25 0.5 1.5 0
2.25 0 1.5 0
2.25 1 1.5 0
2.5 1 1.25 0
2.5 0.75 1.5 0
2.75 1 1.5 0
3 1 1.25 0
3 0.75 1.5 0
2.5 1.5 1.25 0
2.75 1.5 1.5 0
3 1.5 1.25 0
3 1.25 1.5 0
2.5 1.25 1.5 0
2.25 1.5 1.5 0
1.5 1 0 0
1.5 0.515625 0.015625 0
2 1 0 0
2 0.515625 0.015625 0
2 1 0.5 0
2 0.501953125 0.501953125 0
1.5 0.501953125 0.501953125 0
1.5 1 0.5 0
1.5 0.15625 0.15625 0
2 0.15625 0.15625 0
2 0.015625 0.515625 0
1.5 0.015625 0.515625 0
2 1 1 0
2 0.5 1 0
1.5 0.5 1 0
1.5 1 1 0
2 0 1 0
1.5 0 1 0
2.4828559027777777 0.51714409722222221 0.030815972222222224 0
2.475260416666667 0.16731770833333334 0.16731770833333334 0
2.4961480034722223 0.50385199652777779 0.50385199652777779 0
2.4828559027777777 0.030815972222222224 0.51714409722222221 0
2.484375 1 0.015625 0
2.498046875 1 0.501953125 0
2.84375 1 0.15625 0
2.832682291666667 0.52473958333333337 0.16731770833333334 0
2.984375 1 0.515625 0
2.9691840277777777 0.51714409722222221 0.51714409722222221 0
2.7546296296296298 0.24537037037037035 0.24537037037037035 0
2.832682291666667 0.16731770833333334 0.52473958333333337 0
2.498046875 0.501953125 1 0
2.484375 0.015625 1 0
2.5 1 1 0
3 1 1 0
2.984375 0.515625 1 0
2.84375 0.15625 1 0
1.5 1.5 0 0
2 1.5 0 0
2 1.5 0.5 0
1.5 1.5 0.5 0
2 1.5 1 0
1.5 1.5 1 0
2.484375 1.5 0.015625 0
2.498046875 1.5 0.501953125 0
2.84375 1.5 0.15625 0
2.984375 1.5 0.515625 0
2.5 1.5 1 0
3 1.5 1 0
1.5 0.5 1.5 0
2 0.5 1.5 0
2 0 1.5 0
1.5 0 1.5 0
1.5 1 1.5 0
2 1 1.5 0
1.5078125 1.484375 1.4765625 0
2 1.5 1.5 0
2.498046875 0.501953125 1.5 0
2.984375 0.515625 1.5 0
2.84375 0.15625 1.5 0
2.484375 0.015625 1.5 0
2.5 1 1.5 0
3 1 1.5 0
2.5 1.5 1.5 0
3 1.5 1.5 0
0.75 0.25 1.75 0
0.28125 0.28125 1.75 0
0.25 0.75 1.75 0
0.75 0.75 1.75 0
1.25 0.25 1.75 0
1.25 0.75 1.75 0
0.75 1.25 1.75 0
0.25 1.25 1.75 0
1.25 1.25 1.75 0
0.75 0.25 2.25 0
0.28125 0.28125 2.25 0
0.25 0.75 2.25 0
0.75 0.75 2.25 0
0.75 0.28125 2.71875 0
0.30902777777777779 0.30902777777777779 2.6909722222222228 0
0.28125 0.75 2.71875 0
0.75 0.75 2.75 0
0.75 1.25 2.25 0
0.25 1.25 2.25 0
0.75 1.25 2.75 0
0.28125 1.25 2.71875 0
1.25 0.25 2.25 0
1.25 0.75 2.25 0
1.25 0.28125 2.71875 0
1.25 0.75 2.75 0
1.25 1.25 2.25 0
1.25 1.25 2.75 0
0.75 0.25 1.5 0
0.75 0.5 1.75 0
0.75 0.25 2 0
0.75 0 1.75 0
1 0.25 1.75 0
0.5078125 0.2578125 1.75 0
0.28125 0.28125 1.5 0
0.2578125 0.5078125 1.75 0
0.28125 0.28125 2 0
0.3125 0.0625 1.75 0
0.0625 0.3125 1.75 0
0.25 0.75 1.5 0
0.25 1 1.75 0
0.25 0.75 2 0
0.5 0.75 1.75 0
0 0.75 1.75 0
0.75 0.75 1.5 0
0.75 1 1.75 0
0.75 0.75 2 0
1 0.75 1.75 0
1.25 0.25 1.5 0
1.25 0.5 1.75 0
1.25 0.25 2 0
1.25 0 1.75 0
1.5 0.25 1.75 0
1.25 0.75 1.5 0
1.25 1 1.75 0
1.25 0.75 2 0
1.5 0.75 1.75 0
0.75 1.25 1.5 0
0.75 1.5 1.75 0
0.75 1.25 2 0
1 1.25 1.75 0
0.5 1.25 1.75 0
0.25 1.25 1.5 0
0.25 1.5 1.75 0
0.25 1.25 2 0
0 1.25 1.75 0
1.25 1.25 1.5 0
1.25 1.5 1.75 0
1.25 1.25 2 0
1.5 1.25 1.75 0
0.75 0.5 2.25 0
0.75 0.2578125 2.4921875 0
0.75 0 2.25 0
1 0.25 2.25 0
0.5078125 0.2578125 2.25 0
0.2578125 0.5078125 2.25 0
0.28819444444444442 0.28819444444444442 2.4852430555555558 0
0.3125 0.0625 2.25 0
0.0625 0.3125 2.25 0
0.25 1 2.25 0
0.2578125 0.75 2.4921875 0
0.5 0.75 2.25 0
0 0.75 2.25 0
0.75 1 2.25 0
0.75 0.75 2.5 0
1 0.75 2.25 0
0.75 0.5078125 2.7421875 0
0.75 0.3125 2.9375 0
0.75 0.0625 2.6875 0
1 0.28125 2.71875 0
0.51475694444444442 0.28819444444444442 2.7118055555555558 0
0.28819444444444442 0.51475694444444442 2.7118055555555558 0
0.33680555555555558 0.33680555555555558 2.8819444444444446 0
0.33680555555555558 0.11805555555555555 2.6631944444444446 0
0.11805555555555555 0.33680555555555558 2.6631944444444446 0
0.28125 1 2.71875 0
0.3125 0.75 2.9375 0
0.5078125 0.75 2.7421875 0
0.0625 0.75 2.6875 0
0.75 1 2.75 0
0.75 0.75 3 0
1 0.75 2.75 0
0.75 1.5 2.25 0
0.75 1.25 2.5 0
1 1.25 2.25 0
0.5 1.25 2.25 0
0.25 1.5 2.25 0
0.2578125 1.25 2.4921875 0
0 1.25 2.25 0
0.75 1.5 2.75 0
0.75 1.25 3 0
1 1.25 2.75 0
0.5078125 1.25 2.7421875 0
0.28125 1.5 2.71875 0
0.3125 1.25 2.9375 0
0.0625 1.25 2.6875 0
1.25 0.5 2.25 0
1.25 0.2578125 2.4921875 0
1.25 0 2.25 0
1.5 0.25 2.25 0
1.25 1 2.25 0
1.25 0.75 2.5 0
1.5 0.75 2.25 0
1.25 0.5078125 2.7421875 0
1.25 0.3125 2.9375 0
1.25 0.0625 2.6875 0
1.5 0.28125 2.71875 0
1.25 1 2.75 0
1.25 0.75 3 0
1.5 0.75 2.75 0
1.25 1.5 2.25 0
1.25 1.25 2.5 0
1.5 1.25 2.25 0
1.25 1.5 2.75 0
1.25 1.25 3 0
1.5 1.25 2.75 0
1 0.25 1.5 0
0.75 0.5 1.5 0
0.5078125 0.2578125 1.5 0
0.75 0 1.5 0
0.501953125 0.501953125 1.75 0
0.75 0.5 2 0
1 0.5 1.75 0
1 0.25 2 0
0.5078125 0.2578125 2 0
0.75 0 2 0
1 0 1.75 0
0.515625 0.015625 1.75 0
0.2578125 0.5078125 1.5 0
0.0625 0.3125 1.5 0
0.3125 0.0625 1.5 0
0.015625 0.515625 1.75 0
0.2578125 0.5078125 2 0
0.0625 0.3125 2 0
0.3125 0.0625 2 0
0.15625 0.15625 1.75 0
0.5 0.75 1.5 0
0.25 1 1.5 0
0 0.75 1.5 0
0 1 1.75 0
0.25 1 2 0
0.5 1 1.75 0
0.5 0.75 2 0
0 0.75 2 0
1 0.75 1.5 0
0.75 1 1.5 0
0.75 1 2 0
1 1 1.75 0
1 0.75 2 0
1.5 0.25 1.5 0
1.25 0.5 1.5 0
1.25 0 1.5 0
1.25 0.5 2 0
1.5 0.5 1.75 0
1.5 0.25 2 0
1.25 0 2 0
1.5 0 1.75 0
1.5 0.75 1.5 0
1.25 1 1.5 0
1.25 1 2 0
1.5 1 1.75 0
1.5 0.75 2 0
1 1.25 1.5 0
0.75 1.5 1.5 0
0.5 1.25 1.5 0
0.5 1.5 1.75 0
0.75 1.5 2 0
1 1.5 1.75 0
1 1.25 2 0
0.5 1.25 2 0
0.25 1.5 1.5 0
0 1.25 1.5 0
0 1.5 1.75 0
0.25 1.5 2 0
0 1.25 2 0
1.5 1.25 1.5 0
1.25 1.5 1.5 0
1.25 1.5 2 0
1.5 1.5 1.75 0
1.5 1.25 2 0
0.501953125 0.501953125 2.25 0
0.75 0.501953125 2.498046875 0
1 0.5 2.25 0
1 0.2578125 2.4921875 0
0.50954861111111116 0.2654079861111111 2.4904513888888888 0
0.75 0.015625 2.484375 0
1 0 2.25 0
0.515625 0.015625 2.25 0
0.015625 0.515625 2.25 0
0.2654079861111111 0.50954861111111116 2.4904513888888888 0
0.076388888888888895 0.3185763888888889 2.4782986111111112 0
0.3185763888888889 0.076388888888888895 2.4782986111111112 0
0.15625 0.15625 2.25 0
0 1 2.25 0
0.2578125 1 2.4921875 0
0.5 1 2.25 0
0.501953125 0.75 2.498046875 0
0.015625 0.75 2.484375 0
0.75 1 2.5 0
1 1 2.25 0
1 0.75 2.5 0
0.50954861111111116 0.50954861111111116 2.7345920138888888 0
0.75 0.515625 2.984375 0
1 0.5078125 2.7421875 0
1 0.3125 2.9375 0
0.52170138888888884 0.3185763888888889 2.9236111111111112 0
0.75 0.15625 2.84375 0
1 0.0625 2.6875 0
0.52170138888888884 0.076388888888888895 2.6814236111111112 0
0.076388888888888895 0.52170138888888884 2.6814236111111112 0
0.3185763888888889 0.52170138888888884 2.9236111111111112 0
0.20052083333333334 0.34895833333333337 2.799479166666667 0
0.34895833333333337 0.20052083333333334 2.799479166666667 0
0.20052083333333334 0.20052083333333334 2.651041666666667 0
0.0625 1 2.6875 0
0.3125 1 2.9375 0
0.5078125 1 2.7421875 0
0.515625 0.75 2.984375 0
0.15625 0.75 2.84375 0
0.75 1 3 0
1 1 2.75 0
1 0.75 3 0
0.5 1.5 2.25 0
0.75 1.5 2.5 0
1 1.5 2.25 0
1 1.25 2.5 0
0.501953125 1.25 2.498046875 0
0 1.5 2.25 0
0.2578125 1.5 2.4921875 0
0.015625 1.25 2.484375 0
0.5078125 1.5 2.7421875 0
0.75 1.5 3 0
1 1.5 2.75 0
1 1.25 3 0
0.515625 1.25 2.984375 0
0.0625 1.5 2.6875 0
0.3125 1.5 2.9375 0
0.15625 1.25 2.84375 0
1.25 0.501953125 2.498046875 0
1.5 0.5 2.25 0
1.5 0.2578125 2.4921875 0
1.25 0.015625 2.484375 0
1.5 0 2.25 0
1.25 1 2.5 0
1.5 1 2.25 0
1.5 0.75 2.5 0
1.25 0.515625 2.984375 0
1.5 0.5078125 2.7421875 0
1.5 0.3125 2.9375 0
1.25 0.15625 2.84375 0
1.5 0.0625 2.6875 0
1.25 1 3 0
1.5 1 2.75 0
1.5 0.75 3 0
1.25 1.5 2.5 0
1.5 1.5 2.25 0
1.5 1.25 2.5 0
1.25 1.5 3 0
1.5 1.5 2.75 0
1.5 1.25 3 0
1 0 1.5 0
1 0.5 1.5 0
0.501953125 0.501953125 1.5 0
0.515625 0.015625 1.5 0
0.501953125 0.501953125 2 0
1 0.5 2 0
1 0 2 0
0.515625 0.015625 2 0
0.015625 0.515625 1.5 0
0.15625 0.15625 1.5 0
0.015625 0.515625 2 0
0.15625 0.15625 2 0
0.5 1 1.5 0
0 1 1.5 0
0 1 2 0
0.5 1 2 0
1 1 1.5 0
1 1 2 0
1.5 0.5 1.5 0
1.5 0 1.5 0
1.5 0.5 2 0
1.5 0 2 0
1.5 1 1.5 0
1.5 1 2 0
1 1.5 1.5 0
0.5 1.5 1.5 0
0.5 1.5 2 0
1 1.5 2 0
0 1.5 1.5 0
0 1.5 2 0
1.484375 1.4765625 1.5078125 0
1.5 1.5 2 0
0.50385199652777779 0.50385199652777779 2.4961480034722223 0
1 0.501953125 2.498046875 0
1 0.015625 2.484375 0
0.51714409722222221 0.030815972222222224 2.4828559027777777 0
0.030815972222222224 0.51714409722222221 2.4828559027777777 0
0.16731770833333334 0.16731770833333334 2.475260416666667 0
0.015625 1 2.484375 0
0.501953125 1 2.498046875 0
1 1 2.5 0
0.51714409722222221 0.51714409722222221 2.9691840277777777 0
1 0.515625 2.984375 0
1 0.15625 2.84375 0
0.52473958333333337 0.16731770833333334 2.832682291666667 0
0.16731770833333334 0.52473958333333337 2.832682291666667 0
0.24537037037037035 0.24537037037037035 2.7546296296296298 0
0.15625 1 2.84375 0
0.515625 1 2.984375 0
1 1 3 0
0.501953125 1.5 2.498046875 0
1 1.5 2.5 0
0.015625 1.5 2.484375 0
0.515625 1.5 2.984375 0
1 1.5 3 0
0.15625 1.5 2.84375 0
1.5 0.501953125 2.498046875 0
1.5 0.015625 2.484375 0
1.5 1 2.5 0
1.5 0.515625 2.984375 0
1.5 0.15625 2.84375 0
1.5 1 3 0
1.5 1.5 2.5 0
1.5 1.5 3 0
Hexahedra
1728
280 139 28 136 146 32 1 31 0
136 28 137 281 31 1 33 147 0
28 138 282 137 1 29 140 33 0
139 283 138 28 32 142 29 1 0
146 32 1 31 286 143 30 145 0
31 1 33 147 145 30 144 287 0
1 29 140 33 30 141 284 144 0
32 142 29 1 143 285 141 30 0
281 137 34 148 147 33 2 37 0
148 34 149 288 37 2 38 155 0
34 150 289 149 2 35 151 38 0
137 282 150 34 33 140 35 2 0
147 33 2 37 287 144 36 154 0
37 2 38 155 154 36 153 291 0
2 35 151 38 36 152 290 153 0
33 140 35 2 144 284 152 36 0
282 158 39 150 140 42 3 35 0
150 39 156 289 35 3 43 151 0
39 157 292 156 3 40 159 43 0
158 293 157 39 42 161 40 3 0
140 42 3 35 284 162 41 152 0
35 3 43 151 152 41 163 290 0
3 40 159 43 41 160 294 163 0
42 161 40 3 162 295 160 41 0
283 165 44 138 142 47 4 29 0
138 44 158 282 29 4 42 140 0
44 164 293 158 4 45 161 42 0
165 296 164 44 47 167 45 4 0
142 47 4 29 285 168 46 141 0
29 4 42 140 141 46 162 284 0
4 45 161 42 46 166 295 162 0
47 167 45 4 168 297 166 46 0
143 285 141 30 51 171 48 5 0
286 143 30 145 175 51 5 50 0
145 30 144 287 50 5 52 176 0
30 141 284 144 5 48 169 52 0
171 48 5 51 299 170 49 172 0
51 5 50 175 172 49 174 300 0
5 52 176 50 49 173 301 174 0
48 169 52 5 170 298 173 49 0
144 284 152 36 52 169 53 6 0
287 144 36 154 176 52 6 55 0
154 36 153 291 55 6 56 181 0
36 152 290 153 6 53 177 56 0
169 53 6 52 298 178 54 173 0
52 6 55 176 173 54 180 301 0
6 56 181 55 54 179 303 180 0
53 177 56 6 178 302 179 54 0
162 295 160 41 59 184 57 7 0
284 162 41 152 169 59 7 53 0
152 41 163 290 53 7 60 177 0
41 160 294 163 7 57 182 60 0
184 57 7 59 305 183 58 185 0
59 7 53 169 185 58 178 298 0
7 60 177 53 58 186 302 178 0
57 182 60 7 183 304 186 58 0
168 297 166 46 63 188 61 8 0
285 168 46 141 171 63 8 48 0
141 46 162 284 48 8 59 169 0
46 166 295 162 8 61 184 59 0
188 61 8 63 306 187 62 189 0
63 8 48 171 189 62 170 299 0
8 59 169 48 62 185 298 170 0
61 184 59 8 187 305 185 62 0
296 192 64 164 167 67 9 45 0
164 64 190 293 45 9 68 161 0
64 191 307 190 9 65 193 68 0
192 308 191 64 67 195 65 9 0
167 67 9 45 297 196 66 166 0
45 9 68 161 166 66 197 295 0
9 65 193 68 66 194 309 197 0
67 195 65 9 196 310 194 66 0
293 190 69 157 161 68 10 40 0
157 69 198 292 40 10 72 159 0
69 199 311 198 10 70 200 72 0
190 307 199 69 68 193 70 10 0
161 68 10 40 295 197 71 160 0
40 10 72 159 160 71 202 294 0
10 70 200 72 71 201 312 202 0
68 193 70 10 197 309 201 71 0
196 310 194 66 75 205 73 11 0
297 196 66 166 188 75 11 61 0
166 66 197 295 61 11 76 184 0
66 194 309 197 11 73 203 76 0
205 73 11 75 314 204 74 206 0
75 11 61 188 206 74 187 306 0
11 76 184 61 74 207 305 187 0
73 203 76 11 204 313 207 74 0
197 309 201 71 76 203 77 12 0
295 197 71 160 184 76 12 57 0
160 71 202 294 57 12 79 182 0
71 201 312 202 12 77 208 79 0
203 77 12 76 313 209 78 207 0
76 12 57 184 207 78 183 305 0
12 79 182 57 78 210 304 183 0
77 208 79 12 209 315 210 78 0
288 149 80 211 155 38 13 83 0
211 80 212 316 83 13 84 218 0
80 213 317 212 13 81 214 84 0
149 289 213 80 38 151 81 13 0
155 38 13 83 291 153 82 217 0
83 13 84 218 217 82 216 319 0
13 81 214 84 82 215 318 216 0
38 151 81 13 153 290 215 82 0
289 156 85 213 151 43 14 81 0
213 85 219 317 81 14 88 214 0
85 220 320 219 14 86 221 88 0
156 292 220 85 43 159 86 14 0
151 43 14 81 290 163 87 215 0
81 14 88 214 215 87 223 318 0
14 86 221 88 87 222 321 223 0
43 159 86 14 163 294 222 87 0
153 290 215 82 56 177 89 15 0
291 153 82 217 181 56 15 91 0
217 82 216 319 91 15 92 228 0
82 215 318 216 15 89 224 92 0
177 89 15 56 302 225 90 179 0
56 15 91 181 179 90 227 303 0
15 92 228 91 90 226 323 227 0
89 224 92 15 225 322 226 90 0
163 294 222 87 60 182 93 16 0
290 163 87 215 177 60 16 89 0
215 87 223 318 89 16 95 224 0
87 222 321 223 16 93 229 95 0
182 93 16 60 304 230 94 186 0
60 16 89 177 186 94 225 302 0
16 95 224 89 94 231 322 225 0
93 229 95 16 230 324 231 94 0
292 198 96 220 159 72 17 86 0
220 96 232 320 86 17 99 221 0
96 233 325 232 17 97 234 99 0
198 311 233 96 72 200 97 17 0
159 72 17 86 294 202 98 222 0
86 17 99 221 222 98 236 321 0
17 97 234 99 98 235 326 236 0
72 200 97 17 202 312 235 98 0
202 312 235 98 79 208 100 18 0
294 202 98 222 182 79 18 93 0
222 98 236 321 93 18 102 229 0
98 235 326 236 18 100 237 102 0
208 100 18 79 315 238 101 210 0
79 18 93 182 210 101 230 304 0
18 102 229 93 101 239 324 230 0
100 237 102 18 238 327 239 101 0
306 187 62 189 246 106 19 105 0
189 62 170 299 105 19 107 247 0
62 185 298 170 19 103 240 107 0
187 305 185 62 106 242 103 19 0
246 106 19 105 330 243 104 245 0
105 19 107 247 245 104 244 331 0
19 103 240 107 104 241 328 244 0
106 242 103 19 243 329 241 104 0
299 170 49 172 247 107 20 110 0
172 49 174 300 110 20 111 252 0
49 173 301 174 20 108 248 111 0
170 298 173 49 107 240 108 20 0
247 107 20 110 331 244 109 251 0
110 20 111 252 251 109 250 333 0
20 108 248 111 109 249 332 250 0
107 240 108 20 244 328 249 109 0
298 178 54 173 240 114 21 108 0
173 54 180 301 108 21 115 248 0
54 179 303 180 21 112 253 115 0
178 302 179 54 114 255 112 21 0
240 114 21 108 328 256 113 249 0
108 21 115 248 249 113 257 332 0
21 112 253 115 113 254 334 257 0
114 255 112 21 256 335 254 113 0
305 183 58 185 242 118 22 103 0
185 58 178 298 103 22 114 240 0
58 186 302 178 22 116 255 114 0
183 304 186 58 118 259 116 22 0
242 118 22 103 329 260 117 241 0
103 22 114 240 241 117 256 328 0
22 116 255 114 117 258 335 256 0
118 259 116 22 260 336 258 117 0
314 204 74 206 265 122 23 121 0
206 74 187 306 121 23 106 246 0
74 207 305 187 23 119 242 106 0
204 313 207 74 122 262 119 23 0
265 122 23 121 338 263 120 264 0
121 23 106 246 264 120 243 330 0
23 119 242 106 120 261 329 243 0
122 262 119 23 263 337 261 120 0
313 209 78 207 262 125 24 119 0
207 78 183 305 119 24 118 242 0
78 210 304 183 24 123 259 118 0
209 315 210 78 125 267 123 24 0
262 125 24 119 337 268 124 261 0
119 24 118 242 261 124 260 329 0
24 123 259 118 124 266 336 260 0
125 267 123 24 268 339 266 124 0
304 230 94 186 259 128 25 116 0
186 94 225 302 116 25 129 255 0
94 231 322 225 25 126 269 129 0
230 324 231 94 128 271 126 25 0
259 128 25 116 336 272 127 258 0
116 25 129 255 258 127 273 335 0
25 126 269 129 127 270 340 273 0
128 271 126 25 272 341 270 127 0
302 225 90 179 255 129 26 112 0
179 90 227 303 112 26 132 253 0
90 226 323 227 26 130 274 132 0
225 322 226 90 129 269 130 26 0
255 129 26 112 335 273 131 254 0
112 26 132 253 254 131 276 334 0
26 130 274 132 131 275 342 276 0
129 269 130 26 273 340 275 131 0
315 238 101 210 267 135 27 123 0
210 101 230 304 123 27 128 259 0
101 239 324 230 27 133 271 128 0
238 327 239 101 135 278 133 27 0
267 135 27 123 339 279 134 266 0
123 27 128 259 266 134 272 336 0
27 133 271 128 134 277 341 272 0
135 278 133 27 279 343 277 134 0
624 480 371 479 485 372 344 375 0
479 371 482 623 375 344 374 490 0
371 481 626 482 344 376 489 374 0
480 625 481 371 372 483 376 344 0
485 372 344 375 628 484 373 486 0
375 344 374 490 486 373 488 629 0
344 376 489 374 373 487 630 488 0
372 483 376 344 484 627 487 373 0
631 492 377 491 496 378 345 380 0
491 377 480 624 380 345 372 485 0
377 493 625 480 345 381 483 372 0
492 632 493 377 378 494 381 345 0
496 378 345 380 634 495 379 497 0
380 345 372 485 497 379 484 628 0
345 381 483 372 379 498 627 484 0
378 494 381 345 495 633 498 379 0
635 500 382 499 504 383 346 385 0
499 382 492 631 385 346 378 496 0
382 501 632 492 346 386 494 378 0
500 636 501 382 383 502 386 346 0
504 383 346 385 638 503 384 505 0
385 346 378 496 505 384 495 634 0
346 386 494 378 384 506 633 495 0
383 502 386 346 503 637 506 384 0
640 508 387 507 511 388 347 391 0
507 387 509 639 391 347 390 514 0
387 479 623 509 347 375 490 390 0
508 624 479 387 388 485 375 347 0
511 388 347 391 641 510 389 512 0
391 347 390 514 512 389 513 642 0
347 375 490 390 389 486 629 513 0
388 485 375 347 510 628 486 389 0
644 516 392 515 519 393 348 396 0
515 392 517 643 396 348 395 522 0
392 507 639 517 348 391 514 395 0
516 640 507 392 393 511 391 348 0
519 393 348 396 645 518 394 520 0
396 348 395 522 520 394 521 646 0
348 391 514 395 394 512 642 521 0
393 511 391 348 518 641 512 394 0
647 524 397 523 528 398 349 400 0
523 397 516 644 400 349 393 519 0
397 525 640 516 349 401 511 393 0
524 648 525 397 398 526 401 349 0
528 398 349 400 650 527 399 529 0
400 349 393 519 529 399 518 645 0
349 401 511 393 399 530 641 518 0
398 526 401 349 527 649 530 399 0
648 531 402 525 526 403 350 401 0
525 402 508 640 401 350 388 511 0
402 491 624 508 350 380 485 388 0
531 631 491 402 403 496 380 350 0
526 403 350 401 649 532 404 530 0
401 350 388 511 530 404 510 641 0
350 380 485 388 404 497 628 510 0
403 496 380 350 532 634 497 404 0
651 534 405 533 536 406 351 408 0
533 405 531 648 408 351 403 526 0
405 499 631 531 351 385 496 403 0
534 635 499 405 406 504 385 351 0
536 406 351 408 652 535 407 537 0
408 351 403 526 537 407 532 649 0
351 385 496 403 407 505 634 532 0
406 504 385 351 535 638 505 407 0
653 539 409 538 541 410 352 412 0
538 409 524 647 412 352 398 528 0
409 533 648 524 352 408 526 398 0
539 651 533 409 410 536 408 352 0
541 410 352 412 654 540 411 542 0
412 352 398 528 542 411 527 650 0
352 408 526 398 411 537 649 527 0
410 536 408 352 540 652 537 411 0
628 484 373 486 545 413 353 416 0
486 373 488 629 416 353 415 550 0
373 487 630 488 353 417 549 415 0
484 627 487 373 413 543 417 353 0
545 413 353 416 656 544 414 546 0
416 353 415 550 546 414 548 657 0
353 417 549 415 414 547 658 548 0
413 543 417 353 544 655 547 414 0
656 544 414 546 553 418 354 421 0
546 414 548 657 421 354 420 558 0
414 547 658 548 354 422 557 420 0
544 655 547 414 418 551 422 354 0
553 418 354 421 660 552 419 554 0
421 354 420 558 554 419 556 661 0
354 422 557 420 419 555 662 556 0
418 551 422 354 552 659 555 419 0
641 510 389 512 560 423 355 426 0
512 389 513 642 426 355 425 563 0
389 486 629 513 355 416 550 425 0
510 628 486 389 423 545 416 355 0
560 423 355 426 663 559 424 561 0
426 355 425 563 561 424 562 664 0
355 416 550 425 424 546 657 562 0
423 545 416 355 559 656 546 424 0
645 518 394 520 565 427 356 430 0
520 394 521 646 430 356 429 568 0
394 512 642 521 356 426 563 429 0
518 641 512 394 427 560 426 356 0
565 427 356 430 665 564 428 566 0
430 356 429 568 566 428 567 666 0
356 426 563 429 428 561 664 567 0
427 560 426 356 564 663 561 428 0
663 559 424 561 570 431 357 434 0
561 424 562 664 434 357 433 573 0
424 546 657 562 357 421 558 433 0
559 656 546 424 431 553 421 357 0
570 431 357 434 667 569 432 571 0
434 357 433 573 571 432 572 668 0
357 421 558 433 432 554 661 572 0
431 553 421 357 569 660 554 432 0
665 564 428 566 575 435 358 438 0
566 428 567 666 438 358 437 578 0
428 561 664 567 358 434 573 437 0
564 663 561 428 435 570 434 358 0
575 435 358 438 669 574 436 576 0
438 358 437 578 576 436 577 670 0
358 434 573 437 436 571 668 577 0
435 570 434 358 574 667 571 436 0
634 495 379 497 581 439 359 441 0
497 379 484 628 441 359 413 545 0
379 498 627 484 359 442 543 413 0
495 633 498 379 439 579 442 359 0
581 439 359 441 672 580 440 582 0
441 359 413 545 582 440 544 656 0
359 442 543 413 440 583 655 544 0
439 579 442 359 580 671 583 440 0
638 503 384 505 586 443 360 445 0
505 384 495 634 445 360 439 581 0
384 506 633 495 360 446 579 439 0
503 637 506 384 443 584 446 360 0
586 443 360 445 674 585 444 587 0
445 360 439 581 587 444 580 672 0
360 446 579 439 444 588 671 580 0
443 584 446 360 585 673 588 444 0
672 580 440 582 591 447 361 449 0
582 440 544 656 449 361 418 553 0
440 583 655 544 361 450 551 418 0
580 671 583 440 447 589 450 361 0
591 447 361 449 676 590 448 592 0
449 361 418 553 592 448 552 660 0
361 450 551 418 448 593 659 552 0
447 589 450 361 590 675 593 448 0
674 585 444 587 596 451 362 453 0
587 444 580 672 453 362 447 591 0
444 588 671 580 362 454 589 447 0
585 673 588 444 451 594 454 362 0
596 451 362 453 678 595 452 597 0
453 362 447 591 597 452 590 676 0
362 454 589 447 452 598 675 590 0
451 594 454 362 595 677 598 452 0
650 527 399 529 601 455 363 457 0
529 399 518 645 457 363 427 565 0
399 530 641 518 363 458 560 427 0
527 649 530 399 455 599 458 363 0
601 455 363 457 680 600 456 602 0
457 363 427 565 602 456 564 665 0
363 458 560 427 456 603 663 564 0
455 599 458 363 600 679 603 456 0
649 532 404 530 599 459 364 458 0
530 404 510 641 458 364 423 560 0
404 497 628 510 364 441 545 423 0
532 634 497 404 459 581 441 364 0
599 459 364 458 679 604 460 603 0
458 364 423 560 603 460 559 663 0
364 441 545 423 460 582 656 559 0
459 581 441 364 604 672 582 460 0
652 535 407 537 606 461 365 463 0
537 407 532 649 463 365 459 599 0
407 505 634 532 365 445 581 459 0
535 638 505 407 461 586 445 365 0
606 461 365 463 681 605 462 607 0
463 365 459 599 607 462 604 679 0
365 445 581 459 462 587 672 604 0
461 586 445 365 605 674 587 462 0
654 540 411 542 609 464 366 466 0
542 411 527 650 466 366 455 601 0
411 537 649 527 366 463 599 455 0
540 652 537 411 464 606 463 366 0
609 464 366 466 682 608 465 610 0
466 366 455 601 610 465 600 680 0
366 463 599 455 465 607 679 600 0
464 606 463 366 608 681 607 465 0
680 600 456 602 613 467 367 469 0
602 456 564 665 469 367 435 575 0
456 603 663 564 367 470 570 435 0
600 679 603 456 467 611 470 367 0
613 467 367 469 684 612 468 614 0
469 367 435 575 614 468 574 669 0
367 470 570 435 468 615 667 574 0
467 611 470 367 612 683 615 468 0
679 604 460 603 611 471 368 470 0
603 460 559 663 470 368 431 570 0
460 582 656 559 368 449 553 431 0
604 672 582 460 471 591 449 368 0
611 471 368 470 683 616 472 615 0
470 368 431 570 615 472 569 667 0
368 449 553 431 472 592 660 569 0
471 591 449 368 616 676 592 472 0
681 605 462 607 618 473 369 475 0
607 462 604 679 475 369 471 611 0
462 587 672 604 369 453 591 471 0
605 674 587 462 473 596 453 369 0
618 473 369 475 685 617 474 619 0
475 369 471 611 619 474 616 683 0
369 453 591 471 474 597 676 616 0
473 596 453 369 617 678 597 474 0
682 608 465 610 621 476 370 478 0
610 465 600 680 478 370 467 613 0
465 607 679 600 370 475 611 467 0
608 681 607 465 476 618 475 370 0
621 476 370 478 686 620 477 622 0
478 370 467 613 622 477 612 684 0
370 475 611 467 477 619 683 612 0
476 618 475 370 620 685 619 477 0
967 823 714 822 828 715 687 718 0
822 714 825 966 718 687 717 832 0
714 824 969 825 687 719 833 717 0
823 968 824 714 715 826 719 687 0
828 715 687 718 971 827 716 829 0
718 687 717 832 829 716 831 972 0
687 719 833 717 716 830 973 831 0
715 826 719 687 827 970 830 716 0
974 835 720 834 839 721 688 723 0
834 720 823 967 723 688 715 828 0
720 836 968 823 688 724 826 715 0
835 975 836 720 721 837 724 688 0
839 721 688 723 977 838 722 840 0
723 688 715 828 840 722 827 971 0
688 724 826 715 722 841 970 827 0
721 837 724 688 838 976 841 722 0
978 843 725 842 847 726 689 728 0
842 725 835 974 728 689 721 839 0
725 844 975 835 689 729 837 721 0
843 979 844 725 726 845 729 689 0
847 726 689 728 981 846 727 848 0
728 689 721 839 848 727 838 977 0
689 729 837 721 727 849 976 838 0
726 845 729 689 846 980 849 727 0
983 851 730 850 856 731 690 734 0
850 730 853 982 734 690 733 860 0
730 852 985 853 690 735 861 733 0
851 984 852 730 731 854 735 690 0
856 731 690 734 987 855 732 857 0
734 690 733 860 857 732 859 988 0
690 735 861 733 732 858 989 859 0
731 854 735 690 855 986 858 732 0
984 862 736 852 854 737 691 735 0
852 736 863 985 735 691 739 861 0
736 822 966 863 691 718 832 739 0
862 967 822 736 737 828 718 691 0
854 737 691 735 986 864 738 858 0
735 691 739 861 858 738 865 989 0
691 718 832 739 738 829 972 865 0
737 828 718 691 864 971 829 738 0
990 867 740 866 869 741 692 743 0
866 740 862 984 743 692 737 854 0
740 834 967 862 692 723 828 737 0
867 974 834 740 741 839 723 692 0
869 741 692 743 991 868 742 870 0
743 692 737 854 870 742 864 986 0
692 723 828 737 742 840 971 864 0
741 839 723 692 868 977 840 742 0
992 872 744 871 874 745 693 747 0
871 744 851 983 747 693 731 856 0
744 866 984 851 693 743 854 731 0
872 990 866 744 745 869 743 693 0
874 745 693 747 993 873 746 875 0
747 693 731 856 875 746 855 987 0
693 743 854 731 746 870 986 855 0
745 869 743 693 873 991 870 746 0
994 877 748 876 881 749 694 751 0
876 748 872 992 751 694 745 874 0
748 878 990 872 694 752 869 745 0
877 995 878 748 749 879 752 694 0
881 749 694 751 997 880 750 882 0
751 694 745 874 882 750 873 993 0
694 752 869 745 750 883 991 873 0
749 879 752 694 880 996 883 750 0
995 884 753 878 879 754 695 752 0
878 753 867 990 752 695 741 869 0
753 842 974 867 695 728 839 741 0
884 978 842 753 754 847 728 695 0
879 754 695 752 996 885 755 883 0
752 695 741 869 883 755 868 991 0
695 728 839 741 755 848 977 868 0
754 847 728 695 885 981 848 755 0
971 827 716 829 888 756 696 759 0
829 716 831 972 759 696 758 892 0
716 830 973 831 696 760 893 758 0
827 970 830 716 756 886 760 696 0
888 756 696 759 999 887 757 889 0
759 696 758 892 889 757 891 1000 0
696 760 893 758 757 890 1001 891 0
756 886 760 696 887 998 890 757 0
977 838 722 840 896 761 697 763 0
840 722 827 971 763 697 756 888 0
722 841 970 827 697 764 886 756 0
838 976 841 722 761 894 764 697 0
896 761 697 763 1003 895 762 897 0
763 697 756 888 897 762 887 999 0
697 764 886 756 762 898 998 887 0
761 894 764 697 895 1002 898 762 0
999 887 757 889 901 765 698 768 0
889 757 891 1000 768 698 767 905 0
757 890 1001 891 698 769 906 767 0
887 998 890 757 765 899 769 698 0
901 765 698 768 1005 900 766 902 0
768 698 767 905 902 766 904 1006 0
698 769 906 767 766 903 1007 904 0
765 899 769 698 900 1004 903 766 0
1003 895 762 897 909 770 699 772 0
897 762 887 999 772 699 765 901 0
762 898 998 887 699 773 899 765 0
895 1002 898 762 770 907 773 699 0
909 770 699 772 1009 908 771 910 0
772 699 765 901 910 771 900 1005 0
699 773 899 765 771 911 1004 900 0
770 907 773 699 908 1008 911 771 0
987 855 732 857 914 774 700 777 0
857 732 859 988 777 700 776 918 0
732 858 989 859 700 778 919 776 0
855 986 858 732 774 912 778 700 0
914 774 700 777 1011 913 775 915 0
777 700 776 918 915 775 917 1012 0
700 778 919 776 775 916 1013 917 0
774 912 778 700 913 1010 916 775 0
986 864 738 858 912 779 701 778 0
858 738 865 989 778 701 781 919 0
738 829 972 865 701 759 892 781 0
864 971 829 738 779 888 759 701 0
912 779 701 778 1010 920 780 916 0
778 701 781 919 916 780 921 1013 0
701 759 892 781 780 889 1000 921 0
779 888 759 701 920 999 889 780 0
991 868 742 870 923 782 702 784 0
870 742 864 986 784 702 779 912 0
742 840 971 864 702 763 888 779 0
868 977 840 742 782 896 763 702 0
923 782 702 784 1014 922 783 924 0
784 702 779 912 924 783 920 1010 0
702 763 888 779 783 897 999 920 0
782 896 763 702 922 1003 897 783 0
993 873 746 875 926 785 703 787 0
875 746 855 987 787 703 774 914 0
746 870 986 855 703 784 912 774 0
873 991 870 746 785 923 784 703 0
926 785 703 787 1015 925 786 927 0
787 703 774 914 927 786 913 1011 0
703 784 912 774 786 924 1010 913 0
785 923 784 703 925 1014 924 786 0
1011 913 775 915 930 788 704 791 0
915 775 917 1012 791 704 790 934 0
775 916 1013 917 704 792 935 790 0
913 1010 916 775 788 928 792 704 0
930 788 704 791 1017 929 789 931 0
791 704 790 934 931 789 933 1018 0
704 792 935 790 789 932 1019 933 0
788 928 792 704 929 1016 932 789 0
1010 920 780 916 928 793 705 792 0
916 780 921 1013 792 705 795 935 0
780 889 1000 921 705 768 905 795 0
920 999 889 780 793 901 768 705 0
928 793 705 792 1016 936 794 932 0
792 705 795 935 932 794 937 1019 0
705 768 905 795 794 902 1006 937 0
793 901 768 705 936 1005 902 794 0
1014 922 783 924 939 796 706 798 0
924 783 920 1010 798 706 793 928 0
783 897 999 920 706 772 901 793 0
922 1003 897 783 796 909 772 706 0
939 796 706 798 1020 938 797 940 0
798 706 793 928 940 797 936 1016 0
706 772 901 793 797 910 1005 936 0
796 909 772 706 938 1009 910 797 0
1015 925 786 927 942 799 707 801 0
927 786 913 1011 801 707 788 930 0
786 924 1010 913 707 798 928 788 0
925 1014 924 786 799 939 798 707 0
942 799 707 801 1021 941 800 943 0
801 707 788 930 943 800 929 1017 0
707 798 928 788 800 940 1016 929 0
799 939 798 707 941 1020 940 800 0
981 846 727 848 946 802 708 804 0
848 727 838 977 804 708 761 896 0
727 849 976 838 708 805 894 761 0
846 980 849 727 802 944 805 708 0
946 802 708 804 1023 945 803 947 0
804 708 761 896 947 803 895 1003 0
708 805 894 761 803 948 1002 895 0
802 944 805 708 945 1022 948 803 0
1023 945 803 947 951 806 709 808 0
947 803 895 1003 808 709 770 909 0
803 948 1002 895 709 809 907 770 0
945 1022 948 803 806 949 809 709 0
951 806 709 808 1025 950 807 952 0
808 709 770 909 952 807 908 1009 0
709 809 907 770 807 953 1008 908 0
806 949 809 709 950 1024 953 807 0
997 880 750 882 956 810 710 812 0
882 750 873 993 812 710 785 926 0
750 883 991 873 710 813 923 785 0
880 996 883 750 810 954 813 710 0
956 810 710 812 1027 955 811 957 0
812 710 785 926 957 811 925 1015 0
710 813 923 785 811 958 1014 925 0
810 954 813 710 955 1026 958 811 0
996 885 755 883 954 814 711 813 0
883 755 868 991 813 711 782 923 0
755 848 977 868 711 804 896 782 0
885 981 848 755 814 946 804 711 0
954 814 711 813 1026 959 815 958 0
813 711 782 923 958 815 922 1014 0
711 804 896 782 815 947 1003 922 0
814 946 804 711 959 1023 947 815 0
1027 955 811 957 962 816 712 818 0
957 811 925 1015 818 712 799 942 0
811 958 1014 925 712 819 939 799 0
955 1026 958 811 816 960 819 712 0
962 816 712 818 1029 961 817 963 0
818 712 799 942 963 817 941 1021 0
712 819 939 799 817 964 1020 941 0
816 960 819 712 961 1028 964 817 0
1026 959 815 958 960 820 713 819 0
958 815 922 1014 819 713 796 939 0
815 947 1003 922 713 808 909 796 0
959 1023 947 815 820 951 808 713 0
960 820 713 819 1028 965 821 964 0
819 713 796 939 964 821 938 1020 0
713 808 909 796 821 952 1009 938 0
820 951 808 713 965 1025 952 821 0
1310 1166 1057 1165 1171 1058 1030 1061 0
1165 1057 1168 1309 1061 1030 1060 1176 0
1057 1167 1312 1168 1030 1062 1175 1060 0
1166 1311 1167 1057 1058 1169 1062 1030 0
1171 1058 1030 1061 1314 1170 1059 1172 0
1061 1030 1060 1176 1172 1059 1174 1315 0
1030 1062 1175 1060 1059 1173 1316 1174 0
1058 1169 1062 1030 1170 1313 1173 1059 0
1318 1178 1063 1177 1181 1064 1031 1067 0
1177 1063 1179 1317 1067 1031 1066 1184 0
1063 1165 1309 1179 1031 1061 1176 1066 0
1178 1310 1165 1063 1064 1171 1061 1031 0
1181 1064 1031 1067 1319 1180 1065 1182 0
1067 1031 1066 1184 1182 1065 1183 1320 0
1031 1061 1176 1066 1065 1172 1315 1183 0
1064 1171 1061 1031 1180 1314 1172 1065 0
1322 1186 1068 1185 1189 1069 1032 1072 0
1185 1068 1187 1321 1072 1032 1071 1192 0
1068 1177 1317 1187 1032 1067 1184 1071 0
1186 1318 1177 1068 1069 1181 1067 1032 0
1189 1069 1032 1072 1323 1188 1070 1190 0
1072 1032 1071 1192 1190 1070 1191 1324 0
1032 1067 1184 1071 1070 1182 1320 1191 0
1069 1181 1067 1032 1188 1319 1182 1070 0
1325 1194 1073 1193 1198 1074 1033 1076 0
1193 1073 1178 1318 1076 1033 1064 1181 0
1073 1195 1310 1178 1033 1077 1171 1064 0
1194 1326 1195 1073 1074 1196 1077 1033 0
1198 1074 1033 1076 1328 1197 1075 1199 0
1076 1033 1064 1181 1199 1075 1180 1319 0
1033 1077 1171 1064 1075 1200 1314 1180 0
1074 1196 1077 1033 1197 1327 1200 1075 0
1326 1201 1078 1195 1196 1079 1034 1077 0
1195 1078 1166 1310 1077 1034 1058 1171 0
1078 1202 1311 1166 1034 1081 1169 1058 0
1201 1329 1202 1078 1079 1203 1081 1034 0
1196 1079 1034 1077 1327 1204 1080 1200 0
1077 1034 1058 1171 1200 1080 1170 1314 0
1034 1081 1169 1058 1080 1205 1313 1170 0
1079 1203 1081 1034 1204 1330 1205 1080 0
1331 1207 1082 1206 1211 1083 1035 1085 0
1206 1082 1201 1326 1085 1035 1079 1196 0
1082 1208 1329 1201 1035 1086 1203 1079 0
1207 1332 1208 1082 1083 1209 1086 1035 0
1211 1083 1035 1085 1334 1210 1084 1212 0
1085 1035 1079 1196 1212 1084 1204 1327 0
1035 1086 1203 1079 1084 1213 1330 1204 0
1083 1209 1086 1035 1210 1333 1213 1084 0
1335 1215 1087 1214 1217 1088 1036 1090 0
1214 1087 1194 1325 1090 1036 1074 1198 0
1087 1206 1326 1194 1036 1085 1196 1074 0
1215 1331 1206 1087 1088 1211 1085 1036 0
1217 1088 1036 1090 1336 1216 1089 1218 0
1090 1036 1074 1198 1218 1089 1197 1328 0
1036 1085 1196 1074 1089 1212 1327 1197 0
1088 1211 1085 1036 1216 1334 1212 1089 0
1337 1220 1091 1219 1222 1092 1037 1094 0
1219 1091 1186 1322 1094 1037 1069 1189 0
1091 1193 1318 1186 1037 1076 1181 1069 0
1220 1325 1193 1091 1092 1198 1076 1037 0
1222 1092 1037 1094 1338 1221 1093 1223 0
1094 1037 1069 1189 1223 1093 1188 1323 0
1037 1076 1181 1069 1093 1199 1319 1188 0
1092 1198 1076 1037 1221 1328 1199 1093 0
1339 1225 1095 1224 1227 1096 1038 1098 0
1224 1095 1220 1337 1098 1038 1092 1222 0
1095 1214 1325 1220 1038 1090 1198 1092 0
1225 1335 1214 1095 1096 1217 1090 1038 0
1227 1096 1038 1098 1340 1226 1097 1228 0
1098 1038 1092 1222 1228 1097 1221 1338 0
1038 1090 1198 1092 1097 1218 1328 1221 0
1096 1217 1090 1038 1226 1336 1218 1097 0
1314 1170 1059 1172 1231 1099 1039 1102 0
1172 1059 1174 1315 1102 1039 1101 1236 0
1059 1173 1316 1174 1039 1103 1235 1101 0
1170 1313 1173 1059 1099 1229 1103 1039 0
1231 1099 1039 1102 1342 1230 1100 1232 0
1102 1039 1101 1236 1232 1100 1234 1343 0
1039 1103 1235 1101 1100 1233 1344 1234 0
1099 1229 1103 1039 1230 1341 1233 1100 0
1319 1180 1065 1182 1238 1104 1040 1107 0
1182 1065 1183 1320 1107 1040 1106 1241 0
1065 1172 1315 1183 1040 1102 1236 1106 0
1180 1314 1172 1065 1104 1231 1102 1040 0
1238 1104 1040 1107 1345 1237 1105 1239 0
1107 1040 1106 1241 1239 1105 1240 1346 0
1040 1102 1236 1106 1105 1232 1343 1240 0
1104 1231 1102 1040 1237 1342 1232 1105 0
1342 1230 1100 1232 1244 1108 1041 1111 0
1232 1100 1234 1343 1111 1041 1110 1249 0
1100 1233 1344 1234 1041 1112 1248 1110 0
1230 1341 1233 1100 1108 1242 1112 1041 0
1244 1108 1041 1111 1348 1243 1109 1245 0
1111 1041 1110 1249 1245 1109 1247 1349 0
1041 1112 1248 1110 1109 1246 1350 1247 0
1108 1242 1112 1041 1243 1347 1246 1109 0
1345 1237 1105 1239 1251 1113 1042 1116 0
1239 1105 1240 1346 1116 1042 1115 1254 0
1105 1232 1343 1240 1042 1111 1249 1115 0
1237 1342 1232 1105 1113 1244 1111 1042 0
1251 1113 1042 1116 1351 1250 1114 1252 0
1116 1042 1115 1254 1252 1114 1253 1352 0
1042 1111 1249 1115 1114 1245 1349 1253 0
1113 1244 1111 1042 1250 1348 1245 1114 0
1328 1197 1075 1199 1257 1117 1043 1119 0
1199 1075 1180 1319 1119 1043 1104 1238 0
1075 1200 1314 1180 1043 1120 1231 1104 0
1197 1327 1200 1075 1117 1255 1120 1043 0
1257 1117 1043 1119 1354 1256 1118 1258 0
1119 1043 1104 1238 1258 1118 1237 1345 0
1043 1120 1231 1104 1118 1259 1342 1237 0
1117 1255 1120 1043 1256 1353 1259 1118 0
1327 1204 1080 1200 1255 1121 1044 1120 0
1200 1080 1170 1314 1120 1044 1099 1231 0
1080 1205 1313 1170 1044 1123 1229 1099 0
1204 1330 1205 1080 1121 1260 1123 1044 0
1255 1121 1044 1120 1353 1261 1122 1259 0
1120 1044 1099 1231 1259 1122 1230 1342 0
1044 1123 1229 1099 1122 1262 1341 1230 0
1121 1260 1123 1044 1261 1355 1262 1122 0
1334 1210 1084 1212 1265 1124 1045 1126 0
1212 1084 1204 1327 1126 1045 1121 1255 0
1084 1213 1330 1204 1045 1127 1260 1121 0
1210 1333 1213 1084 1124 1263 1127 1045 0
1265 1124 1045 1126 1357 1264 1125 1266 0
1126 1045 1121 1255 1266 1125 1261 1353 0
1045 1127 1260 1121 1125 1267 1355 1261 0
1124 1263 1127 1045 1264 1356 1267 1125 0
1336 1216 1089 1218 1269 1128 1046 1130 0
1218 1089 1197 1328 1130 1046 1117 1257 0
1089 1212 1327 1197 1046 1126 1255 1117 0
1216 1334 1212 1089 1128 1265 1126 1046 0
1269 1128 1046 1130 1358 1268 1129 1270 0
1130 1046 1117 1257 1270 1129 1256 1354 0
1046 1126 1255 1117 1129 1266 1353 1256 0
1128 1265 1126 1046 1268 1357 1266 1129 0
1354 1256 1118 1258 1273 1131 1047 1133 0
1258 1118 1237 1345 1133 1047 1113 1251 0
1118 1259 1342 1237 1047 1134 1244 1113 0
1256 1353 1259 1118 1131 1271 1134 1047 0
1273 1131 1047 1133 1360 1272 1132 1274 0
1133 1047 1113 1251 1274 1132 1250 1351 0
1047 1134 1244 1113 1132 1275 1348 1250 0
1131 1271 1134 1047 1272 1359 1275 1132 0
1353 1261 1122 1259 1271 1135 1048 1134 0
1259 1122 1230 1342 1134 1048 1108 1244 0
1122 1262 1341 1230 1048 1137 1242 1108 0
1261 1355 1262 1122 1135 1276 1137 1048 0
1271 1135 1048 1134 1359 1277 1136 1275 0
1134 1048 1108 1244 1275 1136 1243 1348 0
1048 1137 1242 1108 1136 1278 1347 1243 0
1135 1276 1137 1048 1277 1361 1278 1136 0
1357 1264 1125 1266 1281 1138 1049 1140 0
1266 1125 1261 1353 1140 1049 1135 1271 0
1125 1267 1355 1261 1049 1141 1276 1135 0
1264 1356 1267 1125 1138 1279 1141 1049 0
1281 1138 1049 1140 1363 1280 1139 1282 0
1140 1049 1135 1271 1282 1139 1277 1359 0
1049 1141 1276 1135 1139 1283 1361 1277 0
1138 1279 1141 1049 1280 1362 1283 1139 0
1358 1268 1129 1270 1285 1142 1050 1144 0
1270 1129 1256 1354 1144 1050 1131 1273 0
1129 1266 1353 1256 1050 1140 1271 1131 0
1268 1357 1266 1129 1142 1281 1140 1050 0
1285 1142 1050 1144 1364 1284 1143 1286 0
1144 1050 1131 1273 1286 1143 1272 1360 0
1050 1140 1271 1131 1143 1282 1359 1272 0
1142 1281 1140 1050 1284 1363 1282 1143 0
1323 1188 1070 1190 1288 1145 1051 1148 0
1190 1070 1191 1324 1148 1051 1147 1291 0
1070 1182 1320 1191 1051 1107 1241 1147 0
1188 1319 1182 1070 1145 1238 1107 1051 0
1288 1145 1051 1148 1365 1287 1146 1289 0
1148 1051 1147 1291 1289 1146 1290 1366 0
1051 1107 1241 1147 1146 1239 1346 1290 0
1145 1238 1107 1051 1287 1345 1239 1146 0
1365 1287 1146 1289 1293 1149 1052 1152 0
1289 1146 1290 1366 1152 1052 1151 1296 0
1146 1239 1346 1290 1052 1116 1254 1151 0
1287 1345 1239 1146 1149 1251 1116 1052 0
1293 1149 1052 1152 1367 1292 1150 1294 0
1152 1052 1151 1296 1294 1150 1295 1368 0
1052 1116 1254 1151 1150 1252 1352 1295 0
1149 1251 1116 1052 1292 1351 1252 1150 0
1338 1221 1093 1223 1298 1153 1053 1155 0
1223 1093 1188 1323 1155 1053 1145 1288 0
1093 1199 1319 1188 1053 1119 1238 1145 0
1221 1328 1199 1093 1153 1257 1119 1053 0
1298 1153 1053 1155 1369 1297 1154 1299 0
1155 1053 1145 1288 1299 1154 1287 1365 0
1053 1119 1238 1145 1154 1258 1345 1287 0
1153 1257 1119 1053 1297 1354 1258 1154 0
1340 1226 1097 1228 1301 1156 1054 1158 0
1228 1097 1221 1338 1158 1054 1153 1298 0
1097 1218 1328 1221 1054 1130 1257 1153 0
1226 1336 1218 1097 1156 1269 1130 1054 0
1301 1156 1054 1158 1370 1300 1157 1302 0
1158 1054 1153 1298 1302 1157 1297 1369 0
1054 1130 1257 1153 1157 1270 1354 1297 0
1156 1269 1130 1054 1300 1358 1270 1157 0
1369 1297 1154 1299 1304 1159 1055 1161 0
1299 1154 1287 1365 1161 1055 1149 1293 0
1154 1258 1345 1287 1055 1133 1251 1149 0
1297 1354 1258 1154 1159 1273 1133 1055 0
1304 1159 1055 1161 1371 1303 1160 1305 0
1161 1055 1149 1293 1305 1160 1292 1367 0
1055 1133 1251 1149 1160 1274 1351 1292 0
1159 1273 1133 1055 1303 1360 1274 1160 0
1370 1300 1157 1302 1307 1162 1056 1164 0
1302 1157 1297 1369 1164 1056 1159 1304 0
1157 1270 1354 1297 1056 1144 1273 1159 0
1300 1358 1270 1157 1162 1285 1144 1056 0
1307 1162 1056 1164 1372 1306 1163 1308 0
1164 1056 1159 1304 1308 1163 1303 1371 0
1056 1144 1273 1159 1163 1286 1360 1303 0
1162 1285 1144 1056 1306 1364 1286 1163 0
1653 1511 1400 1508 1519 1404 1373 1403 0
1508 1400 1509 1652 1403 1373 1405 1518 0
1400 1510 1654 1509 1373 1401 1512 1405 0
1511 1655 1510 1400 1404 1514 1401 1373 0
1519 1404 1373 1403 1658 1515 1402 1517 0
1403 1373 1405 1518 1517 1402 1516 1659 0
1373 1401 1512 1405 1402 1513 1656 1516 0
1404 1514 1401 1373 1515 1657 1513 1402 0
1515 1657 1513 1402 1409 1522 1406 1374 0
1658 1515 1402 1517 1527 1409 1374 1408 0
1517 1402 1516 1659 1408 1374 1410 1526 0
1402 1513 1656 1516 1374 1406 1520 1410 0
1522 1406 1374 1409 1661 1521 1407 1523 0
1409 1374 1408 1527 1523 1407 1525 1662 0
1374 1410 1526 1408 1407 1524 1663 1525 0
1406 1520 1410 1374 1521 1660 1524 1407 0
1655 1530 1411 1510 1514 1414 1375 1401 0
1510 1411 1528 1654 1401 1375 1415 1512 0
1411 1529 1664 1528 1375 1412 1531 1415 0
1530 1665 1529 1411 1414 1533 1412 1375 0
1514 1414 1375 1401 1657 1534 1413 1513 0
1401 1375 1415 1512 1513 1413 1535 1656 0
1375 1412 1531 1415 1413 1532 1666 1535 0
1414 1533 1412 1375 1534 1667 1532 1413 0
1665 1538 1416 1529 1533 1419 1376 1412 0
1529 1416 1536 1664 1412 1376 1420 1531 0
1416 1537 1668 1536 1376 1417 1539 1420 0
1538 1669 1537 1416 1419 1541 1417 1376 0
1533 1419 1376 1412 1667 1542 1418 1532 0
1412 1376 1420 1531 1532 1418 1543 1666 0
1376 1417 1539 1420 1418 1540 1670 1543 0
1419 1541 1417 1376 1542 1671 1540 1418 0
1534 1667 1532 1413 1423 1546 1421 1377 0
1657 1534 1413 1513 1522 1423 1377 1406 0
1513 1413 1535 1656 1406 1377 1424 1520 0
1413 1532 1666 1535 1377 1421 1544 1424 0
1546 1421 1377 1423 1673 1545 1422 1547 0
1423 1377 1406 1522 1547 1422 1521 1661 0
1377 1424 1520 1406 1422 1548 1660 1521 0
1421 1544 1424 1377 1545 1672 1548 1422 0
1542 1671 1540 1418 1427 1551 1425 1378 0
1667 1542 1418 1532 1546 1427 1378 1421 0
1532 1418 1543 1666 1421 1378 1428 1544 0
1418 1540 1670 1543 1378 1425 1549 1428 0
1551 1425 1378 1427 1675 1550 1426 1552 0
1427 1378 1421 1546 1552 1426 1545 1673 0
1378 1428 1544 1421 1426 1553 1672 1545 0
1425 1549 1428 1378 1550 1674 1553 1426 0
1677 1557 1429 1554 1565 1433 1379 1432 0
1554 1429 1555 1676 1432 1379 1434 1564 0
1429 1556 1678 1555 1379 1430 1558 1434 0
1557 1679 1556 1429 1433 1560 1430 1379 0
1565 1433 1379 1432 1682 1561 1431 1563 0
1432 1379 1434 1564 1563 1431 1562 1683 0
1379 1430 1558 1434 1431 1559 1680 1562 0
1433 1560 1430 1379 1561 1681 1559 1431 0
1652 1509 1435 1566 1518 1405 1380 1438 0
1566 1435 1557 1677 1438 1380 1433 1565 0
1435 1567 1679 1557 1380 1436 1560 1433 0
1509 1654 1567 1435 1405 1512 1436 1380 0
1518 1405 1380 1438 1659 1516 1437 1569 0
1438 1380 1433 1565 1569 1437 1561 1682 0
1380 1436 1560 1433 1437 1568 1681 1561 0
1405 1512 1436 1380 1516 1656 1568 1437 0
1561 1681 1559 1431 1442 1572 1439 1381 0
1682 1561 1431 1563 1577 1442 1381 1441 0
1563 1431 1562 1683 1441 1381 1443 1576 0
1431 1559 1680 1562 1381 1439 1570 1443 0
1572 1439 1381 1442 1685 1571 1440 1573 0
1442 1381 1441 1577 1573 1440 1575 1686 0
1381 1443 1576 1441 1440 1574 1687 1575 0
1439 1570 1443 1381 1571 1684 1574 1440 0
1516 1656 1568 1437 1410 1520 1444 1382 0
1659 1516 1437 1569 1526 1410 1382 1446 0
1569 1437 1561 1682 1446 1382 1442 1577 0
1437 1568 1681 1561 1382 1444 1572 1442 0
1520 1444 1382 1410 1660 1578 1445 1524 0
1410 1382 1446 1526 1524 1445 1579 1663 0
1382 1442 1577 1446 1445 1573 1686 1579 0
1444 1572 1442 1382 1578 1685 1573 1445 0
1654 1528 1447 1567 1512 1415 1383 1436 0
1567 1447 1580 1679 1436 1383 1450 1560 0
1447 1581 1688 1580 1383 1448 1582 1450 0
1528 1664 1581 1447 1415 1531 1448 1383 0
1512 1415 1383 1436 1656 1535 1449 1568 0
1436 1383 1450 1560 1568 1449 1584 1681 0
1383 1448 1582 1450 1449 1583 1689 1584 0
1415 1531 1448 1383 1535 1666 1583 1449 0
1679 1580 1451 1556 1560 1450 1384 1430 0
1556 1451 1585 1678 1430 1384 1454 1558 0
1451 1586 1690 1585 1384 1452 1587 1454 0
1580 1688 1586 1451 1450 1582 1452 1384 0
1560 1450 1384 1430 1681 1584 1453 1559 0
1430 1384 1454 1558 1559 1453 1589 1680 0
1384 1452 1587 1454 1453 1588 1691 1589 0
1450 1582 1452 1384 1584 1689 1588 1453 0
1688 1592 1455 1586 1582 1458 1385 1452 0
1586 1455 1590 1690 1452 1385 1459 1587 0
1455 1591 1692 1590 1385 1456 1593 1459 0
1592 1693 1591 1455 1458 1595 1456 1385 0
1582 1458 1385 1452 1689 1596 1457 1588 0
1452 1385 1459 1587 1588 1457 1597 1691 0
1385 1456 1593 1459 1457 1594 1694 1597 0
1458 1595 1456 1385 1596 1695 1594 1457 0
1664 1536 1460 1581 1531 1420 1386 1448 0
1581 1460 1592 1688 1448 1386 1458 1582 0
1460 1598 1693 1592 1386 1461 1595 1458 0
1536 1668 1598 1460 1420 1539 1461 1386 0
1531 1420 1386 1448 1666 1543 1462 1583 0
1448 1386 1458 1582 1583 1462 1596 1689 0
1386 1461 1595 1458 1462 1599 1695 1596 0
1420 1539 1461 1386 1543 1670 1599 1462 0
1535 1666 1583 1449 1424 1544 1463 1387 0
1656 1535 1449 1568 1520 1424 1387 1444 0
1568 1449 1584 1681 1444 1387 1465 1572 0
1449 1583 1689 1584 1387 1463 1600 1465 0
1544 1463 1387 1424 1672 1601 1464 1548 0
1424 1387 1444 1520 1548 1464 1578 1660 0
1387 1465 1572 1444 1464 1602 1685 1578 0
1463 1600 1465 1387 1601 1696 1602 1464 0
1584 1689 1588 1453 1465 1600 1466 1388 0
1681 1584 1453 1559 1572 1465 1388 1439 0
1559 1453 1589 1680 1439 1388 1468 1570 0
1453 1588 1691 1589 1388 1466 1603 1468 0
1600 1466 1388 1465 1696 1604 1467 1602 0
1465 1388 1439 1572 1602 1467 1571 1685 0
1388 1468 1570 1439 1467 1605 1684 1571 0
1466 1603 1468 1388 1604 1697 1605 1467 0
1596 1695 1594 1457 1471 1608 1469 1389 0
1689 1596 1457 1588 1600 1471 1389 1466 0
1588 1457 1597 1691 1466 1389 1472 1603 0
1457 1594 1694 1597 1389 1469 1606 1472 0
1608 1469 1389 1471 1699 1607 1470 1609 0
1471 1389 1466 1600 1609 1470 1604 1696 0
1389 1472 1603 1466 1470 1610 1697 1604 0
1469 1606 1472 1389 1607 1698 1610 1470 0
1543 1670 1599 1462 1428 1549 1473 1390 0
1666 1543 1462 1583 1544 1428 1390 1463 0
1583 1462 1596 1689 1463 1390 1471 1600 0
1462 1599 1695 1596 1390 1473 1608 1471 0
1549 1473 1390 1428 1674 1611 1474 1553 0
1428 1390 1463 1544 1553 1474 1601 1672 0
1390 1471 1600 1463 1474 1609 1696 1601 0
1473 1608 1471 1390 1611 1699 1609 1474 0
1661 1521 1407 1523 1619 1478 1391 1477 0
1523 1407 1525 1662 1477 1391 1479 1618 0
1407 1524 1663 1525 1391 1475 1612 1479 0
1521 1660 1524 1407 1478 1614 1475 1391 0
1619 1478 1391 1477 1702 1615 1476 1617 0
1477 1391 1479 1618 1617 1476 1616 1703 0
1391 1475 1612 1479 1476 1613 1700 1616 0
1478 1614 1475 1391 1615 1701 1613 1476 0
1660 1578 1445 1524 1614 1482 1392 1475 0
1524 1445 1579 1663 1475 1392 1483 1612 0
1445 1573 1686 1579 1392 1480 1620 1483 0
1578 1685 1573 1445 1482 1622 1480 1392 0
1614 1482 1392 1475 1701 1623 1481 1613 0
1475 1392 1483 1612 1613 1481 1624 1700 0
1392 1480 1620 1483 1481 1621 1704 1624 0
1482 1622 1480 1392 1623 1705 1621 1481 0
1685 1571 1440 1573 1622 1486 1393 1480 0
1573 1440 1575 1686 1480 1393 1487 1620 0
1440 1574 1687 1575 1393 1484 1625 1487 0
1571 1684 1574 1440 1486 1627 1484 1393 0
1622 1486 1393 1480 1705 1628 1485 1621 0
1480 1393 1487 1620 1621 1485 1629 1704 0
1393 1484 1625 1487 1485 1626 1706 1629 0
1486 1627 1484 1393 1628 1707 1626 1485 0
1673 1545 1422 1547 1634 1491 1394 1490 0
1547 1422 1521 1661 1490 1394 1478 1619 0
1422 1548 1660 1521 1394 1488 1614 1478 0
1545 1672 1548 1422 1491 1631 1488 1394 0
1634 1491 1394 1490 1709 1632 1489 1633 0
1490 1394 1478 1619 1633 1489 1615 1702 0
1394 1488 1614 1478 1489 1630 1701 1615 0
1491 1631 1488 1394 1632 1708 1630 1489 0
1675 1550 1426 1552 1639 1495 1395 1494 0
1552 1426 1545 1673 1494 1395 1491 1634 0
1426 1553 1672 1545 1395 1492 1631 1491 0
1550 1674 1553 1426 1495 1636 1492 1395 0
1639 1495 1395 1494 1711 1637 1493 1638 0
1494 1395 1491 1634 1638 1493 1632 1709 0
1395 1492 1631 1491 1493 1635 1708 1632 0
1495 1636 1492 1395 1637 1710 1635 1493 0
1674 1611 1474 1553 1636 1498 1396 1492 0
1553 1474 1601 1672 1492 1396 1499 1631 0
1474 1609 1696 1601 1396 1496 1640 1499 0
1611 1699 1609 1474 1498 1642 1496 1396 0
1636 1498 1396 1492 1710 1643 1497 1635 0
1492 1396 1499 1631 1635 1497 1644 1708 0
1396 1496 1640 1499 1497 1641 1712 1644 0
1498 1642 1496 1396 1643 1713 1641 1497 0
1672 1601 1464 1548 1631 1499 1397 1488 0
1548 1464 1578 1660 1488 1397 1482 1614 0
1464 1602 1685 1578 1397 1500 1622 1482 0
1601 1696 1602 1464 1499 1640 1500 1397 0
1631 1499 1397 1488 1708 1644 1501 1630 0
1488 1397 1482 1614 1630 1501 1623 1701 0
1397 1500 1622 1482 1501 1645 1705 1623 0
1499 1640 1500 1397 1644 1712 1645 1501 0
1696 1604 1467 1602 1640 1504 1398 1500 0
1602 1467 1571 1685 1500 1398 1486 1622 0
1467 1605 1684 1571 1398 1502 1627 1486 0
1604 1697 1605 1467 1504 1647 1502 1398 0
1640 1504 1398 1500 1712 1648 1503 1645 0
1500 1398 1486 1622 1645 1503 1628 1705 0
1398 1502 1627 1486 1503 1646 1707 1628 0
1504 1647 1502 1398 1648 1714 1646 1503 0
1699 1607 1470 1609 1642 1507 1399 1496 0
1609 1470 1604 1696 1496 1399 1504 1640 0
1470 1610 1697 1604 1399 1505 1647 1504 0
1607 1698 1610 1470 1507 1650 1505 1399 0
1642 1507 1399 1496 1713 1651 1506 1641 0
1496 1399 1504 1640 1641 1506 1648 1712 0
1399 1505 1647 1504 1506 1649 1714 1648 0
1507 1650 1505 1399 1651 1715 1649 1506 0
1995 1854 1743 1851 1861 1747 1716 1746 0
1851 1743 1852 1996 1746 1716 1748 1862 0
1743 1853 1997 1852 1716 1744 1855 1748 0
1854 1998 1853 1743 1747 1857 1744 1716 0
1861 1747 1716 1746 2001 1858 1745 1860 0
1746 1716 1748 1862 1860 1745 1859 2002 0
1716 1744 1855 1748 1745 1856 1999 1859 0
1747 1857 1744 1716 1858 2000 1856 1745 0
1998 1865 1749 1853 1857 1752 1717 1744 0
1853 1749 1863 1997 1744 1717 1753 1855 0
1749 1864 2003 1863 1717 1750 1866 1753 0
1865 2004 1864 1749 1752 1868 1750 1717 0
1857 1752 1717 1744 2000 1869 1751 1856 0
1744 1717 1753 1855 1856 1751 1870 1999 0
1717 1750 1866 1753 1751 1867 2005 1870 0
1752 1868 1750 1717 1869 2006 1867 1751 0
1858 2000 1856 1745 1757 1873 1754 1718 0
2001 1858 1745 1860 1877 1757 1718 1756 0
1860 1745 1859 2002 1756 1718 1758 1878 0
1745 1856 1999 1859 1718 1754 1871 1758 0
1873 1754 1718 1757 2008 1872 1755 1874 0
1757 1718 1756 1877 1874 1755 1876 2009 0
1718 1758 1878 1756 1755 1875 2010 1876 0
1754 1871 1758 1718 1872 2007 1875 1755 0
1869 2006 1867 1751 1761 1881 1759 1719 0
2000 1869 1751 1856 1873 1761 1719 1754 0
1856 1751 1870 1999 1754 1719 1762 1871 0
1751 1867 2005 1870 1719 1759 1879 1762 0
1881 1759 1719 1761 2012 1880 1760 1882 0
1761 1719 1754 1873 1882 1760 1872 2008 0
1719 1762 1871 1754 1760 1883 2007 1872 0
1759 1879 1762 1719 1880 2011 1883 1760 0
2004 1886 1763 1864 1868 1766 1720 1750 0
1864 1763 1884 2003 1750 1720 1767 1866 0
1763 1885 2013 1884 1720 1764 1887 1767 0
1886 2014 1885 1763 1766 1889 1764 1720 0
1868 1766 1720 1750 2006 1890 1765 1867 0
1750 1720 1767 1866 1867 1765 1891 2005 0
1720 1764 1887 1767 1765 1888 2015 1891 0
1766 1889 1764 1720 1890 2016 1888 1765 0
1890 2016 1888 1765 1770 1894 1768 1721 0
2006 1890 1765 1867 1881 1770 1721 1759 0
1867 1765 1891 2005 1759 1721 1771 1879 0
1765 1888 2015 1891 1721 1768 1892 1771 0
1894 1768 1721 1770 2018 1893 1769 1895 0
1770 1721 1759 1881 1895 1769 1880 2012 0
1721 1771 1879 1759 1769 1896 2011 1880 0
1768 1892 1771 1721 1893 2017 1896 1769 0
1996 1852 1772 1897 1862 1748 1722 1775 0
1897 1772 1898 2019 1775 1722 1776 1904 0
1772 1899 2020 1898 1722 1773 1900 1776 0
1852 1997 1899 1772 1748 1855 1773 1722 0
1862 1748 1722 1775 2002 1859 1774 1903 0
1775 1722 1776 1904 1903 1774 1902 2022 0
1722 1773 1900 1776 1774 1901 2021 1902 0
1748 1855 1773 1722 1859 1999 1901 1774 0
2019 1898 1777 1905 1904 1776 1723 1780 0
1905 1777 1906 2023 1780 1723 1781 1912 0
1777 1907 2024 1906 1723 1778 1908 1781 0
1898 2020 1907 1777 1776 1900 1778 1723 0
1904 1776 1723 1780 2022 1902 1779 1911 0
1780 1723 1781 1912 1911 1779 1910 2026 0
1723 1778 1908 1781 1779 1909 2025 1910 0
1776 1900 1778 1723 1902 2021 1909 1779 0
2020 1915 1782 1907 1900 1785 1724 1778 0
1907 1782 1913 2024 1778 1724 1786 1908 0
1782 1914 2027 1913 1724 1783 1916 1786 0
1915 2028 1914 1782 1785 1918 1783 1724 0
1900 1785 1724 1778 2021 1919 1784 1909 0
1778 1724 1786 1908 1909 1784 1920 2025 0
1724 1783 1916 1786 1784 1917 2029 1920 0
1785 1918 1783 1724 1919 2030 1917 1784 0
1997 1863 1787 1899 1855 1753 1725 1773 0
1899 1787 1915 2020 1773 1725 1785 1900 0
1787 1921 2028 1915 1725 1788 1918 1785 0
1863 2003 1921 1787 1753 1866 1788 1725 0
1855 1753 1725 1773 1999 1870 1789 1901 0
1773 1725 1785 1900 1901 1789 1919 2021 0
1725 1788 1918 1785 1789 1922 2030 1919 0
1753 1866 1788 1725 1870 2005 1922 1789 0
1859 1999 1901 1774 1758 1871 1790 1726 0
2002 1859 1774 1903 1878 1758 1726 1792 0
1903 1774 1902 2022 1792 1726 1793 1927 0
1774 1901 2021 1902 1726 1790 1923 1793 0
1871 1790 1726 1758 2007 1924 1791 1875 0
1758 1726 1792 1878 1875 1791 1926 2010 0
1726 1793 1927 1792 1791 1925 2032 1926 0
1790 1923 1793 1726 1924 2031 1925 1791 0
1902 2021 1909 1779 1793 1923 1794 1727 0
2022 1902 1779 1911 1927 1793 1727 1796 0
1911 1779 1910 2026 1796 1727 1797 1932 0
1779 1909 2025 1910 1727 1794 1928 1797 0
1923 1794 1727 1793 2031 1929 1795 1925 0
1793 1727 1796 1927 1925 1795 1931 2032 0
1727 1797 1932 1796 1795 1930 2034 1931 0
1794 1928 1797 1727 1929 2033 1930 1795 0
1919 2030 1917 1784 1800 1935 1798 1728 0
2021 1919 1784 1909 1923 1800 1728 1794 0
1909 1784 1920 2025 1794 1728 1801 1928 0
1784 1917 2029 1920 1728 1798 1933 1801 0
1935 1798 1728 1800 2036 1934 1799 1936 0
1800 1728 1794 1923 1936 1799 1929 2031 0
1728 1801 1928 1794 1799 1937 2033 1929 0
1798 1933 1801 1728 1934 2035 1937 1799 0
1870 2005 1922 1789 1762 1879 1802 1729 0
1999 1870 1789 1901 1871 1762 1729 1790 0
1901 1789 1919 2021 1790 1729 1800 1923 0
1789 1922 2030 1919 1729 1802 1935 1800 0
1879 1802 1729 1762 2011 1938 1803 1883 0
1762 1729 1790 1871 1883 1803 1924 2007 0
1729 1800 1923 1790 1803 1936 2031 1924 0
1802 1935 1800 1729 1938 2036 1936 1803 0
2003 1884 1804 1921 1866 1767 1730 1788 0
1921 1804 1939 2028 1788 1730 1807 1918 0
1804 1940 2037 1939 1730 1805 1941 1807 0
1884 2013 1940 1804 1767 1887 1805 1730 0
1866 1767 1730 1788 2005 1891 1806 1922 0
1788 1730 1807 1918 1922 1806 1943 2030 0
1730 1805 1941 1807 1806 1942 2038 1943 0
1767 1887 1805 1730 1891 2015 1942 1806 0
2028 1939 1808 1914 1918 1807 1731 1783 0
1914 1808 1944 2027 1783 1731 1811 1916 0
1808 1945 2039 1944 1731 1809 1946 1811 0
1939 2037 1945 1808 1807 1941 1809 1731 0
1918 1807 1731 1783 2030 1943 1810 1917 0
1783 1731 1811 1916 1917 1810 1948 2029 0
1731 1809 1946 1811 1810 1947 2040 1948 0
1807 1941 1809 1731 1943 2038 1947 1810 0
1891 2015 1942 1806 1771 1892 1812 1732 0
2005 1891 1806 1922 1879 1771 1732 1802 0
1922 1806 1943 2030 1802 1732 1814 1935 0
1806 1942 2038 1943 1732 1812 1949 1814 0
1892 1812 1732 1771 2017 1950 1813 1896 0
1771 1732 1802 1879 1896 1813 1938 2011 0
1732 1814 1935 1802 1813 1951 2036 1938 0
1812 1949 1814 1732 1950 2041 1951 1813 0
1943 2038 1947 1810 1814 1949 1815 1733 0
2030 1943 1810 1917 1935 1814 1733 1798 0
1917 1810 1948 2029 1798 1733 1817 1933 0
1810 1947 2040 1948 1733 1815 1952 1817 0
1949 1815 1733 1814 2041 1953 1816 1951 0
1814 1733 1798 1935 1951 1816 1934 2036 0
1733 1817 1933 1798 1816 1954 2035 1934 0
1815 1952 1817 1733 1953 2042 1954 1816 0
2008 1872 1755 1874 1962 1821 1734 1820 0
1874 1755 1876 2009 1820 1734 1822 1961 0
1755 1875 2010 1876 1734 1818 1955 1822 0
1872 2007 1875 1755 1821 1957 1818 1734 0
1962 1821 1734 1820 2045 1958 1819 1960 0
1820 1734 1822 1961 1960 1819 1959 2046 0
1734 1818 1955 1822 1819 1956 2043 1959 0
1821 1957 1818 1734 1958 2044 1956 1819 0
2012 1880 1760 1882 1967 1826 1735 1825 0
1882 1760 1872 2008 1825 1735 1821 1962 0
1760 1883 2007 1872 1735 1823 1957 1821 0
1880 2011 1883 1760 1826 1964 1823 1735 0
1967 1826 1735 1825 2048 1965 1824 1966 0
1825 1735 1821 1962 1966 1824 1958 2045 0
1735 1823 1957 1821 1824 1963 2044 1958 0
1826 1964 1823 1735 1965 2047 1963 1824 0
2018 1893 1769 1895 1972 1830 1736 1829 0
1895 1769 1880 2012 1829 1736 1826 1967 0
1769 1896 2011 1880 1736 1827 1964 1826 0
1893 2017 1896 1769 1830 1969 1827 1736 0
1972 1830 1736 1829 2050 1970 1828 1971 0
1829 1736 1826 1967 1971 1828 1965 2048 0
1736 1827 1964 1826 1828 1968 2047 1965 0
1830 1969 1827 1736 1970 2049 1968 1828 0
2011 1938 1803 1883 1964 1833 1737 1823 0
1883 1803 1924 2007 1823 1737 1834 1957 0
1803 1936 2031 1924 1737 1831 1973 1834 0
1938 2036 1936 1803 1833 1975 1831 1737 0
1964 1833 1737 1823 2047 1976 1832 1963 0
1823 1737 1834 1957 1963 1832 1977 2044 0
1737 1831 1973 1834 1832 1974 2051 1977 0
1833 1975 1831 1737 1976 2052 1974 1832 0
2007 1924 1791 1875 1957 1834 1738 1818 0
1875 1791 1926 2010 1818 1738 1837 1955 0
1791 1925 2032 1926 1738 1835 1978 1837 0
1924 2031 1925 1791 1834 1973 1835 1738 0
1957 1834 1738 1818 2044 1977 1836 1956 0
1818 1738 1837 1955 1956 1836 1980 2043 0
1738 1835 1978 1837 1836 1979 2053 1980 0
1834 1973 1835 1738 1977 2051 1979 1836 0
2031 1929 1795 1925 1973 1840 1739 1835 0
1925 1795 1931 2032 1835 1739 1841 1978 0
1795 1930 2034 1931 1739 1838 1981 1841 0
1929 2033 1930 1795 1840 1983 1838 1739 0
1973 1840 1739 1835 2051 1984 1839 1979 0
1835 1739 1841 1978 1979 1839 1985 2053 0
1739 1838 1981 1841 1839 1982 2054 1985 0
1840 1983 1838 1739 1984 2055 1982 1839 0
2036 1934 1799 1936 1975 1844 1740 1831 0
1936 1799 1929 2031 1831 1740 1840 1973 0
1799 1937 2033 1929 1740 1842 1983 1840 0
1934 2035 1937 1799 1844 1987 1842 1740 0
1975 1844 1740 1831 2052 1988 1843 1974 0
1831 1740 1840 1973 1974 1843 1984 2051 0
1740 1842 1983 1840 1843 1986 2055 1984 0
1844 1987 1842 1740 1988 2056 1986 1843 0
2017 1950 1813 1896 1969 1847 1741 1827 0
1896 1813 1938 2011 1827 1741 1833 1964 0
1813 1951 2036 1938 1741 1845 1975 1833 0
1950 2041 1951 1813 1847 1990 1845 1741 0
1969 1847 1741 1827 2049 1991 1846 1968 0
1827 1741 1833 1964 1968 1846 1976 2047 0
1741 1845 1975 1833 1846 1989 2052 1976 0
1847 1990 1845 1741 1991 2057 1989 1846 0
2041 1953 1816 1951 1990 1850 1742 1845 0
1951 1816 1934 2036 1845 1742 1844 1975 0
1816 1954 2035 1934 1742 1848 1987 1844 0
1953 2042 1954 1816 1850 1993 1848 1742 0
1990 1850 1742 1845 2057 1994 1849 1989 0
1845 1742 1844 1975 1989 1849 1988 2052 0
1742 1848 1987 1844 1849 1992 2056 1988 0
1850 1993 1848 1742 1994 2058 1992 1849 0
2339 2197 2086 2194 2205 2090 2059 2089 0
2194 2086 2195 2338 2089 2059 2091 2204 0
2086 2196 2340 2195 2059 2087 2198 2091 0
2197 2341 2196 2086 2090 2200 2087 2059 0
2205 2090 2059 2089 2344 2201 2088 2203 0
2089 2059 2091 2204 2203 2088 2202 2345 0
2059 2087 2198 2091 2088 2199 2342 2202 0
2090 2200 2087 2059 2201 2343 2199 2088 0
2346 2208 2092 2206 2213 2096 2060 2095 0
2206 2092 2197 2339 2095 2060 2090 2205 0
2092 2207 2341 2197 2060 2093 2200 2090 0
2208 2347 2207 2092 2096 2210 2093 2060 0
2213 2096 2060 2095 2349 2211 2094 2212 0
2095 2060 2090 2205 2212 2094 2201 2344 0
2060 2093 2200 2090 2094 2209 2343 2201 0
2096 2210 2093 2060 2211 2348 2209 2094 0
2201 2343 2199 2088 2100 2216 2097 2061 0
2344 2201 2088 2203 2221 2100 2061 2099 0
2203 2088 2202 2345 2099 2061 2101 2220 0
2088 2199 2342 2202 2061 2097 2214 2101 0
2216 2097 2061 2100 2351 2215 2098 2217 0
2100 2061 2099 2221 2217 2098 2219 2352 0
2061 2101 2220 2099 2098 2218 2353 2219 0
2097 2214 2101 2061 2215 2350 2218 2098 0
2211 2348 2209 2094 2105 2223 2102 2062 0
2349 2211 2094 2212 2226 2105 2062 2104 0
2212 2094 2201 2344 2104 2062 2100 2221 0
2094 2209 2343 2201 2062 2102 2216 2100 0
2223 2102 2062 2105 2354 2222 2103 2224 0
2105 2062 2104 2226 2224 2103 2225 2355 0
2062 2100 2221 2104 2103 2217 2352 2225 0
2102 2216 2100 2062 2222 2351 2217 2103 0
2347 2229 2106 2207 2210 2109 2063 2093 0
2207 2106 2227 2341 2093 2063 2110 2200 0
2106 2228 2356 2227 2063 2107 2230 2110 0
2229 2357 2228 2106 2109 2232 2107 2063 0
2210 2109 2063 2093 2348 2233 2108 2209 0
2093 2063 2110 2200 2209 2108 2234 2343 0
2063 2107 2230 2110 2108 2231 2358 2234 0
2109 2232 2107 2063 2233 2359 2231 2108 0
2341 2227 2111 2196 2200 2110 2064 2087 0
2196 2111 2235 2340 2087 2064 2114 2198 0
2111 2236 2360 2235 2064 2112 2237 2114 0
2227 2356 2236 2111 2110 2230 2112 2064 0
2200 2110 2064 2087 2343 2234 2113 2199 0
2087 2064 2114 2198 2199 2113 2239 2342 0
2064 2112 2237 2114 2113 2238 2361 2239 0
2110 2230 2112 2064 2234 2358 2238 2113 0
2356 2242 2115 2236 2230 2118 2065 2112 0
2236 2115 2240 2360 2112 2065 2119 2237 0
2115 2241 2362 2240 2065 2116 2243 2119 0
2242 2363 2241 2115 2118 2245 2116 2065 0
2230 2118 2065 2112 2358 2246 2117 2238 0
2112 2065 2119 2237 2238 2117 2247 2361 0
2065 2116 2243 2119 2117 2244 2364 2247 0
2118 2245 2116 2065 2246 2365 2244 2117 0
2357 2249 2120 2228 2232 2123 2066 2107 0
2228 2120 2242 2356 2107 2066 2118 2230 0
2120 2248 2363 2242 2066 2121 2245 2118 0
2249 2366 2248 2120 2123 2251 2121 2066 0
2232 2123 2066 2107 2359 2252 2122 2231 0
2107 2066 2118 2230 2231 2122 2246 2358 0
2066 2121 2245 2118 2122 2250 2365 2246 0
2123 2251 2121 2066 2252 2367 2250 2122 0
2233 2359 2231 2108 2126 2255 2124 2067 0
2348 2233 2108 2209 2223 2126 2067 2102 0
2209 2108 2234 2343 2102 2067 2127 2216 0
2108 2231 2358 2234 2067 2124 2253 2127 0
2255 2124 2067 2126 2369 2254 2125 2256 0
2126 2067 2102 2223 2256 2125 2222 2354 0
2067 2127 2216 2102 2125 2257 2351 2222 0
2124 2253 2127 2067 2254 2368 2257 2125 0
2234 2358 2238 2113 2127 2253 2128 2068 0
2343 2234 2113 2199 2216 2127 2068 2097 0
2199 2113 2239 2342 2097 2068 2130 2214 0
2113 2238 2361 2239 2068 2128 2258 2130 0
2253 2128 2068 2127 2368 2259 2129 2257 0
2127 2068 2097 2216 2257 2129 2215 2351 0
2068 2130 2214 2097 2129 2260 2350 2215 0
2128 2258 2130 2068 2259 2370 2260 2129 0
2246 2365 2244 2117 2133 2263 2131 2069 0
2358 2246 2117 2238 2253 2133 2069 2128 0
2238 2117 2247 2361 2128 2069 2134 2258 0
2117 2244 2364 2247 2069 2131 2261 2134 0
2263 2131 2069 2133 2372 2262 2132 2264 0
2133 2069 2128 2253 2264 2132 2259 2368 0
2069 2134 2258 2128 2132 2265 2370 2259 0
2131 2261 2134 2069 2262 2371 2265 2132 0
2252 2367 2250 2122 2137 2267 2135 2070 0
2359 2252 2122 2231 2255 2137 2070 2124 0
2231 2122 2246 2358 2124 2070 2133 2253 0
2122 2250 2365 2246 2070 2135 2263 2133 0
2267 2135 2070 2137 2373 2266 2136 2268 0
2137 2070 2124 2255 2268 2136 2254 2369 0
2070 2133 2253 2124 2136 2264 2368 2254 0
2135 2263 2133 2070 2266 2372 2264 2136 0
2338 2195 2138 2269 2204 2091 2071 2141 0
2269 2138 2270 2374 2141 2071 2142 2276 0
2138 2271 2375 2270 2071 2139 2272 2142 0
2195 2340 2271 2138 2091 2198 2139 2071 0
2204 2091 2071 2141 2345 2202 2140 2275 0
2141 2071 2142 2276 2275 2140 2274 2377 0
2071 2139 2272 2142 2140 2273 2376 2274 0
2091 2198 2139 2071 2202 2342 2273 2140 0
2202 2342 2273 2140 2101 2214 2143 2072 0
2345 2202 2140 2275 2220 2101 2072 2145 0
2275 2140 2274 2377 2145 2072 2146 2281 0
2140 2273 2376 2274 2072 2143 2277 2146 0
2214 2143 2072 2101 2350 2278 2144 2218 0
2101 2072 2145 2220 2218 2144 2280 2353 0
2072 2146 2281 2145 2144 2279 2379 2280 0
2143 2277 2146 2072 2278 2378 2279 2144 0
2340 2235 2147 2271 2198 2114 2073 2139 0
2271 2147 2282 2375 2139 2073 2150 2272 0
2147 2283 2380 2282 2073 2148 2284 2150 0
2235 2360 2283 2147 2114 2237 2148 2073 0
2198 2114 2073 2139 2342 2239 2149 2273 0
2139 2073 2150 2272 2273 2149 2286 2376 0
2073 2148 2284 2150 2149 2285 2381 2286 0
2114 2237 2148 2073 2239 2361 2285 2149 0
2360 2240 2151 2283 2237 2119 2074 2148 0
2283 2151 2287 2380 2148 2074 2154 2284 0
2151 2288 2382 2287 2074 2152 2289 2154 0
2240 2362 2288 2151 2119 2243 2152 2074 0
2237 2119 2074 2148 2361 2247 2153 2285 0
2148 2074 2154 2284 2285 2153 2291 2381 0
2074 2152 2289 2154 2153 2290 2383 2291 0
2119 2243 2152 2074 2247 2364 2290 2153 0
2239 2361 2285 2149 2130 2258 2155 2075 0
2342 2239 2149 2273 2214 2130 2075 2143 0
2273 2149 2286 2376 2143 2075 2157 2277 0
2149 2285 2381 2286 2075 2155 2292 2157 0
2258 2155 2075 2130 2370 2293 2156 2260 0
2130 2075 2143 2214 2260 2156 2278 2350 0
2075 2157 2277 2143 2156 2294 2378 2278 0
2155 2292 2157 2075 2293 2384 2294 2156 0
2247 2364 2290 2153 2134 2261 2158 2076 0
2361 2247 2153 2285 2258 2134 2076 2155 0
2285 2153 2291 2381 2155 2076 2160 2292 0
2153 2290 2383 2291 2076 2158 2295 2160 0
2261 2158 2076 2134 2371 2296 2159 2265 0
2134 2076 2155 2258 2265 2159 2293 2370 0
2076 2160 2292 2155 2159 2297 2384 2293 0
2158 2295 2160 2076 2296 2385 2297 2159 0
2354 2222 2103 2224 2304 2164 2077 2163 0
2224 2103 2225 2355 2163 2077 2165 2305 0
2103 2217 2352 2225 2077 2161 2298 2165 0
2222 2351 2217 2103 2164 2300 2161 2077 0
2304 2164 2077 2163 2388 2301 2162 2303 0
2163 2077 2165 2305 2303 2162 2302 2389 0
2077 2161 2298 2165 2162 2299 2386 2302 0
2164 2300 2161 2077 2301 2387 2299 2162 0
2351 2215 2098 2217 2300 2168 2078 2161 0
2217 2098 2219 2352 2161 2078 2169 2298 0
2098 2218 2353 2219 2078 2166 2306 2169 0
2215 2350 2218 2098 2168 2308 2166 2078 0
2300 2168 2078 2161 2387 2309 2167 2299 0
2161 2078 2169 2298 2299 2167 2310 2386 0
2078 2166 2306 2169 2167 2307 2390 2310 0
2168 2308 2166 2078 2309 2391 2307 2167 0
2350 2278 2144 2218 2308 2172 2079 2166 0
2218 2144 2280 2353 2166 2079 2173 2306 0
2144 2279 2379 2280 2079 2170 2311 2173 0
2278 2378 2279 2144 2172 2313 2170 2079 0
2308 2172 2079 2166 2391 2314 2171 2307 0
2166 2079 2173 2306 2307 2171 2315 2390 0
2079 2170 2311 2173 2171 2312 2392 2315 0
2172 2313 2170 2079 2314 2393 2312 2171 0
2373 2266 2136 2268 2322 2177 2080 2176 0
2268 2136 2254 2369 2176 2080 2178 2323 0
2136 2264 2368 2254 2080 2174 2316 2178 0
2266 2372 2264 2136 2177 2318 2174 2080 0
2322 2177 2080 2176 2396 2319 2175 2321 0
2176 2080 2178 2323 2321 2175 2320 2397 0
2080 2174 2316 2178 2175 2317 2394 2320 0
2177 2318 2174 2080 2319 2395 2317 2175 0
2369 2254 2125 2256 2323 2178 2081 2181 0
2256 2125 2222 2354 2181 2081 2164 2304 0
2125 2257 2351 2222 2081 2179 2300 2164 0
2254 2368 2257 2125 2178 2316 2179 2081 0
2323 2178 2081 2181 2397 2320 2180 2325 0
2181 2081 2164 2304 2325 2180 2301 2388 0
2081 2179 2300 2164 2180 2324 2387 2301 0
2178 2316 2179 2081 2320 2394 2324 2180 0
2368 2259 2129 2257 2316 2184 2082 2179 0
2257 2129 2215 2351 2179 2082 2168 2300 0
2129 2260 2350 2215 2082 2182 2308 2168 0
2259 2370 2260 2129 2184 2327 2182 2082 0
2316 2184 2082 2179 2394 2328 2183 2324 0
2179 2082 2168 2300 2324 2183 2309 2387 0
2082 2182 2308 2168 2183 2326 2391 2309 0
2184 2327 2182 2082 2328 2398 2326 2183 0
2372 2262 2132 2264 2318 2187 2083 2174 0
2264 2132 2259 2368 2174 2083 2184 2316 0
2132 2265 2370 2259 2083 2185 2327 2184 0
2262 2371 2265 2132 2187 2330 2185 2083 0
2318 2187 2083 2174 2395 2331 2186 2317 0
2174 2083 2184 2316 2317 2186 2328 2394 0
2083 2185 2327 2184 2186 2329 2398 2328 0
2187 2330 2185 2083 2331 2399 2329 2186 0
2371 2296 2159 2265 2330 2190 2084 2185 0
2265 2159 2293 2370 2185 2084 2191 2327 0
2159 2297 2384 2293 2084 2188 2332 2191 0
2296 2385 2297 2159 2190 2334 2188 2084 0
2330 2190 2084 2185 2399 2335 2189 2329 0
2185 2084 2191 2327 2329 2189 2336 2398 0
2084 2188 2332 2191 2189 2333 2400 2336 0
2190 2334 2188 2084 2335 2401 2333 2189 0
2370 2293 2156 2260 2327 2191 2085 2182 0
2260 2156 2278 2350 2182 2085 2172 2308 0
2156 2294 2378 2278 2085 2192 2313 2172 0
2293 2384 2294 2156 2191 2332 2192 2085 0
2327 2191 2085 2182 2398 2336 2193 2326 0
2182 2085 2172 2308 2326 2193 2314 2391 0
2085 2192 2313 2172 2193 2337 2393 2314 0
2191 2332 2192 2085 2336 2400 2337 2193 0
2682 2538 2429 2537 2543 2430 2402 2433 0
2537 2429 2540 2681 2433 2402 2432 2547 0
2429 2539 2684 2540 2402 2434 2548 2432 0
2538 2683 2539 2429 2430 2541 2434 2402 0
2543 2430 2402 2433 2686 2542 2431 2544 0
2433 2402 2432 2547 2544 2431 2546 2687 0
2402 2434 2548 2432 2431 2545 2688 2546 0
2430 2541 2434 2402 2542 2685 2545 2431 0
2683 2549 2435 2539 2541 2436 2403 2434 0
2539 2435 2551 2684 2434 2403 2438 2548 0
2435 2550 2690 2551 2403 2439 2556 2438 0
2549 2689 2550 2435 2436 2552 2439 2403 0
2541 2436 2403 2434 2685 2553 2437 2545 0
2434 2403 2438 2548 2545 2437 2555 2688 0
2403 2439 2556 2438 2437 2554 2692 2555 0
2436 2552 2439 2403 2553 2691 2554 2437 0
2693 2558 2440 2557 2562 2441 2404 2443 0
2557 2440 2549 2683 2443 2404 2436 2541 0
2440 2559 2689 2549 2404 2444 2552 2436 0
2558 2694 2559 2440 2441 2560 2444 2404 0
2562 2441 2404 2443 2696 2561 2442 2563 0
2443 2404 2436 2541 2563 2442 2553 2685 0
2404 2444 2552 2436 2442 2564 2691 2553 0
2441 2560 2444 2404 2561 2695 2564 2442 0
2697 2566 2445 2565 2568 2446 2405 2448 0
2565 2445 2538 2682 2448 2405 2430 2543 0
2445 2557 2683 2538 2405 2443 2541 2430 0
2566 2693 2557 2445 2446 2562 2443 2405 0
2568 2446 2405 2448 2698 2567 2447 2569 0
2448 2405 2430 2543 2569 2447 2542 2686 0
2405 2443 2541 2430 2447 2563 2685 2542 0
2446 2562 2443 2405 2567 2696 2563 2447 0
2699 2571 2449 2570 2574 2450 2406 2453 0
2570 2449 2572 2700 2453 2406 2452 2577 0
2449 2537 2681 2572 2406 2433 2547 2452 0
2571 2682 2537 2449 2450 2543 2433 2406 0
2574 2450 2406 2453 2701 2573 2451 2575 0
2453 2406 2452 2577 2575 2451 2576 2702 0
2406 2433 2547 2452 2451 2544 2687 2576 0
2450 2543 2433 2406 2573 2686 2544 2451 0
2703 2579 2454 2578 2581 2455 2407 2457 0
2578 2454 2571 2699 2457 2407 2450 2574 0
2454 2565 2682 2571 2407 2448 2543 2450 0
2579 2697 2565 2454 2455 2568 2448 2407 0
2581 2455 2407 2457 2704 2580 2456 2582 0
2457 2407 2450 2574 2582 2456 2573 2701 0
2407 2448 2543 2450 2456 2569 2686 2573 0
2455 2568 2448 2407 2580 2698 2569 2456 0
2705 2584 2458 2583 2588 2459 2408 2461 0
2583 2458 2566 2697 2461 2408 2446 2568 0
2458 2585 2693 2566 2408 2462 2562 2446 0
2584 2706 2585 2458 2459 2586 2462 2408 0
2588 2459 2408 2461 2708 2587 2460 2589 0
2461 2408 2446 2568 2589 2460 2567 2698 0
2408 2462 2562 2446 2460 2590 2696 2567 0
2459 2586 2462 2408 2587 2707 2590 2460 0
2706 2591 2463 2585 2586 2464 2409 2462 0
2585 2463 2558 2693 2462 2409 2441 2562 0
2463 2592 2694 2558 2409 2466 2560 2441 0
2591 2709 2592 2463 2464 2593 2466 2409 0
2586 2464 2409 2462 2707 2594 2465 2590 0
2462 2409 2441 2562 2590 2465 2561 2696 0
2409 2466 2560 2441 2465 2595 2695 2561 0
2464 2593 2466 2409 2594 2710 2595 2465 0
2711 2597 2467 2596 2599 2468 2410 2470 0
2596 2467 2579 2703 2470 2410 2455 2581 0
2467 2583 2697 2579 2410 2461 2568 2455 0
2597 2705 2583 2467 2468 2588 2461 2410 0
2599 2468 2410 2470 2712 2598 2469 2600 0
2470 2410 2455 2581 2600 2469 2580 2704 0
2410 2461 2568 2455 2469 2589 2698 2580 0
2468 2588 2461 2410 2598 2708 2589 2469 0
2686 2542 2431 2544 2603 2471 2411 2474 0
2544 2431 2546 2687 2474 2411 2473 2607 0
2431 2545 2688 2546 2411 2475 2608 2473 0
2542 2685 2545 2431 2471 2601 2475 2411 0
2603 2471 2411 2474 2714 2602 2472 2604 0
2474 2411 2473 2607 2604 2472 2606 2715 0
2411 2475 2608 2473 2472 2605 2716 2606 0
2471 2601 2475 2411 2602 2713 2605 2472 0
2685 2553 2437 2545 2601 2476 2412 2475 0
2545 2437 2555 2688 2475 2412 2478 2608 0
2437 2554 2692 2555 2412 2479 2613 2478 0
2553 2691 2554 2437 2476 2609 2479 2412 0
2601 2476 2412 2475 2713 2610 2477 2605 0
2475 2412 2478 2608 2605 2477 2612 2716 0
2412 2479 2613 2478 2477 2611 2718 2612 0
2476 2609 2479 2412 2610 2717 2611 2477 0
2696 2561 2442 2563 2616 2480 2413 2482 0
2563 2442 2553 2685 2482 2413 2476 2601 0
2442 2564 2691 2553 2413 2483 2609 2476 0
2561 2695 2564 2442 2480 2614 2483 2413 0
2616 2480 2413 2482 2720 2615 2481 2617 0
2482 2413 2476 2601 2617 2481 2610 2713 0
2413 2483 2609 2476 2481 2618 2717 2610 0
2480 2614 2483 2413 2615 2719 2618 2481 0
2698 2567 2447 2569 2620 2484 2414 2486 0
2569 2447 2542 2686 2486 2414 2471 2603 0
2447 2563 2685 2542 2414 2482 2601 2471 0
2567 2696 2563 2447 2484 2616 2482 2414 0
2620 2484 2414 2486 2721 2619 2485 2621 0
2486 2414 2471 2603 2621 2485 2602 2714 0
2414 2482 2601 2471 2485 2617 2713 2602 0
2484 2616 2482 2414 2619 2720 2617 2485 0
2714 2602 2472 2604 2624 2487 2415 2490 0
2604 2472 2606 2715 2490 2415 2489 2628 0
2472 2605 2716 2606 2415 2491 2629 2489 0
2602 2713 2605 2472 2487 2622 2491 2415 0
2624 2487 2415 2490 2723 2623 2488 2625 0
2490 2415 2489 2628 2625 2488 2627 2724 0
2415 2491 2629 2489 2488 2626 2725 2627 0
2487 2622 2491 2415 2623 2722 2626 2488 0
2713 2610 2477 2605 2622 2492 2416 2491 0
2605 2477 2612 2716 2491 2416 2494 2629 0
2477 2611 2718 2612 2416 2495 2634 2494 0
2610 2717 2611 2477 2492 2630 2495 2416 0
2622 2492 2416 2491 2722 2631 2493 2626 0
2491 2416 2494 2629 2626 2493 2633 2725 0
2416 2495 2634 2494 2493 2632 2727 2633 0
2492 2630 2495 2416 2631 2726 2632 2493 0
2720 2615 2481 2617 2637 2496 2417 2498 0
2617 2481 2610 2713 2498 2417 2492 2622 0
2481 2618 2717 2610 2417 2499 2630 2492 0
2615 2719 2618 2481 2496 2635 2499 2417 0
2637 2496 2417 2498 2729 2636 2497 2638 0
2498 2417 2492 2622 2638 2497 2631 2722 0
2417 2499 2630 2492 2497 2639 2726 2631 0
2496 2635 2499 2417 2636 2728 2639 2497 0
2721 2619 2485 2621 2641 2500 2418 2502 0
2621 2485 2602 2714 2502 2418 2487 2624 0
2485 2617 2713 2602 2418 2498 2622 2487 0
2619 2720 2617 2485 2500 2637 2498 2418 0
2641 2500 2418 2502 2730 2640 2501 2642 0
2502 2418 2487 2624 2642 2501 2623 2723 0
2418 2498 2622 2487 2501 2638 2722 2623 0
2500 2637 2498 2418 2640 2729 2638 2501 0
2708 2587 2460 2589 2645 2503 2419 2505 0
2589 2460 2567 2698 2505 2419 2484 2620 0
2460 2590 2696 2567 2419 2506 2616 2484 0
2587 2707 2590 2460 2503 2643 2506 2419 0
2645 2503 2419 2505 2732 2644 2504 2646 0
2505 2419 2484 2620 2646 2504 2619 2721 0
2419 2506 2616 2484 2504 2647 2720 2619 0
2503 2643 2506 2419 2644 2731 2647 2504 0
2707 2594 2465 2590 2643 2507 2420 2506 0
2590 2465 2561 2696 2506 2420 2480 2616 0
2465 2595 2695 2561 2420 2509 2614 2480 0
2594 2710 2595 2465 2507 2648 2509 2420 0
2643 2507 2420 2506 2731 2649 2508 2647 0
2506 2420 2480 2616 2647 2508 2615 2720 0
2420 2509 2614 2480 2508 2650 2719 2615 0
2507 2648 2509 2420 2649 2733 2650 2508 0
2732 2644 2504 2646 2653 2510 2421 2512 0
2646 2504 2619 2721 2512 2421 2500 2641 0
2504 2647 2720 2619 2421 2513 2637 2500 0
2644 2731 2647 2504 2510 2651 2513 2421 0
2653 2510 2421 2512 2735 2652 2511 2654 0
2512 2421 2500 2641 2654 2511 2640 2730 0
2421 2513 2637 2500 2511 2655 2729 2640 0
2510 2651 2513 2421 2652 2734 2655 2511 0
2731 2649 2508 2647 2651 2514 2422 2513 0
2647 2508 2615 2720 2513 2422 2496 2637 0
2508 2650 2719 2615 2422 2516 2635 2496 0
2649 2733 2650 2508 2514 2656 2516 2422 0
2651 2514 2422 2513 2734 2657 2515 2655 0
2513 2422 2496 2637 2655 2515 2636 2729 0
2422 2516 2635 2496 2515 2658 2728 2636 0
2514 2656 2516 2422 2657 2736 2658 2515 0
2701 2573 2451 2575 2660 2517 2423 2520 0
2575 2451 2576 2702 2520 2423 2519 2663 0
2451 2544 2687 2576 2423 2474 2607 2519 0
2573 2686 2544 2451 2517 2603 2474 2423 0
2660 2517 2423 2520 2737 2659 2518 2661 0
2520 2423 2519 2663 2661 2518 2662 2738 0
2423 2474 2607 2519 2518 2604 2715 2662 0
2517 2603 2474 2423 2659 2714 2604 2518 0
2704 2580 2456 2582 2665 2521 2424 2523 0
2582 2456 2573 2701 2523 2424 2517 2660 0
2456 2569 2686 2573 2424 2486 2603 2517 0
2580 2698 2569 2456 2521 2620 2486 2424 0
2665 2521 2424 2523 2739 2664 2522 2666 0
2523 2424 2517 2660 2666 2522 2659 2737 0
2424 2486 2603 2517 2522 2621 2714 2659 0
2521 2620 2486 2424 2664 2721 2621 2522 0
2737 2659 2518 2661 2668 2524 2425 2527 0
2661 2518 2662 2738 2527 2425 2526 2671 0
2518 2604 2715 2662 2425 2490 2628 2526 0
2659 2714 2604 2518 2524 2624 2490 2425 0
2668 2524 2425 2527 2740 2667 2525 2669 0
2527 2425 2526 2671 2669 2525 2670 2741 0
2425 2490 2628 2526 2525 2625 2724 2670 0
2524 2624 2490 2425 2667 2723 2625 2525 0
2739 2664 2522 2666 2673 2528 2426 2530 0
2666 2522 2659 2737 2530 2426 2524 2668 0
2522 2621 2714 2659 2426 2502 2624 2524 0
2664 2721 2621 2522 2528 2641 2502 2426 0
2673 2528 2426 2530 2742 2672 2529 2674 0
2530 2426 2524 2668 2674 2529 2667 2740 0
2426 2502 2624 2524 2529 2642 2723 2667 0
2528 2641 2502 2426 2672 2730 2642 2529 0
2712 2598 2469 2600 2676 2531 2427 2533 0
2600 2469 2580 2704 2533 2427 2521 2665 0
2469 2589 2698 2580 2427 2505 2620 2521 0
2598 2708 2589 2469 2531 2645 2505 2427 0
2676 2531 2427 2533 2743 2675 2532 2677 0
2533 2427 2521 2665 2677 2532 2664 2739 0
2427 2505 2620 2521 2532 2646 2721 2664 0
2531 2645 2505 2427 2675 2732 2646 2532 0
2743 2675 2532 2677 2679 2534 2428 2536 0
2677 2532 2664 2739 2536 2428 2528 2673 0
2532 2646 2721 2664 2428 2512 2641 2528 0
2675 2732 2646 2532 2534 2653 2512 2428 0
2679 2534 2428 2536 2744 2678 2535 2680 0
2536 2428 2528 2673 2680 2535 2672 2742 0
2428 2512 2641 2528 2535 2654 2730 2672 0
2534 2653 2512 2428 2678 2735 2654 2535 0
End

